{
    "msg": "Not allowed",
    "timestamp": "2024-04-01 00:46:50"
}{
    "msg": "Not allowed",
    "timestamp": "2024-04-01 00:47:08"
}{
    "0": {
        "Mobile": "3319714796",
        "Name": "RIAZ HUSSAIN",
        "ADDRESS": "UMER KWTRWJHANQADRHRAJN PUR",
        "CNIC": "3240413936407"
    },
    "timestamp": "2024-04-01 01:09:10"
}{
    "0": {
        "Mobile": "3319714796",
        "Name": "RIAZ HUSSAIN",
        "ADDRESS": "UMER KWTRWJHANQADRHRAJN PUR",
        "CNIC": "3240413936407"
    },
    "timestamp": "2024-04-01 01:11:11"
}{
    "0": {
        "Mobile": "3319714796",
        "Name": "RIAZ HUSSAIN",
        "ADDRESS": "UMER KWTRWJHANQADRHRAJN PUR",
        "CNIC": "3240413936407"
    },
    "timestamp": "2024-04-01 01:13:56"
}{
    "0": {
        "Mobile": "3319714796",
        "Name": "RIAZ HUSSAIN",
        "ADDRESS": "UMER KWTRWJHANQADRHRAJN PUR",
        "CNIC": "3240413936407"
    },
    "timestamp": "2024-04-01 01:15:01"
}{
    "0": {
        "Mobile": "3319714796",
        "Name": "RIAZ HUSSAIN",
        "ADDRESS": "UMER KWTRWJHANQADRHRAJN PUR",
        "CNIC": "3240413936407"
    },
    "timestamp": "2024-04-01 01:16:11"
}{
    "0": {
        "Mobile": "3156218574",
        "Name": "DATA NOT RECIEVED FROM NADRA",
        "CNIC": "3240421256443",
        "ADDRESS": "no"
    },
    "timestamp": "2024-04-01 01:16:52"
}{
    "0": {
        "Mobile": "3116528656",
        "Name": "kaleem  ullah",
        "CNIC": "3240333672691",
        "ADDRESS": "no"
    },
    "timestamp": "2024-04-01 01:17:13"
}{
    "0": {
        "Mobile": "3116528656",
        "Name": "kaleem  ullah",
        "CNIC": "3240333672691",
        "ADDRESS": "no"
    },
    "timestamp": "2024-04-01 01:35:22"
}{
    "0": {
        "Mobile": "3319714796",
        "Name": "RIAZ HUSSAIN",
        "ADDRESS": "UMER KWTRWJHANQADRHRAJN PUR",
        "CNIC": "3240413936407"
    },
    "timestamp": "2024-04-01 01:35:37"
}{
    "0": {
        "Mobile": "3034718656",
        "Name": "KALEEM ALLAH .",
        "CNIC": "3240333672691",
        "ADDRESS": "ROJHAAN QADIRA RAJAN PUR  RAJAN PUR"
    },
    "1": {
        "Mobile": "3116528656",
        "Name": "kaleem  ullah",
        "CNIC": "3240333672691",
        "ADDRESS": "no"
    },
    "2": {
        "Mobile": "3036448912",
        "Name": "KALEEM ALLAH",
        "CNIC": "3240333672691",
        "ADDRESS": "ROJHAAN ROJHAAN QADIRA RAJAN PUR"
    },
    "timestamp": "2024-04-01 01:35:53"
}{
    "0": {
        "Mobile": "3073331366",
        "Name": "ALLIED BANK Branches",
        "CNIC": "0",
        "ADDRESS": "MOHALA KAMAL KHAIL  PO COLONY S Mardan"
    },
    "1": {
        "Mobile": "3080255441",
        "Name": "JSK Feeds Limited",
        "CNIC": "0",
        "ADDRESS": "House No.12, Street No.34, F-7\/1, Islamabad Islamabad"
    },
    "2": {
        "Mobile": "3073331366",
        "Name": "ALLIED BANK Branches",
        "CNIC": "0",
        "ADDRESS": "MOHALA KAMAL KHAIL  PO COLONY S Mardan"
    },
    "3": {
        "Mobile": "3080255441",
        "Name": "JSK Feeds Limited",
        "CNIC": "0",
        "ADDRESS": "House No.12, Street No.34, F-7\/1, Islamabad Islamabad"
    },
    "4": {
        "Mobile": "3081274063",
        "Name": "Bykea Technologies-Riders 178966",
        "CNIC": "0",
        "ADDRESS": "14th Floor Chapal Plaza hasrat  Mohani road Karachi"
    },
    "5": {
        "Mobile": "3081272202",
        "Name": "Bykea Technologies-Riders-178963",
        "CNIC": "0",
        "ADDRESS": "14th Floor Chapal Plaza hasrat Mohani road Karachi. Karachi"
    },
    "6": {
        "Mobile": "3081273317",
        "Name": "Bykea Technologies-Riders-178965",
        "CNIC": "0",
        "ADDRESS": "4th Floor Chapal Plaza hasrat  Mohani road Karachi... Karachi"
    },
    "7": {
        "Mobile": "3081274063",
        "Name": "Bykea Technologies-Riders 178966",
        "CNIC": "0",
        "ADDRESS": "14th Floor Chapal Plaza hasrat  Mohani road Karachi"
    },
    "8": {
        "Mobile": "3081272202",
        "Name": "Bykea Technologies-Riders-178963",
        "CNIC": "0",
        "ADDRESS": "14th Floor Chapal Plaza hasrat Mohani road Karachi. Karachi"
    },
    "9": {
        "Mobile": "3081273317",
        "Name": "Bykea Technologies-Riders-178965",
        "CNIC": "0",
        "ADDRESS": "4th Floor Chapal Plaza hasrat  Mohani road Karachi... Karachi"
    },
    "10": {
        "Mobile": "2134810180",
        "Name": "SYED AHMED ZEESHAN JAFRI",
        "ADDRESS": "A\/2 PLOT-14 FL-4 G\/FLOOR, BLOCK-5, GULSHAN-E-IQBAL KARACHI, NOT IN ID FILE",
        "CNIC": "0"
    },
    "11": {
        "Mobile": "2134810180",
        "Name": "SYED AHMED ZEESHAN JAFRI",
        "ADDRESS": "A\/2 PLOT-14 FL-4 G\/FLOOR, BLOCK-5, GULSHAN-E-IQBAL KARACHI, NOT IN ID FILE",
        "CNIC": "0"
    },
    "12": {
        "Mobile": "3334354116",
        "Name": "SHAHID BASHIR BUTT",
        "ADDRESS": "",
        "CNIC": ""
    },
    "13": {
        "Mobile": "3332141824",
        "Name": "PREM CHAND",
        "ADDRESS": "",
        "CNIC": ""
    },
    "14": {
        "Mobile": "3339625227",
        "Name": "TAJ MOHAMMAD",
        "ADDRESS": "VILLA GE SANIBUNHAT",
        "CNIC": ""
    },
    "15": {
        "Mobile": "3332273381",
        "Name": "MAJEED SHARF",
        "ADDRESS": "",
        "CNIC": ""
    },
    "16": {
        "Mobile": "3339161307",
        "Name": "ILYAS KHAN",
        "ADDRESS": "MUZOW P\/O TARANGZAI",
        "CNIC": ""
    },
    "17": {
        "Mobile": "3332186785",
        "Name": "MUHAMMAD SHAKIL",
        "ADDRESS": "",
        "CNIC": ""
    },
    "18": {
        "Mobile": "3339625743",
        "Name": "SAJEED GUL",
        "ADDRESS": "CADET COOLLGEPINDI ROAD",
        "CNIC": ""
    },
    "timestamp": "2024-04-01 01:36:18"
}{
    "0": {
        "Mobile": "3073331366",
        "Name": "ALLIED BANK Branches",
        "CNIC": "0",
        "ADDRESS": "MOHALA KAMAL KHAIL  PO COLONY S Mardan"
    },
    "1": {
        "Mobile": "3080255441",
        "Name": "JSK Feeds Limited",
        "CNIC": "0",
        "ADDRESS": "House No.12, Street No.34, F-7\/1, Islamabad Islamabad"
    },
    "2": {
        "Mobile": "3073331366",
        "Name": "ALLIED BANK Branches",
        "CNIC": "0",
        "ADDRESS": "MOHALA KAMAL KHAIL  PO COLONY S Mardan"
    },
    "3": {
        "Mobile": "3080255441",
        "Name": "JSK Feeds Limited",
        "CNIC": "0",
        "ADDRESS": "House No.12, Street No.34, F-7\/1, Islamabad Islamabad"
    },
    "4": {
        "Mobile": "3081274063",
        "Name": "Bykea Technologies-Riders 178966",
        "CNIC": "0",
        "ADDRESS": "14th Floor Chapal Plaza hasrat  Mohani road Karachi"
    },
    "5": {
        "Mobile": "3081272202",
        "Name": "Bykea Technologies-Riders-178963",
        "CNIC": "0",
        "ADDRESS": "14th Floor Chapal Plaza hasrat Mohani road Karachi. Karachi"
    },
    "6": {
        "Mobile": "3081273317",
        "Name": "Bykea Technologies-Riders-178965",
        "CNIC": "0",
        "ADDRESS": "4th Floor Chapal Plaza hasrat  Mohani road Karachi... Karachi"
    },
    "7": {
        "Mobile": "3081274063",
        "Name": "Bykea Technologies-Riders 178966",
        "CNIC": "0",
        "ADDRESS": "14th Floor Chapal Plaza hasrat  Mohani road Karachi"
    },
    "8": {
        "Mobile": "3081272202",
        "Name": "Bykea Technologies-Riders-178963",
        "CNIC": "0",
        "ADDRESS": "14th Floor Chapal Plaza hasrat Mohani road Karachi. Karachi"
    },
    "9": {
        "Mobile": "3081273317",
        "Name": "Bykea Technologies-Riders-178965",
        "CNIC": "0",
        "ADDRESS": "4th Floor Chapal Plaza hasrat  Mohani road Karachi... Karachi"
    },
    "10": {
        "Mobile": "2134810180",
        "Name": "SYED AHMED ZEESHAN JAFRI",
        "ADDRESS": "A\/2 PLOT-14 FL-4 G\/FLOOR, BLOCK-5, GULSHAN-E-IQBAL KARACHI, NOT IN ID FILE",
        "CNIC": "0"
    },
    "11": {
        "Mobile": "2134810180",
        "Name": "SYED AHMED ZEESHAN JAFRI",
        "ADDRESS": "A\/2 PLOT-14 FL-4 G\/FLOOR, BLOCK-5, GULSHAN-E-IQBAL KARACHI, NOT IN ID FILE",
        "CNIC": "0"
    },
    "12": {
        "Mobile": "3334354116",
        "Name": "SHAHID BASHIR BUTT",
        "ADDRESS": "",
        "CNIC": ""
    },
    "13": {
        "Mobile": "3332141824",
        "Name": "PREM CHAND",
        "ADDRESS": "",
        "CNIC": ""
    },
    "14": {
        "Mobile": "3339625227",
        "Name": "TAJ MOHAMMAD",
        "ADDRESS": "VILLA GE SANIBUNHAT",
        "CNIC": ""
    },
    "15": {
        "Mobile": "3332273381",
        "Name": "MAJEED SHARF",
        "ADDRESS": "",
        "CNIC": ""
    },
    "16": {
        "Mobile": "3339161307",
        "Name": "ILYAS KHAN",
        "ADDRESS": "MUZOW P\/O TARANGZAI",
        "CNIC": ""
    },
    "17": {
        "Mobile": "3332186785",
        "Name": "MUHAMMAD SHAKIL",
        "ADDRESS": "",
        "CNIC": ""
    },
    "18": {
        "Mobile": "3339625743",
        "Name": "SAJEED GUL",
        "ADDRESS": "CADET COOLLGEPINDI ROAD",
        "CNIC": ""
    },
    "timestamp": "2024-04-01 01:36:23"
}{
    "0": {
        "Mobile": "3073331366",
        "Name": "ALLIED BANK Branches",
        "CNIC": "0",
        "ADDRESS": "MOHALA KAMAL KHAIL  PO COLONY S Mardan"
    },
    "1": {
        "Mobile": "3080255441",
        "Name": "JSK Feeds Limited",
        "CNIC": "0",
        "ADDRESS": "House No.12, Street No.34, F-7\/1, Islamabad Islamabad"
    },
    "2": {
        "Mobile": "3073331366",
        "Name": "ALLIED BANK Branches",
        "CNIC": "0",
        "ADDRESS": "MOHALA KAMAL KHAIL  PO COLONY S Mardan"
    },
    "3": {
        "Mobile": "3080255441",
        "Name": "JSK Feeds Limited",
        "CNIC": "0",
        "ADDRESS": "House No.12, Street No.34, F-7\/1, Islamabad Islamabad"
    },
    "4": {
        "Mobile": "3081274063",
        "Name": "Bykea Technologies-Riders 178966",
        "CNIC": "0",
        "ADDRESS": "14th Floor Chapal Plaza hasrat  Mohani road Karachi"
    },
    "5": {
        "Mobile": "3081272202",
        "Name": "Bykea Technologies-Riders-178963",
        "CNIC": "0",
        "ADDRESS": "14th Floor Chapal Plaza hasrat Mohani road Karachi. Karachi"
    },
    "6": {
        "Mobile": "3081273317",
        "Name": "Bykea Technologies-Riders-178965",
        "CNIC": "0",
        "ADDRESS": "4th Floor Chapal Plaza hasrat  Mohani road Karachi... Karachi"
    },
    "7": {
        "Mobile": "3081274063",
        "Name": "Bykea Technologies-Riders 178966",
        "CNIC": "0",
        "ADDRESS": "14th Floor Chapal Plaza hasrat  Mohani road Karachi"
    },
    "8": {
        "Mobile": "3081272202",
        "Name": "Bykea Technologies-Riders-178963",
        "CNIC": "0",
        "ADDRESS": "14th Floor Chapal Plaza hasrat Mohani road Karachi. Karachi"
    },
    "9": {
        "Mobile": "3081273317",
        "Name": "Bykea Technologies-Riders-178965",
        "CNIC": "0",
        "ADDRESS": "4th Floor Chapal Plaza hasrat  Mohani road Karachi... Karachi"
    },
    "10": {
        "Mobile": "2134810180",
        "Name": "SYED AHMED ZEESHAN JAFRI",
        "ADDRESS": "A\/2 PLOT-14 FL-4 G\/FLOOR, BLOCK-5, GULSHAN-E-IQBAL KARACHI, NOT IN ID FILE",
        "CNIC": "0"
    },
    "11": {
        "Mobile": "2134810180",
        "Name": "SYED AHMED ZEESHAN JAFRI",
        "ADDRESS": "A\/2 PLOT-14 FL-4 G\/FLOOR, BLOCK-5, GULSHAN-E-IQBAL KARACHI, NOT IN ID FILE",
        "CNIC": "0"
    },
    "12": {
        "Mobile": "3334354116",
        "Name": "SHAHID BASHIR BUTT",
        "ADDRESS": "",
        "CNIC": ""
    },
    "13": {
        "Mobile": "3332141824",
        "Name": "PREM CHAND",
        "ADDRESS": "",
        "CNIC": ""
    },
    "14": {
        "Mobile": "3339625227",
        "Name": "TAJ MOHAMMAD",
        "ADDRESS": "VILLA GE SANIBUNHAT",
        "CNIC": ""
    },
    "15": {
        "Mobile": "3332273381",
        "Name": "MAJEED SHARF",
        "ADDRESS": "",
        "CNIC": ""
    },
    "16": {
        "Mobile": "3339161307",
        "Name": "ILYAS KHAN",
        "ADDRESS": "MUZOW P\/O TARANGZAI",
        "CNIC": ""
    },
    "17": {
        "Mobile": "3332186785",
        "Name": "MUHAMMAD SHAKIL",
        "ADDRESS": "",
        "CNIC": ""
    },
    "18": {
        "Mobile": "3339625743",
        "Name": "SAJEED GUL",
        "ADDRESS": "CADET COOLLGEPINDI ROAD",
        "CNIC": ""
    },
    "timestamp": "2024-04-01 01:37:01"
}{
    "0": {
        "Mobile": "3073331366",
        "Name": "ALLIED BANK Branches",
        "CNIC": "0",
        "ADDRESS": "MOHALA KAMAL KHAIL  PO COLONY S Mardan"
    },
    "1": {
        "Mobile": "3080255441",
        "Name": "JSK Feeds Limited",
        "CNIC": "0",
        "ADDRESS": "House No.12, Street No.34, F-7\/1, Islamabad Islamabad"
    },
    "2": {
        "Mobile": "3073331366",
        "Name": "ALLIED BANK Branches",
        "CNIC": "0",
        "ADDRESS": "MOHALA KAMAL KHAIL  PO COLONY S Mardan"
    },
    "3": {
        "Mobile": "3080255441",
        "Name": "JSK Feeds Limited",
        "CNIC": "0",
        "ADDRESS": "House No.12, Street No.34, F-7\/1, Islamabad Islamabad"
    },
    "4": {
        "Mobile": "3081274063",
        "Name": "Bykea Technologies-Riders 178966",
        "CNIC": "0",
        "ADDRESS": "14th Floor Chapal Plaza hasrat  Mohani road Karachi"
    },
    "5": {
        "Mobile": "3081272202",
        "Name": "Bykea Technologies-Riders-178963",
        "CNIC": "0",
        "ADDRESS": "14th Floor Chapal Plaza hasrat Mohani road Karachi. Karachi"
    },
    "6": {
        "Mobile": "3081273317",
        "Name": "Bykea Technologies-Riders-178965",
        "CNIC": "0",
        "ADDRESS": "4th Floor Chapal Plaza hasrat  Mohani road Karachi... Karachi"
    },
    "7": {
        "Mobile": "3081274063",
        "Name": "Bykea Technologies-Riders 178966",
        "CNIC": "0",
        "ADDRESS": "14th Floor Chapal Plaza hasrat  Mohani road Karachi"
    },
    "8": {
        "Mobile": "3081272202",
        "Name": "Bykea Technologies-Riders-178963",
        "CNIC": "0",
        "ADDRESS": "14th Floor Chapal Plaza hasrat Mohani road Karachi. Karachi"
    },
    "9": {
        "Mobile": "3081273317",
        "Name": "Bykea Technologies-Riders-178965",
        "CNIC": "0",
        "ADDRESS": "4th Floor Chapal Plaza hasrat  Mohani road Karachi... Karachi"
    },
    "10": {
        "Mobile": "2134810180",
        "Name": "SYED AHMED ZEESHAN JAFRI",
        "ADDRESS": "A\/2 PLOT-14 FL-4 G\/FLOOR, BLOCK-5, GULSHAN-E-IQBAL KARACHI, NOT IN ID FILE",
        "CNIC": "0"
    },
    "11": {
        "Mobile": "2134810180",
        "Name": "SYED AHMED ZEESHAN JAFRI",
        "ADDRESS": "A\/2 PLOT-14 FL-4 G\/FLOOR, BLOCK-5, GULSHAN-E-IQBAL KARACHI, NOT IN ID FILE",
        "CNIC": "0"
    },
    "12": {
        "Mobile": "3334354116",
        "Name": "SHAHID BASHIR BUTT",
        "ADDRESS": "",
        "CNIC": ""
    },
    "13": {
        "Mobile": "3332141824",
        "Name": "PREM CHAND",
        "ADDRESS": "",
        "CNIC": ""
    },
    "14": {
        "Mobile": "3339625227",
        "Name": "TAJ MOHAMMAD",
        "ADDRESS": "VILLA GE SANIBUNHAT",
        "CNIC": ""
    },
    "15": {
        "Mobile": "3332273381",
        "Name": "MAJEED SHARF",
        "ADDRESS": "",
        "CNIC": ""
    },
    "16": {
        "Mobile": "3339161307",
        "Name": "ILYAS KHAN",
        "ADDRESS": "MUZOW P\/O TARANGZAI",
        "CNIC": ""
    },
    "17": {
        "Mobile": "3332186785",
        "Name": "MUHAMMAD SHAKIL",
        "ADDRESS": "",
        "CNIC": ""
    },
    "18": {
        "Mobile": "3339625743",
        "Name": "SAJEED GUL",
        "ADDRESS": "CADET COOLLGEPINDI ROAD",
        "CNIC": ""
    },
    "timestamp": "2024-04-01 01:37:04"
}{
    "0": {
        "Mobile": "3073331366",
        "Name": "ALLIED BANK Branches",
        "CNIC": "0",
        "ADDRESS": "MOHALA KAMAL KHAIL  PO COLONY S Mardan"
    },
    "1": {
        "Mobile": "3080255441",
        "Name": "JSK Feeds Limited",
        "CNIC": "0",
        "ADDRESS": "House No.12, Street No.34, F-7\/1, Islamabad Islamabad"
    },
    "2": {
        "Mobile": "3073331366",
        "Name": "ALLIED BANK Branches",
        "CNIC": "0",
        "ADDRESS": "MOHALA KAMAL KHAIL  PO COLONY S Mardan"
    },
    "3": {
        "Mobile": "3080255441",
        "Name": "JSK Feeds Limited",
        "CNIC": "0",
        "ADDRESS": "House No.12, Street No.34, F-7\/1, Islamabad Islamabad"
    },
    "4": {
        "Mobile": "3081274063",
        "Name": "Bykea Technologies-Riders 178966",
        "CNIC": "0",
        "ADDRESS": "14th Floor Chapal Plaza hasrat  Mohani road Karachi"
    },
    "5": {
        "Mobile": "3081272202",
        "Name": "Bykea Technologies-Riders-178963",
        "CNIC": "0",
        "ADDRESS": "14th Floor Chapal Plaza hasrat Mohani road Karachi. Karachi"
    },
    "6": {
        "Mobile": "3081273317",
        "Name": "Bykea Technologies-Riders-178965",
        "CNIC": "0",
        "ADDRESS": "4th Floor Chapal Plaza hasrat  Mohani road Karachi... Karachi"
    },
    "7": {
        "Mobile": "3081274063",
        "Name": "Bykea Technologies-Riders 178966",
        "CNIC": "0",
        "ADDRESS": "14th Floor Chapal Plaza hasrat  Mohani road Karachi"
    },
    "8": {
        "Mobile": "3081272202",
        "Name": "Bykea Technologies-Riders-178963",
        "CNIC": "0",
        "ADDRESS": "14th Floor Chapal Plaza hasrat Mohani road Karachi. Karachi"
    },
    "9": {
        "Mobile": "3081273317",
        "Name": "Bykea Technologies-Riders-178965",
        "CNIC": "0",
        "ADDRESS": "4th Floor Chapal Plaza hasrat  Mohani road Karachi... Karachi"
    },
    "10": {
        "Mobile": "2134810180",
        "Name": "SYED AHMED ZEESHAN JAFRI",
        "ADDRESS": "A\/2 PLOT-14 FL-4 G\/FLOOR, BLOCK-5, GULSHAN-E-IQBAL KARACHI, NOT IN ID FILE",
        "CNIC": "0"
    },
    "11": {
        "Mobile": "2134810180",
        "Name": "SYED AHMED ZEESHAN JAFRI",
        "ADDRESS": "A\/2 PLOT-14 FL-4 G\/FLOOR, BLOCK-5, GULSHAN-E-IQBAL KARACHI, NOT IN ID FILE",
        "CNIC": "0"
    },
    "12": {
        "Mobile": "3334354116",
        "Name": "SHAHID BASHIR BUTT",
        "ADDRESS": "",
        "CNIC": ""
    },
    "13": {
        "Mobile": "3332141824",
        "Name": "PREM CHAND",
        "ADDRESS": "",
        "CNIC": ""
    },
    "14": {
        "Mobile": "3339625227",
        "Name": "TAJ MOHAMMAD",
        "ADDRESS": "VILLA GE SANIBUNHAT",
        "CNIC": ""
    },
    "15": {
        "Mobile": "3332273381",
        "Name": "MAJEED SHARF",
        "ADDRESS": "",
        "CNIC": ""
    },
    "16": {
        "Mobile": "3339161307",
        "Name": "ILYAS KHAN",
        "ADDRESS": "MUZOW P\/O TARANGZAI",
        "CNIC": ""
    },
    "17": {
        "Mobile": "3332186785",
        "Name": "MUHAMMAD SHAKIL",
        "ADDRESS": "",
        "CNIC": ""
    },
    "18": {
        "Mobile": "3339625743",
        "Name": "SAJEED GUL",
        "ADDRESS": "CADET COOLLGEPINDI ROAD",
        "CNIC": ""
    },
    "timestamp": "2024-04-01 01:37:10"
}{
    "0": {
        "Mobile": "3073331366",
        "Name": "ALLIED BANK Branches",
        "CNIC": "0",
        "ADDRESS": "MOHALA KAMAL KHAIL  PO COLONY S Mardan"
    },
    "1": {
        "Mobile": "3080255441",
        "Name": "JSK Feeds Limited",
        "CNIC": "0",
        "ADDRESS": "House No.12, Street No.34, F-7\/1, Islamabad Islamabad"
    },
    "2": {
        "Mobile": "3073331366",
        "Name": "ALLIED BANK Branches",
        "CNIC": "0",
        "ADDRESS": "MOHALA KAMAL KHAIL  PO COLONY S Mardan"
    },
    "3": {
        "Mobile": "3080255441",
        "Name": "JSK Feeds Limited",
        "CNIC": "0",
        "ADDRESS": "House No.12, Street No.34, F-7\/1, Islamabad Islamabad"
    },
    "4": {
        "Mobile": "3081274063",
        "Name": "Bykea Technologies-Riders 178966",
        "CNIC": "0",
        "ADDRESS": "14th Floor Chapal Plaza hasrat  Mohani road Karachi"
    },
    "5": {
        "Mobile": "3081272202",
        "Name": "Bykea Technologies-Riders-178963",
        "CNIC": "0",
        "ADDRESS": "14th Floor Chapal Plaza hasrat Mohani road Karachi. Karachi"
    },
    "6": {
        "Mobile": "3081273317",
        "Name": "Bykea Technologies-Riders-178965",
        "CNIC": "0",
        "ADDRESS": "4th Floor Chapal Plaza hasrat  Mohani road Karachi... Karachi"
    },
    "7": {
        "Mobile": "3081274063",
        "Name": "Bykea Technologies-Riders 178966",
        "CNIC": "0",
        "ADDRESS": "14th Floor Chapal Plaza hasrat  Mohani road Karachi"
    },
    "8": {
        "Mobile": "3081272202",
        "Name": "Bykea Technologies-Riders-178963",
        "CNIC": "0",
        "ADDRESS": "14th Floor Chapal Plaza hasrat Mohani road Karachi. Karachi"
    },
    "9": {
        "Mobile": "3081273317",
        "Name": "Bykea Technologies-Riders-178965",
        "CNIC": "0",
        "ADDRESS": "4th Floor Chapal Plaza hasrat  Mohani road Karachi... Karachi"
    },
    "10": {
        "Mobile": "2134810180",
        "Name": "SYED AHMED ZEESHAN JAFRI",
        "ADDRESS": "A\/2 PLOT-14 FL-4 G\/FLOOR, BLOCK-5, GULSHAN-E-IQBAL KARACHI, NOT IN ID FILE",
        "CNIC": "0"
    },
    "11": {
        "Mobile": "2134810180",
        "Name": "SYED AHMED ZEESHAN JAFRI",
        "ADDRESS": "A\/2 PLOT-14 FL-4 G\/FLOOR, BLOCK-5, GULSHAN-E-IQBAL KARACHI, NOT IN ID FILE",
        "CNIC": "0"
    },
    "12": {
        "Mobile": "3334354116",
        "Name": "SHAHID BASHIR BUTT",
        "ADDRESS": "",
        "CNIC": ""
    },
    "13": {
        "Mobile": "3332141824",
        "Name": "PREM CHAND",
        "ADDRESS": "",
        "CNIC": ""
    },
    "14": {
        "Mobile": "3339625227",
        "Name": "TAJ MOHAMMAD",
        "ADDRESS": "VILLA GE SANIBUNHAT",
        "CNIC": ""
    },
    "15": {
        "Mobile": "3332273381",
        "Name": "MAJEED SHARF",
        "ADDRESS": "",
        "CNIC": ""
    },
    "16": {
        "Mobile": "3339161307",
        "Name": "ILYAS KHAN",
        "ADDRESS": "MUZOW P\/O TARANGZAI",
        "CNIC": ""
    },
    "17": {
        "Mobile": "3332186785",
        "Name": "MUHAMMAD SHAKIL",
        "ADDRESS": "",
        "CNIC": ""
    },
    "18": {
        "Mobile": "3339625743",
        "Name": "SAJEED GUL",
        "ADDRESS": "CADET COOLLGEPINDI ROAD",
        "CNIC": ""
    },
    "timestamp": "2024-04-01 01:39:00"
}{
    "0": {
        "Mobile": "3319714796",
        "Name": "RIAZ HUSSAIN",
        "ADDRESS": "UMER KWTRWJHANQADRHRAJN PUR",
        "CNIC": "3240413936407"
    },
    "timestamp": "2024-04-01 01:40:19"
}{
    "msg": "Not allowed",
    "timestamp": "2024-04-01 01:54:53"
}{
    "0": {
        "Mobile": "3034718656",
        "Name": "KALEEM ALLAH .",
        "CNIC": "3240333672691",
        "ADDRESS": "ROJHAAN QADIRA RAJAN PUR  RAJAN PUR"
    },
    "timestamp": "2024-04-01 01:57:13"
}{
    "0": {
        "Mobile": "3034718656",
        "Name": "KALEEM ALLAH .",
        "CNIC": "3240333672691",
        "ADDRESS": "ROJHAAN QADIRA RAJAN PUR  RAJAN PUR"
    },
    "timestamp": "2024-04-01 01:57:40"
}{
    "msg": "Not allowed",
    "timestamp": "2024-04-01 01:57:56"
}{
    "0": {
        "Mobile": "3034748656",
        "Name": "MUHAMMAD ASLAM .",
        "CNIC": "3420103426183",
        "ADDRESS": "STREET \/ MOHALA NAI ABADI GORALI TEHSIL L \/ DISTRICT GUJRAT GUJRAT G.P.O."
    },
    "timestamp": "2024-04-01 02:00:36"
}{
    "timestamp": "2024-04-01 02:04:18"
}{
    "0": {
        "Mobile": "3034718656",
        "Name": "KALEEM ALLAH .",
        "CNIC": "3240333672691",
        "ADDRESS": "ROJHAAN QADIRA RAJAN PUR  RAJAN PUR"
    },
    "timestamp": "2024-04-01 02:05:01"
}{
    "0": {
        "Mobile": "3073331366",
        "Name": "ALLIED BANK Branches",
        "CNIC": "0",
        "ADDRESS": "MOHALA KAMAL KHAIL  PO COLONY S Mardan"
    },
    "1": {
        "Mobile": "3080255441",
        "Name": "JSK Feeds Limited",
        "CNIC": "0",
        "ADDRESS": "House No.12, Street No.34, F-7\/1, Islamabad Islamabad"
    },
    "2": {
        "Mobile": "3073331366",
        "Name": "ALLIED BANK Branches",
        "CNIC": "0",
        "ADDRESS": "MOHALA KAMAL KHAIL  PO COLONY S Mardan"
    },
    "3": {
        "Mobile": "3080255441",
        "Name": "JSK Feeds Limited",
        "CNIC": "0",
        "ADDRESS": "House No.12, Street No.34, F-7\/1, Islamabad Islamabad"
    },
    "4": {
        "Mobile": "3081274063",
        "Name": "Bykea Technologies-Riders 178966",
        "CNIC": "0",
        "ADDRESS": "14th Floor Chapal Plaza hasrat  Mohani road Karachi"
    },
    "5": {
        "Mobile": "3081272202",
        "Name": "Bykea Technologies-Riders-178963",
        "CNIC": "0",
        "ADDRESS": "14th Floor Chapal Plaza hasrat Mohani road Karachi. Karachi"
    },
    "6": {
        "Mobile": "3081273317",
        "Name": "Bykea Technologies-Riders-178965",
        "CNIC": "0",
        "ADDRESS": "4th Floor Chapal Plaza hasrat  Mohani road Karachi... Karachi"
    },
    "7": {
        "Mobile": "3081274063",
        "Name": "Bykea Technologies-Riders 178966",
        "CNIC": "0",
        "ADDRESS": "14th Floor Chapal Plaza hasrat  Mohani road Karachi"
    },
    "8": {
        "Mobile": "3081272202",
        "Name": "Bykea Technologies-Riders-178963",
        "CNIC": "0",
        "ADDRESS": "14th Floor Chapal Plaza hasrat Mohani road Karachi. Karachi"
    },
    "9": {
        "Mobile": "3081273317",
        "Name": "Bykea Technologies-Riders-178965",
        "CNIC": "0",
        "ADDRESS": "4th Floor Chapal Plaza hasrat  Mohani road Karachi... Karachi"
    },
    "10": {
        "Mobile": "2134810180",
        "Name": "SYED AHMED ZEESHAN JAFRI",
        "ADDRESS": "A\/2 PLOT-14 FL-4 G\/FLOOR, BLOCK-5, GULSHAN-E-IQBAL KARACHI, NOT IN ID FILE",
        "CNIC": "0"
    },
    "11": {
        "Mobile": "2134810180",
        "Name": "SYED AHMED ZEESHAN JAFRI",
        "ADDRESS": "A\/2 PLOT-14 FL-4 G\/FLOOR, BLOCK-5, GULSHAN-E-IQBAL KARACHI, NOT IN ID FILE",
        "CNIC": "0"
    },
    "12": {
        "Mobile": "3334354116",
        "Name": "SHAHID BASHIR BUTT",
        "ADDRESS": "",
        "CNIC": ""
    },
    "13": {
        "Mobile": "3332141824",
        "Name": "PREM CHAND",
        "ADDRESS": "",
        "CNIC": ""
    },
    "14": {
        "Mobile": "3339625227",
        "Name": "TAJ MOHAMMAD",
        "ADDRESS": "VILLA GE SANIBUNHAT",
        "CNIC": ""
    },
    "15": {
        "Mobile": "3332273381",
        "Name": "MAJEED SHARF",
        "ADDRESS": "",
        "CNIC": ""
    },
    "16": {
        "Mobile": "3339161307",
        "Name": "ILYAS KHAN",
        "ADDRESS": "MUZOW P\/O TARANGZAI",
        "CNIC": ""
    },
    "17": {
        "Mobile": "3332186785",
        "Name": "MUHAMMAD SHAKIL",
        "ADDRESS": "",
        "CNIC": ""
    },
    "18": {
        "Mobile": "3339625743",
        "Name": "SAJEED GUL",
        "ADDRESS": "CADET COOLLGEPINDI ROAD",
        "CNIC": ""
    },
    "timestamp": "2024-04-01 02:09:54"
}