{
    "status": 100,
    "data": [
        {
            "mobile": "3156011017",
            "name": "muhammad  shakir",
            "cnic": "3210403721827",
            "address": "CHAH JOGI WALA DAAK KHANA CHOTI ZEREEN CHAK BAKHAR"
        }
    ],
    "timestamp": "2024-02-02 02:12:16"
}{
    "status": 100,
    "data": [
        {
            "mobile": "3377561559",
            "name": "muhammad shakir",
            "cnic": "3210403721827",
            "address": ", chah jogi wala City CHAK BAK"
        },
        {
            "mobile": "3176215919",
            "name": "muhammad  shakir",
            "cnic": "3210403721827",
            "address": null
        },
        {
            "mobile": "3156011017",
            "name": "muhammad  shakir",
            "cnic": "3210403721827",
            "address": "CHAH JOGI WALA DAAK KHANA CHOTI ZEREEN CHAK BAKHAR"
        },
        {
            "mobile": "3497323344",
            "name": "MUHAMMAD SHAKIR",
            "cnic": "3210403721827",
            "address": "CHAH JOGI WALA DAAK KHANA CHOTI ZEREEN CHAK BAKHAR"
        },
        {
            "mobile": "3317007027",
            "name": "muhammad shakir",
            "cnic": "3210403721827",
            "address": ", chah jogi wala City CHAK BAK"
        },
        {
            "mobile": "3377559511",
            "name": "muhammad shakir",
            "cnic": "3210403721827",
            "address": null
        }
    ],
    "timestamp": "2024-02-02 02:12:30"
}{
    "status": 100,
    "message": "No record Found",
    "timestamp": "2024-02-02 02:14:58"
}{
    "status": 100,
    "data": [
        {
            "mobile": "3081474924",
            "name": "MUHAMMAD IMTIAZ .",
            "cnic": "3630377327289",
            "address": "DAAK KHANA KHAS CHAK NUMBER 5 F TEHSIL MULTAN SADAR DISTRICT MULTAN G.P.O."
        }
    ],
    "timestamp": "2024-02-02 03:53:28"
}{
    "status": 100,
    "data": [
        {
            "mobile": "3077334619",
            "name": "MUHAMMAD IJAZ .",
            "cnic": "3630364686207",
            "address": null
        }
    ],
    "timestamp": "2024-02-02 03:54:02"
}{
    "status": 100,
    "data": [
        {
            "mobile": "3008338218",
            "name": "ABID HUSSAIN",
            "cnic": "8210232270945",
            "address": "CHAMAN KOT DHER KOT CHAMYATI B AGH Lahore"
        }
    ],
    "timestamp": "2024-02-02 04:09:56"
}{
    "status": 100,
    "data": [
        {
            "mobile": "3459191445",
            "name": "SYAB ALI",
            "cnic": "1530277398287",
            "address": "DAAK KHANA NASAFA TALASH KAMANGRAH TEHSIL TEMARGAR"
        },
        {
            "mobile": "3459191445",
            "name": null,
            "cnic": "1560203299309",
            "address": null
        }
    ],
    "timestamp": "2024-02-02 04:14:33"
}{
    "status": 100,
    "data": [
        {
            "mobile": "3414673155",
            "name": "GHULAM QASIM",
            "cnic": "3320211823491",
            "address": "HAVELI LAL JHANG BAGHARHI JHANG"
        },
        {
            "mobile": "3406612703",
            "name": null,
            "cnic": "3320211823491",
            "address": null
        },
        {
            "mobile": "3497645723",
            "name": "GHULAM QASIM",
            "cnic": "3320211823491",
            "address": "HAVELI LAL JHANG BAGHARHI JHANG"
        },
        {
            "mobile": "3430297759",
            "name": "GHULAM QASIM",
            "cnic": "3320211823491",
            "address": "HAVELI LAL JHANG BAGHARHI JHANG"
        },
        {
            "mobile": "3489439493",
            "name": null,
            "cnic": "3320211823491",
            "address": null
        }
    ],
    "timestamp": "2024-02-02 04:30:03"
}{
    "status": 100,
    "data": [
        {
            "mobile": "3059641510",
            "name": "HIDAYAT ULLAH .",
            "cnic": "1530421067237",
            "address": null
        }
    ],
    "timestamp": "2024-02-02 04:38:12"
}{
    "status": 100,
    "data": [
        {
            "mobile": "3466451700",
            "name": null,
            "cnic": "1610283645004",
            "address": null
        },
        {
            "mobile": "3466451700",
            "name": "MUHAMMAD KAUSAR",
            "cnic": "3440319224467",
            "address": "KOT SHER MUHAMMAD PHALIA JUJA OR MANDI BAHAUDDIN"
        }
    ],
    "timestamp": "2024-02-02 04:38:50"
}{
    "status": 100,
    "data": [
        {
            "mobile": "3466451700",
            "name": null,
            "cnic": "1610283645004",
            "address": null
        },
        {
            "mobile": "3466451700",
            "name": "MUHAMMAD KAUSAR",
            "cnic": "3440319224467",
            "address": "KOT SHER MUHAMMAD PHALIA JUJA OR MANDI BAHAUDDIN"
        }
    ],
    "timestamp": "2024-02-02 04:45:05"
}{
    "status": 100,
    "message": "No record Found",
    "timestamp": "2024-02-02 04:45:44"
}{
    "status": 100,
    "message": "No record Found",
    "timestamp": "2024-02-02 04:46:22"
}{
    "status": 100,
    "data": [
        {
            "mobile": "3439192096",
            "name": "MUHAMMAD IDREES",
            "cnic": "1530338903623",
            "address": "MOHALA LAKHTI GHARHA MIYAAR TEHSIL SAMAR BAGH DIST"
        }
    ],
    "timestamp": "2024-02-02 04:46:30"
}{
    "status": 100,
    "data": [
        {
            "mobile": "3036448912",
            "name": "KALEEM ALLAH",
            "cnic": "3240333672691",
            "address": "ROJHAAN ROJHAAN QADIRA RAJAN PUR"
        }
    ],
    "timestamp": "2024-02-02 05:10:27"
}{
    "status": 100,
    "data": [
        {
            "mobile": "3036448912",
            "name": "KALEEM ALLAH",
            "cnic": "3240333672691",
            "address": "ROJHAAN ROJHAAN QADIRA RAJAN PUR"
        }
    ],
    "timestamp": "2024-02-02 05:11:11"
}{
    "status": 100,
    "message": "No record Found",
    "timestamp": "2024-02-02 05:32:00"
}{
    "status": 100,
    "data": [
        {
            "mobile": "3009698560",
            "name": "TARIQ MEHMOOD",
            "cnic": "3650141768929",
            "address": "ALI TOWN CHAK # 22\/11-L NEAR PTCL EXCHANGE CHICHAWATNI Chichawatani"
        }
    ],
    "timestamp": "2024-02-02 05:32:14"
}{
    "status": 100,
    "message": "No record Found",
    "timestamp": "2024-02-02 05:37:31"
}{
    "status": 100,
    "message": "No record Found",
    "timestamp": "2024-02-02 05:37:53"
}{
    "status": 100,
    "message": "No record Found",
    "timestamp": "2024-02-02 05:38:17"
}{
    "status": 100,
    "data": [
        {
            "mobile": "3111990837",
            "name": "DATA NOT RECIEVED FROM NADRA",
            "cnic": "1210390996001",
            "address": null
        },
        {
            "mobile": "3146951437",
            "name": "DATA NOT RECIEVED FROM NADRA",
            "cnic": "1210390996001",
            "address": null
        },
        {
            "mobile": "3461736582",
            "name": "MUHAMMAD SAFDAR",
            "cnic": "1210390996001",
            "address": "1 KOT JAI PAHARRPUR SEDU WALI DERA ISMAIL KHAN"
        },
        {
            "mobile": "3476267682",
            "name": null,
            "cnic": "1210390996001",
            "address": null
        },
        {
            "mobile": "3111988789",
            "name": "DATA NOT RECIEVED FROM NADRA",
            "cnic": "1210390996001",
            "address": null
        }
    ],
    "timestamp": "2024-02-02 05:44:19"
}{
    "status": 100,
    "data": [
        {
            "mobile": "3111988789",
            "name": "DATA NOT RECIEVED FROM NADRA",
            "cnic": "1210390996001",
            "address": null
        }
    ],
    "timestamp": "2024-02-02 05:45:58"
}{
    "status": 100,
    "data": [
        {
            "mobile": "3217800787",
            "name": "MUHAMMAD SHAFIQUE",
            "cnic": "3310070417353",
            "address": "HOUSE NUMBER 385 BI STREET \/ MOHALA SIRSYED TOWN FAISAL ABAD"
        },
        {
            "mobile": "3217800787",
            "name": "MUHAMMAD ZAHID .",
            "cnic": "3310245372613",
            "address": null
        }
    ],
    "timestamp": "2024-02-02 05:48:39"
}{
    "status": 100,
    "data": [
        {
            "mobile": "3061751024",
            "name": "MUHAMMAD ADNAN AWAIS .",
            "cnic": "3220244974109",
            "address": null
        }
    ],
    "timestamp": "2024-02-02 05:56:21"
}{
    "status": 100,
    "data": [
        {
            "mobile": "3227067288",
            "name": "ASMAA ARSHAD",
            "cnic": "3650212630926",
            "address": null
        }
    ],
    "timestamp": "2024-02-02 06:07:10"
}{
    "status": 100,
    "message": "No record Found",
    "timestamp": "2024-02-02 06:42:09"
}{
    "status": 100,
    "message": "No record Found",
    "timestamp": "2024-02-02 06:43:34"
}{
    "status": 100,
    "message": "No record Found",
    "timestamp": "2024-02-02 06:44:27"
}{
    "status": 100,
    "message": "No record Found",
    "timestamp": "2024-02-02 06:52:48"
}{
    "status": 100,
    "data": [
        {
            "mobile": "3092066139",
            "name": "BABAR ALI .",
            "cnic": "3660102099523",
            "address": "village ahmed bhan SAKRAND City SHAHEED BENAZIR ABAD Lahore"
        }
    ],
    "timestamp": "2024-02-02 07:01:58"
}{
    "status": 100,
    "data": [
        {
            "mobile": "3449422753",
            "name": "GHULAM MUHAMMAD",
            "cnic": "3330321620093",
            "address": "PHALOR TOBA TEK SINGH CHAK NUMBER 188 G B KHURD TO"
        }
    ],
    "timestamp": "2024-02-02 07:25:36"
}{
    "status": 100,
    "message": "No record Found",
    "timestamp": "2024-02-02 07:33:14"
}{
    "status": 100,
    "message": "No record Found",
    "timestamp": "2024-02-02 07:42:23"
}{
    "status": 100,
    "message": "No record Found",
    "timestamp": "2024-02-02 07:42:47"
}{
    "status": 100,
    "data": [
        {
            "mobile": "3054080994",
            "name": "ARSHAD MASEEH",
            "cnic": "3520145151505",
            "address": "LAHORE CANTT ESSA NAGR AHALO R OAD KAAHNA NO LAHORE LAHORE Lahore"
        }
    ],
    "timestamp": "2024-02-02 07:43:05"
}{
    "status": 100,
    "data": [
        {
            "mobile": "3095199409",
            "name": "MARTHA ASLAM .",
            "cnic": "3520158420512",
            "address": null
        },
        {
            "mobile": "3095199409",
            "name": "MUHAMMAD IMRAN .",
            "cnic": "3640295386605",
            "address": "village ahmed bhan SAKRAND City SHAHEED BENAZIR ABAD Lahore"
        }
    ],
    "timestamp": "2024-02-02 07:45:47"
}{
    "status": 100,
    "data": [
        {
            "mobile": "3220735236",
            "name": "SHAMOON MASEEH .",
            "cnic": "3510244599801",
            "address": null
        }
    ],
    "timestamp": "2024-02-02 07:47:59"
}{
    "status": 100,
    "message": "No record Found",
    "timestamp": "2024-02-02 07:50:03"
}{
    "status": 100,
    "message": "No record Found",
    "timestamp": "2024-02-02 07:50:17"
}{
    "status": 100,
    "data": [
        {
            "mobile": "3464474776",
            "name": "ALI SHEHZAD",
            "cnic": "3530348258795",
            "address": "DAAK KHANA KHAS CHAK NUMBER 20\/1 A L TEHSIL RENALA KHURD ZILAH OKARA"
        },
        {
            "mobile": "3206034797",
            "name": "ALI SHAHZAD .",
            "cnic": "3530348258795",
            "address": null
        },
        {
            "mobile": "3408247875",
            "name": "ALI SHEHZAD",
            "cnic": "3530348258795",
            "address": "DAAK KHANA KHAS CHAK NUMBER 20\/1 A L TEHSIL RENALA KHURD ZILAH OKARA"
        },
        {
            "mobile": "3436803288",
            "name": null,
            "cnic": "3530348258795",
            "address": null
        }
    ],
    "timestamp": "2024-02-02 07:52:27"
}{
    "status": 100,
    "data": [
        {
            "mobile": "3464474776",
            "name": "ALI SHEHZAD",
            "cnic": "3530348258795",
            "address": "DAAK KHANA KHAS CHAK NUMBER 20\/1 A L TEHSIL RENALA KHURD ZILAH OKARA"
        },
        {
            "mobile": "3206034797",
            "name": "ALI SHAHZAD .",
            "cnic": "3530348258795",
            "address": null
        },
        {
            "mobile": "3408247875",
            "name": "ALI SHEHZAD",
            "cnic": "3530348258795",
            "address": "DAAK KHANA KHAS CHAK NUMBER 20\/1 A L TEHSIL RENALA KHURD ZILAH OKARA"
        },
        {
            "mobile": "3436803288",
            "name": null,
            "cnic": "3530348258795",
            "address": null
        }
    ],
    "timestamp": "2024-02-02 07:52:43"
}{
    "status": 100,
    "data": [
        {
            "mobile": "3248966017",
            "name": "NOSHEEN BEGUM .",
            "cnic": "8120294446856",
            "address": null
        }
    ],
    "timestamp": "2024-02-02 07:53:56"
}{
    "status": 100,
    "data": [
        {
            "mobile": "3220799170",
            "name": "REHMAN NAEEM .",
            "cnic": "3310392482849",
            "address": null
        }
    ],
    "timestamp": "2024-02-02 07:58:03"
}{
    "status": 100,
    "data": [
        {
            "mobile": "0418504187",
            "name": "REHMAN NAEEM",
            "cnic": "3310392482849",
            "address": null
        },
        {
            "mobile": "3220799170",
            "name": "REHMAN NAEEM .",
            "cnic": "3310392482849",
            "address": null
        }
    ],
    "timestamp": "2024-02-02 07:58:21"
}{
    "status": 100,
    "data": [
        {
            "mobile": "3403098517",
            "name": "HONDHO HONDHO",
            "cnic": "4410522965641",
            "address": "1 BACHA BUND PATHORO DIYA JAGO MIR PUR KHAS"
        }
    ],
    "timestamp": "2024-02-02 08:10:32"
}{
    "status": 100,
    "data": [
        {
            "mobile": "3419850398",
            "name": "NAJMA RAFEEQ",
            "cnic": "3420265625748",
            "address": "DAAK KHANA BHOTA CHAKORAH TEHSIL KHARIAN DISTRICT"
        }
    ],
    "timestamp": "2024-02-02 08:11:06"
}{
    "status": 100,
    "message": "No record Found",
    "timestamp": "2024-02-02 08:13:33"
}{
    "status": 100,
    "data": [
        {
            "mobile": "3165929489",
            "name": "abdul hannan",
            "cnic": "CH11396774311",
            "address": null
        }
    ],
    "timestamp": "2024-02-02 08:15:13"
}{
    "status": 100,
    "message": "No record Found",
    "timestamp": "2024-02-02 08:15:30"
}{
    "status": 100,
    "data": [
        {
            "mobile": "3165929489",
            "name": "abdul hannan",
            "cnic": "CH11396774311",
            "address": null
        }
    ],
    "timestamp": "2024-02-02 08:18:27"
}{
    "status": 100,
    "data": [
        {
            "mobile": "3352175786",
            "name": "JA HAT ALI",
            "cnic": "3740578999269",
            "address": "KHAS RAWALPINDI PARYAL RAWALPI"
        }
    ],
    "timestamp": "2024-02-02 08:20:07"
}{
    "status": 100,
    "data": [
        {
            "mobile": "3053156239",
            "name": "NAWAB B B .",
            "cnic": "3840319951658",
            "address": "CHAK NUMBER 71 N B TEHSIL SARGODHA  SARGODHA G.P.O"
        },
        {
            "mobile": "3053156239",
            "name": "SHAHNAZ .",
            "cnic": "4150606540630",
            "address": null
        }
    ],
    "timestamp": "2024-02-02 08:22:00"
}{
    "status": 100,
    "data": [
        {
            "mobile": "3463088576",
            "name": "MOIZ HASSAN KHAN",
            "cnic": "4210175013089",
            "address": "KARACHI WASTI NEW KARACHI KARACHI WASTI KARACHI WA"
        }
    ],
    "timestamp": "2024-02-02 08:46:50"
}{
    "status": 100,
    "data": [
        {
            "mobile": "3052861791",
            "name": "CH.ARSHAD",
            "cnic": "3660110737117",
            "address": "CH.463\/E.B BUREWALA Bahawal Pur"
        }
    ],
    "timestamp": "2024-02-02 08:48:12"
}{
    "status": 100,
    "data": [
        {
            "mobile": "3445774415",
            "name": "WASEEM AHMAD",
            "cnic": "3730202776097",
            "address": "KHAS PIND DADAN KHANS HOUSE PUR JHELUM"
        }
    ],
    "timestamp": "2024-02-02 08:48:36"
}{
    "status": 100,
    "data": [
        {
            "mobile": "3237785824",
            "name": "MUHAMMAD AKRAM",
            "cnic": "3630369979531",
            "address": null
        }
    ],
    "timestamp": "2024-02-02 08:56:26"
}{
    "status": 100,
    "data": [
        {
            "mobile": "3226972846",
            "name": "MUHAMMAD ARSHAD .",
            "cnic": "3610476174447",
            "address": null
        }
    ],
    "timestamp": "2024-02-02 08:56:53"
}{
    "status": 100,
    "data": [
        {
            "mobile": "3091158929",
            "name": "NASEEM B B .",
            "cnic": "3630480852436",
            "address": null
        }
    ],
    "timestamp": "2024-02-02 08:58:44"
}{
    "status": 100,
    "data": [
        {
            "mobile": "3237785824",
            "name": "MUHAMMAD AKRAM",
            "cnic": "3630369979531",
            "address": null
        }
    ],
    "timestamp": "2024-02-02 08:59:01"
}{
    "status": 100,
    "data": [
        {
            "mobile": "3473956725",
            "name": null,
            "cnic": "3440192735578",
            "address": null
        },
        {
            "mobile": "3473956725",
            "name": "ARBAB KHAN",
            "cnic": "4170106012329",
            "address": "MOHALA MASTOI COLONY TANDO ALLAHIAR DISTRICT TANDO"
        }
    ],
    "timestamp": "2024-02-02 08:59:17"
}{
    "status": 100,
    "data": [
        {
            "mobile": "3339890638",
            "name": "FOUZIA B B",
            "cnic": "3710259403812",
            "address": "DAAK KHANA BAHTAR SAHIB KHAN T"
        }
    ],
    "timestamp": "2024-02-02 08:59:32"
}{
    "status": 100,
    "data": [
        {
            "mobile": "3166649974",
            "name": "Saqleen  Abbas",
            "cnic": "3630269561849",
            "address": null
        }
    ],
    "timestamp": "2024-02-02 08:59:54"
}{
    "status": 100,
    "data": [
        {
            "mobile": "3313637171",
            "name": "SHER KHYBER",
            "cnic": "3240257657897",
            "address": "DAAK KHANA LAL GARH THAL CHANG"
        },
        {
            "mobile": "3467000010",
            "name": "Sher  Khyber",
            "cnic": "3240257657897",
            "address": "LAL GARH JAM PUR THAL CHNGRAJN PUR"
        },
        {
            "mobile": "3003002963",
            "name": "SHER KHYBER .",
            "cnic": "3240257657897",
            "address": "LAL GARH JAM PUR THAL CHANG RAJAN PUR  Rajan PUR"
        },
        {
            "mobile": "3045126366",
            "name": "SHER KHYBER .",
            "cnic": "3240257657897",
            "address": "LAL GARH JAM PUR THAL CHANG RAJAN PUR  Rajan PUR"
        },
        {
            "mobile": "3051354831",
            "name": "SHER KHYBER .",
            "cnic": "3240257657897",
            "address": "LAL GARH JAM PUR THAL CHANG RAJAN PUR  Rajan PUR"
        },
        {
            "mobile": "3313635123",
            "name": "SHER KHYBER",
            "cnic": "3240257657897",
            "address": "DAAK KHANA LAL GARH THAL CHANG"
        }
    ],
    "timestamp": "2024-02-02 09:00:14"
}{
    "status": 100,
    "data": [
        {
            "mobile": "3009438409",
            "name": "MUHAMMAD TANVEER .",
            "cnic": "3410157755843",
            "address": "KHAS GUJRANWALA MEHLU WALA GUJRANWALA  Gujranwala"
        },
        {
            "mobile": "3014093326",
            "name": "MUHAMMAD TANVEER .",
            "cnic": "3410157755843",
            "address": "KHAS GUJRANWALA MEHLU WALA GUJRANWALA  Gujranwala"
        },
        {
            "mobile": "3216492620",
            "name": "MUHAMMAD TANVEER .",
            "cnic": "3410157755843",
            "address": null
        },
        {
            "mobile": "3467000011",
            "name": "MUHAMMAD TANVER",
            "cnic": "3410157755843",
            "address": "DAAK KHANA KHAS MELOWALA TEHSIL GUJRANWALA DISTRICT GUJRANWALA"
        },
        {
            "mobile": "3004660760",
            "name": "MUHAMMAD TANVEER .",
            "cnic": "3410157755843",
            "address": "KHAS GUJRANWALA MEHLU WALA GUJRANWALA  Gujranwala"
        }
    ],
    "timestamp": "2024-02-02 09:00:39"
}{
    "status": 100,
    "data": [
        {
            "mobile": "3241400508",
            "name": "MUHAMMAD USAMA .",
            "cnic": "4210106643671",
            "address": null
        }
    ],
    "timestamp": "2024-02-02 09:03:02"
}{
    "status": 100,
    "data": [
        {
            "mobile": "3480018784",
            "name": "MUHAMMAD SHAFEEQ",
            "cnic": "3450130368005",
            "address": "MOHALA BILAL GANJ NAROWAL"
        },
        {
            "mobile": "3480018784",
            "name": null,
            "cnic": "3810142238473",
            "address": null
        }
    ],
    "timestamp": "2024-02-02 09:36:55"
}{
    "status": 100,
    "data": [
        {
            "mobile": "3168829637",
            "name": "muhammad shahabal ali",
            "cnic": "3720340653601",
            "address": null
        }
    ],
    "timestamp": "2024-02-02 09:39:53"
}{
    "status": 100,
    "message": "No record Found",
    "timestamp": "2024-02-02 10:06:19"
}{
    "status": 100,
    "message": "No record Found",
    "timestamp": "2024-02-02 10:07:27"
}{
    "status": 100,
    "data": [
        {
            "mobile": "3236424299",
            "name": "FARZANA BEGUM .",
            "cnic": "4550483669014",
            "address": null
        }
    ],
    "timestamp": "2024-02-02 10:24:01"
}{
    "status": 100,
    "data": [
        {
            "mobile": "3062768968",
            "name": "MUHAMMAD GUL FARAZ .",
            "cnic": "3630313155677",
            "address": null
        },
        {
            "mobile": "3072090480",
            "name": "MUHAMMAD GUL FARAZ .",
            "cnic": "3630313155677",
            "address": null
        },
        {
            "mobile": "3084850558",
            "name": "MUHAMMAD GUL FARAZ .",
            "cnic": "3630313155677",
            "address": null
        },
        {
            "mobile": "3229298864",
            "name": "MUHAMMAD GUL FARAZ .",
            "cnic": "3630313155677",
            "address": null
        },
        {
            "mobile": "3146180456",
            "name": "muhammad gul faraz",
            "cnic": "3630313155677",
            "address": null
        },
        {
            "mobile": "3078874576",
            "name": "MUHAMMAD GUL FARAZ .",
            "cnic": "3630313155677",
            "address": "MUBARIK PUR MULTAN SADAR ISLAM PUR MULT TAN MULTAN G.P.O."
        },
        {
            "mobile": "3084848510",
            "name": "MUHAMMAD GUL FARAZ .",
            "cnic": "3630313155677",
            "address": "MUBARIK PUR MULTAN SADAR ISLAM PUR MULT TAN MULTAN G.P.O."
        }
    ],
    "timestamp": "2024-02-02 10:34:01"
}{
    "status": 100,
    "message": "No record Found",
    "timestamp": "2024-02-02 10:35:37"
}{
    "status": 100,
    "data": [
        {
            "mobile": "3166049979",
            "name": "Farina  Amber",
            "cnic": "3660215380154",
            "address": null
        },
        {
            "mobile": "3166047931",
            "name": "Farina  Amber",
            "cnic": "3660215380154",
            "address": null
        }
    ],
    "timestamp": "2024-02-02 10:46:24"
}{
    "status": 100,
    "message": "No record Found",
    "timestamp": "2024-02-02 10:47:08"
}{
    "status": 100,
    "message": "No record Found",
    "timestamp": "2024-02-02 10:47:32"
}{
    "status": 100,
    "data": [
        {
            "mobile": "3480793189",
            "name": "NAZAR HAYAT",
            "cnic": "3820136901603",
            "address": "KHAS KHUSHAB MOHALA HUMRAL NARHI KHUSHAB"
        },
        {
            "mobile": "3480793189",
            "name": null,
            "cnic": "3820154235499",
            "address": null
        }
    ],
    "timestamp": "2024-02-02 10:49:17"
}{
    "status": 100,
    "data": [
        {
            "mobile": "3161701417",
            "name": "Abdul  Aziz",
            "cnic": "3740546635581",
            "address": null
        }
    ],
    "timestamp": "2024-02-02 10:50:06"
}{
    "status": 100,
    "message": "No record Found",
    "timestamp": "2024-02-02 10:57:21"
}{
    "status": 100,
    "message": "No record Found",
    "timestamp": "2024-02-02 10:57:33"
}{
    "status": 100,
    "data": [
        {
            "mobile": "3464343553",
            "name": null,
            "cnic": "3120183432763",
            "address": null
        },
        {
            "mobile": "3464343553",
            "name": "SARDAR AHMAD",
            "cnic": "3530274919859",
            "address": "KHAS OKARA CHAK BAMBAI ZAKHIRAH GASHKORI OKARA"
        }
    ],
    "timestamp": "2024-02-02 10:57:53"
}{
    "status": 100,
    "data": [
        {
            "mobile": "3069375572",
            "name": "MUHAMMAD ILYAS",
            "cnic": "3120117960885",
            "address": "MOH SHIKARI AHMED PUR EAST  Ahmed Pur East"
        }
    ],
    "timestamp": "2024-02-02 10:58:17"
}{
    "status": 100,
    "data": [
        {
            "mobile": "3356062720",
            "name": "muhammad jafar",
            "cnic": "3210276070497",
            "address": "House No 3 Block DERA GHAZI KH"
        },
        {
            "mobile": "3356062720",
            "name": "GHULAM MUSTAFA A",
            "cnic": "5520311843795",
            "address": "DAAK KHANA KOHLU MANJHARA TEHS"
        }
    ],
    "timestamp": "2024-02-02 11:36:13"
}{
    "status": 100,
    "data": [
        {
            "mobile": "3303540393",
            "name": "ali nawaz",
            "cnic": "5520345674035",
            "address": "City MANJHRA Tehsil MAWAND Dis"
        }
    ],
    "timestamp": "2024-02-02 11:37:02"
}{
    "status": 100,
    "data": [
        {
            "mobile": "3035263845",
            "name": "MUHAMMAD NAVEED",
            "cnic": "3520231954333",
            "address": "KHAS LAHORE DOGRAAN BABA MASOO M SHAHCHWHNGLAHWR Lahore"
        }
    ],
    "timestamp": "2024-02-02 11:38:17"
}{
    "status": 100,
    "message": "No record Found",
    "timestamp": "2024-02-02 11:41:56"
}{
    "status": 100,
    "message": "No record Found",
    "timestamp": "2024-02-02 11:43:06"
}{
    "status": 100,
    "data": [
        {
            "mobile": "3020278082",
            "name": "ARSALAN ALI",
            "cnic": "4210157031919",
            "address": null
        }
    ],
    "timestamp": "2024-02-02 11:44:58"
}{
    "status": 100,
    "data": [
        {
            "mobile": "3330328853",
            "name": "AHMED LACE",
            "cnic": "4210157031919",
            "address": "D\/94 Shershah Road S.I.T.E kar"
        },
        {
            "mobile": "3331200401",
            "name": "AHMAD LACE PVT LTD",
            "cnic": "4210157031919",
            "address": null
        },
        {
            "mobile": "3332179135",
            "name": "ARSALAN ALI ASHRAF",
            "cnic": "4210157031919",
            "address": "1714-B KARACHI WSTEENARTH KARA"
        },
        {
            "mobile": "3128763113",
            "name": "arsalan ali ashraf",
            "cnic": "4210157031919",
            "address": null
        },
        {
            "mobile": "3020278082",
            "name": "ARSALAN ALI",
            "cnic": "4210157031919",
            "address": null
        },
        {
            "mobile": "3472716591",
            "name": "ARSALAN ALI ASHRAF",
            "cnic": "4210157031919",
            "address": "KARACHI NAZIMABAD WASTI NARTH KARACHI NAZIMABAD KDA FLATS FAIZ 2 BLOCK A KARACHI KARACHI WASTI"
        },
        {
            "mobile": "3331198353",
            "name": "AHMAD LACE PVT LTD",
            "cnic": "4210157031919",
            "address": "D\/94"
        },
        {
            "mobile": "3332177087",
            "name": "ARSALAN ALI ASHRAF",
            "cnic": "4210157031919",
            "address": "1714-B KARACHI WSTEENARTH KARA"
        }
    ],
    "timestamp": "2024-02-02 11:47:02"
}{
    "status": 100,
    "message": "No record Found",
    "timestamp": "2024-02-02 11:48:44"
}{
    "status": 100,
    "message": "No record Found",
    "timestamp": "2024-02-02 11:49:15"
}{
    "status": 100,
    "message": "No record Found",
    "timestamp": "2024-02-02 11:49:28"
}{
    "status": 100,
    "message": "No record Found",
    "timestamp": "2024-02-02 11:51:59"
}{
    "status": 100,
    "message": "No record Found",
    "timestamp": "2024-02-02 11:52:51"
}{
    "status": 100,
    "data": [
        {
            "mobile": "3303540393",
            "name": "ali nawaz",
            "cnic": "5520345674035",
            "address": "City MANJHRA Tehsil MAWAND Dis"
        }
    ],
    "timestamp": "2024-02-02 11:53:29"
}{
    "status": 100,
    "data": [
        {
            "mobile": "3011327247",
            "name": "SOHAIL AMAN .",
            "cnic": "3660128225643",
            "address": null
        }
    ],
    "timestamp": "2024-02-02 12:33:22"
}{
    "status": 100,
    "data": [
        {
            "mobile": "3011327247",
            "name": "SOHAIL AMAN .",
            "cnic": "3660128225643",
            "address": null
        },
        {
            "mobile": "3011585247",
            "name": "SOHAIL AMAN .",
            "cnic": "3660128225643",
            "address": null
        },
        {
            "mobile": "3057423858",
            "name": "SOHAIL AMAN .",
            "cnic": "3660128225643",
            "address": "NAZD NIDA HSPTAL DAAK KHANA GUGGU CHAK NUMBER 247 E BI TEHSIL BUREWALA DISTRICT VEHARI  PAKISTAN"
        },
        {
            "mobile": "3061071199",
            "name": "SOHAIL AMAN .",
            "cnic": "3660128225643",
            "address": "NAZD NIDA HSPTAL DAAK KHANA GUGGU CHAK NUMBER 247 E BI TEHSIL BUREWALA DISTRICT VEHARI  PAKISTAN"
        },
        {
            "mobile": "3063544049",
            "name": "SOHAIL AMAN .",
            "cnic": "3660128225643",
            "address": "NAZD NIDA HSPTAL DAAK KHANA GUGGU CHAK NUMBER 247 E BI TEHSIL BUREWALA DISTRICT VEHARI  PAKISTAN"
        }
    ],
    "timestamp": "2024-02-02 12:33:47"
}{
    "status": 100,
    "data": [
        {
            "mobile": "3036162037",
            "name": "MUHAMMAD ZAFAR",
            "cnic": "3130201970269",
            "address": "KHANBILA LIAQUAT PUR KOTLA MUBARIK RAHIM YAAR KHAN Rahim Yar Khan"
        },
        {
            "mobile": "3036162037",
            "name": "ESSA .",
            "cnic": "3210397572697",
            "address": "DAAK KHANA SOKAR CHAT PANI TEHSIL TONSA A DISTRICT DERA GHAZI KHAN DERA GHAZI KHAN G.P.O."
        }
    ],
    "timestamp": "2024-02-02 12:51:02"
}{
    "status": 100,
    "data": [
        {
            "mobile": "3024052701",
            "name": "MUHAMMAD ZAFAR",
            "cnic": "3130201970269",
            "address": "KHANBILA LIAQUAT PUR KOTLA MUBARIK RAHIM YAAR KHAN Rahim Yar Khan"
        },
        {
            "mobile": "3029269975",
            "name": "MUHAMMAD ZAFAR",
            "cnic": "3130201970269",
            "address": null
        },
        {
            "mobile": "3036162037",
            "name": "MUHAMMAD ZAFAR",
            "cnic": "3130201970269",
            "address": "KHANBILA LIAQUAT PUR KOTLA MUBARIK RAHIM YAAR KHAN Rahim Yar Khan"
        },
        {
            "mobile": "3087170580",
            "name": "MUHAMMAD ZAFAR",
            "cnic": "3130201970269",
            "address": null
        },
        {
            "mobile": "3231377168",
            "name": "MUHAMMAD ZAFAR",
            "cnic": "3130201970269",
            "address": null
        },
        {
            "mobile": "3029267927",
            "name": "MUHAMMAD ZAFAR",
            "cnic": "3130201970269",
            "address": "KHANBILA LIAQUAT PUR KOTLA MUBARIK RAHIM YAAR KHAN Rahim Yar Khan"
        },
        {
            "mobile": "3087168532",
            "name": "MUHAMMAD ZAFAR",
            "cnic": "3130201970269",
            "address": "KHANBILA LIAQUAT PUR KOTLA MUBARIK RAHIM YAAR KHAN Rahim Yar Khan"
        },
        {
            "mobile": "3036159989",
            "name": "MUHAMMAD ZAFAR",
            "cnic": "3130201970269",
            "address": "KHANBILA LIAQUAT PUR KOTLA MUBARIK RAHIM YAAR KHAN Rahim Yar Khan"
        }
    ],
    "timestamp": "2024-02-02 12:51:23"
}{
    "status": 100,
    "data": [
        {
            "mobile": "3348283997",
            "name": "SEEWT KHAN",
            "cnic": "1430120066397",
            "address": ""
        },
        {
            "mobile": "3032063576",
            "name": "SEW T KHAN .",
            "cnic": "1430120066397",
            "address": "DAAK KHANA KOHAT MIR BASH KHAIL TEHSIL KOHAT DISTRICT WAH"
        },
        {
            "mobile": "3348291994",
            "name": "SEEWT KHAN",
            "cnic": "1430120066397",
            "address": ""
        },
        {
            "mobile": "3339615349",
            "name": "SEW T KHAN",
            "cnic": "1430120066397",
            "address": "DAAK KHANA KOHAT MIR BASH KHAI"
        },
        {
            "mobile": "3348295930",
            "name": "SEEWT KHAN",
            "cnic": "1430120066397",
            "address": "MIR BASH KHAIL DAAK KHANA KOHA"
        },
        {
            "mobile": "3339613301",
            "name": "SEW T KHAN",
            "cnic": "1430120066397",
            "address": "DAAK KHANA KOHAT MIR BASH KHAI"
        },
        {
            "mobile": "3032061528",
            "name": "SEW T KHAN .",
            "cnic": "1430120066397",
            "address": "DAAK KHANA KOHAT MIR BASH KHAIL TEHSIL KOHAT DISTRICT WAH"
        }
    ],
    "timestamp": "2024-02-02 12:53:27"
}{
    "status": 100,
    "message": "No record Found",
    "timestamp": "2024-02-02 12:55:41"
}{
    "status": 100,
    "message": "No record Found",
    "timestamp": "2024-02-02 12:57:46"
}{
    "status": 100,
    "message": "No record Found",
    "timestamp": "2024-02-02 12:58:17"
}{
    "status": 100,
    "message": "No record Found",
    "timestamp": "2024-02-02 12:58:30"
}{
    "status": 100,
    "message": "No record Found",
    "timestamp": "2024-02-02 12:58:44"
}{
    "timestamp": "2024-02-02 12:58:49"
}{
    "timestamp": "2024-02-02 12:58:56"
}{
    "status": 100,
    "data": [
        {
            "mobile": "3116528656",
            "name": "kaleem  ullah",
            "cnic": "3240333672691",
            "address": null
        }
    ],
    "timestamp": "2024-02-02 12:59:03"
}{
    "status": 100,
    "data": [
        {
            "mobile": "3115566253",
            "name": "Muhammad Saddique Ur",
            "cnic": "3740506993593",
            "address": null
        }
    ],
    "timestamp": "2024-02-02 12:59:31"
}{
    "status": 100,
    "data": [
        {
            "mobile": "3495548623",
            "name": "MUHAMMAD AHMAD",
            "cnic": "3110446532245",
            "address": "1 HAROON ABAD HAROON ABAD CHAK NUMBER 24\/3 23 AAR"
        }
    ],
    "timestamp": "2024-02-02 12:59:43"
}{
    "status": 100,
    "data": [
        {
            "mobile": "3495548623",
            "name": "MUHAMMAD AHMAD",
            "cnic": "3110446532245",
            "address": "1 HAROON ABAD HAROON ABAD CHAK NUMBER 24\/3 23 AAR"
        }
    ],
    "timestamp": "2024-02-02 13:01:03"
}{
    "status": 100,
    "data": [
        {
            "mobile": "3115566253",
            "name": "Muhammad Saddique Ur",
            "cnic": "3740506993593",
            "address": null
        }
    ],
    "timestamp": "2024-02-02 13:01:22"
}{
    "status": 100,
    "data": [
        {
            "mobile": "3348283997",
            "name": "SEEWT KHAN",
            "cnic": "1430120066397",
            "address": ""
        },
        {
            "mobile": "3032063576",
            "name": "SEW T KHAN .",
            "cnic": "1430120066397",
            "address": "DAAK KHANA KOHAT MIR BASH KHAIL TEHSIL KOHAT DISTRICT WAH"
        },
        {
            "mobile": "3348291994",
            "name": "SEEWT KHAN",
            "cnic": "1430120066397",
            "address": ""
        },
        {
            "mobile": "3339615349",
            "name": "SEW T KHAN",
            "cnic": "1430120066397",
            "address": "DAAK KHANA KOHAT MIR BASH KHAI"
        },
        {
            "mobile": "3348295930",
            "name": "SEEWT KHAN",
            "cnic": "1430120066397",
            "address": "MIR BASH KHAIL DAAK KHANA KOHA"
        },
        {
            "mobile": "3339613301",
            "name": "SEW T KHAN",
            "cnic": "1430120066397",
            "address": "DAAK KHANA KOHAT MIR BASH KHAI"
        },
        {
            "mobile": "3032061528",
            "name": "SEW T KHAN .",
            "cnic": "1430120066397",
            "address": "DAAK KHANA KOHAT MIR BASH KHAIL TEHSIL KOHAT DISTRICT WAH"
        }
    ],
    "timestamp": "2024-02-02 13:01:32"
}{
    "status": 100,
    "message": "No record Found",
    "timestamp": "2024-02-02 13:03:25"
}{
    "status": 100,
    "message": "No record Found",
    "timestamp": "2024-02-02 13:07:51"
}{
    "status": 100,
    "message": "No record Found",
    "timestamp": "2024-02-02 13:12:41"
}{
    "status": 100,
    "data": [
        {
            "mobile": "3453947420",
            "name": "ZAHID HUSSAIN",
            "cnic": "3130272455929",
            "address": "FEROZA LIAQUAT PUR 313\/6 AAR RAHIM YAAR KHAN"
        }
    ],
    "timestamp": "2024-02-02 13:15:02"
}{
    "status": 100,
    "message": "No record Found",
    "timestamp": "2024-02-02 13:15:55"
}{
    "status": 100,
    "message": "No record Found",
    "timestamp": "2024-02-02 13:16:03"
}{
    "status": 100,
    "data": [
        {
            "mobile": "3017874191",
            "name": "MEHAR MUHAMMAD WASEEM .",
            "cnic": "3120224038507",
            "address": null
        },
        {
            "mobile": "3041197790",
            "name": "MEHAR MUHAMMAD WASEEM .",
            "cnic": "3120224038507",
            "address": "DAAK KHANA DERA BAKHA MANG WANI TEHSIL BAHAWALPUR DISTRICT BAHAWALPUR G.P.O."
        },
        {
            "mobile": "3056805314",
            "name": "MEHAR MUHAMMAD WASEEM .",
            "cnic": "3120224038507",
            "address": "DAAK KHANA DERA BAKHA MANG WANI TEHSIL BAHAWALPUR DISTRICT BAHAWALPUR G.P.O."
        },
        {
            "mobile": "3098418338",
            "name": "MEHAR MUHAMMAD WASEEM .",
            "cnic": "3120224038507",
            "address": null
        },
        {
            "mobile": "3041195742",
            "name": "MEHAR MUHAMMAD WASEEM .",
            "cnic": "3120224038507",
            "address": "DAAK KHANA DERA BAKHA MANG WANI TEHSIL BAHAWALPUR DISTRICT BAHAWALPUR G.P.O."
        },
        {
            "mobile": "3056803266",
            "name": "MEHAR MUHAMMAD WASEEM .",
            "cnic": "3120224038507",
            "address": "DAAK KHANA DERA BAKHA MANG WANI TEHSIL BAHAWALPUR DISTRICT BAHAWALPUR G.P.O."
        }
    ],
    "timestamp": "2024-02-02 13:29:59"
}{
    "status": 100,
    "message": "No record Found",
    "timestamp": "2024-02-02 13:30:26"
}{
    "status": 100,
    "message": "No record Found",
    "timestamp": "2024-02-02 13:30:47"
}{
    "status": 100,
    "data": [
        {
            "mobile": "3474561233",
            "name": "MEWO MEWO",
            "cnic": "4420247545425",
            "address": "GOTH ALI BAKHASH DARS DAAK KHANA KUPRO JIO TEHSIL"
        }
    ],
    "timestamp": "2024-02-02 13:31:41"
}{
    "status": 100,
    "data": [
        {
            "mobile": "3417838956",
            "name": "MUHAMMAD ANEES",
            "cnic": "3310280623659",
            "address": "DAAK KHANA KHAS JALA BALA TEHSIL SAHIWAL DISTRICT"
        },
        {
            "mobile": "3484222950",
            "name": "MUHAMMAD ANEES",
            "cnic": "3310280623659",
            "address": "DAAK KHANA KHAS JALA BALA TEHSIL SAHIWAL DISTRICT"
        },
        {
            "mobile": "3075007268",
            "name": "MUHAMMAD ANEES .",
            "cnic": "3310280623659",
            "address": "DAAK KHANA KHAS JALA BALA TEHSIL  SARGODHA G.P.O"
        },
        {
            "mobile": "3411636416",
            "name": "MUHAMMAD ANEES",
            "cnic": "3310280623659",
            "address": "DAAK KHANA KHAS JALA BALA TEHSIL SAHIWAL DISTRICT"
        },
        {
            "mobile": "3117299352",
            "name": "muhammad  anees",
            "cnic": "3310280623659",
            "address": "Post-PAID"
        }
    ],
    "timestamp": "2024-02-02 13:38:37"
}{
    "status": 100,
    "data": [
        {
            "mobile": "3068441524",
            "name": "NASIR MASOOD .",
            "cnic": "4110442658029",
            "address": "Lahore4644340  Lahore"
        },
        {
            "mobile": "3644074896",
            "name": "NASIR MASOOD",
            "cnic": "4110442658029",
            "address": "5 CHISHTIAN NEW GULSHAN IQBAL COLONY CHISHTIAN BAHAWALNAGAR"
        },
        {
            "mobile": "3333330455",
            "name": "NASIR MASOOD",
            "cnic": "4110442658029",
            "address": "NEW GULSHAN IQBAL COLONY"
        }
    ],
    "timestamp": "2024-02-02 13:41:11"
}{
    "status": 100,
    "message": "No record Found",
    "timestamp": "2024-02-02 13:41:45"
}{
    "status": 100,
    "data": [
        {
            "mobile": "3240010100",
            "name": "BI BI QUDRAT",
            "cnic": "3710228741600",
            "address": "KOHAT ROAD MOHALA NAYEE ABAD YE FATAH JANG DISTRICT ATTOCK"
        }
    ],
    "timestamp": "2024-02-02 13:42:03"
}{
    "status": 100,
    "message": "No record Found",
    "timestamp": "2024-02-02 13:43:27"
}{
    "status": 100,
    "data": [
        {
            "mobile": "3169657358",
            "name": "sammia  mushtaq",
            "cnic": "1720113203504",
            "address": "Post-PAID"
        }
    ],
    "timestamp": "2024-02-02 13:52:32"
}{
    "status": 100,
    "data": [
        {
            "mobile": "3022182609",
            "name": "MUHAMMAD YASEEN .",
            "cnic": "4240127449473",
            "address": null
        },
        {
            "mobile": "3492541728",
            "name": "MUHAMMAD YASEEN",
            "cnic": "4240127449473",
            "address": "KARACHI GHARBI BADHANI GOTH MARHIPUR HAKSBAY ROAD"
        },
        {
            "mobile": "3092930610",
            "name": "MUHAMMAD YASEEN .",
            "cnic": "4240127449473",
            "address": "158 KARACHI GHARBI BADHANI GOTH MARHIPUR HAKSBEERWD KARACHI Karachi"
        },
        {
            "mobile": "3130292846",
            "name": "Muhammad  Yaseen",
            "cnic": "4240127449473",
            "address": null
        }
    ],
    "timestamp": "2024-02-02 14:02:59"
}{
    "status": 100,
    "data": [
        {
            "mobile": "3462375869",
            "name": null,
            "cnic": "3230489952841",
            "address": null
        }
    ],
    "timestamp": "2024-02-02 14:08:33"
}{
    "status": 100,
    "message": "No record Found",
    "timestamp": "2024-02-02 14:09:32"
}{
    "status": 100,
    "data": [
        {
            "mobile": "3324125639",
            "name": "JAMDAD JAMDAD",
            "cnic": "1340403403495",
            "address": "DAAK KHANA KAMEL H KANGAL TEHSIL KUNDIAN DISTRICT"
        }
    ],
    "timestamp": "2024-02-02 14:09:40"
}{
    "status": 100,
    "data": [
        {
            "mobile": "3032781419",
            "name": "BASHEERAN B B .",
            "cnic": "3520197939138",
            "address": null
        }
    ],
    "timestamp": "2024-02-02 14:09:49"
}{
    "status": 100,
    "data": [
        {
            "mobile": "3165284568",
            "name": "Muhammad  Saeed",
            "cnic": "3740274998581",
            "address": null
        }
    ],
    "timestamp": "2024-02-02 14:09:59"
}{
    "status": 100,
    "data": [
        {
            "mobile": "3032781419",
            "name": "BASHEERAN B B .",
            "cnic": "3520197939138",
            "address": null
        },
        {
            "mobile": "3084384231",
            "name": "BASHEERAN B B .",
            "cnic": "3520197939138",
            "address": null
        },
        {
            "mobile": "3085038074",
            "name": "BASHEERAN B B .",
            "cnic": "3520197939138",
            "address": null
        },
        {
            "mobile": "3084382183",
            "name": "BASHEERAN B B .",
            "cnic": "3520197939138",
            "address": "KHAS LAHORE CANTT JAMAN LAHORE  Lahore"
        }
    ],
    "timestamp": "2024-02-02 14:10:03"
}{
    "status": 100,
    "message": "No record Found",
    "timestamp": "2024-02-02 14:10:19"
}{
    "status": 100,
    "data": [
        {
            "mobile": "3035623695",
            "name": "MUHAMMAD TARIQ",
            "cnic": "3310651414683",
            "address": "KHAS TANDLIANWALA CHAK 550 G B MOHLY ANWALA Faisalabad"
        }
    ],
    "timestamp": "2024-02-02 14:10:40"
}{
    "status": 100,
    "message": "No record Found",
    "timestamp": "2024-02-02 14:16:18"
}{
    "status": 100,
    "data": [
        {
            "mobile": "3173558951",
            "name": "DATA NOT RECIEVED FROM NADRA",
            "cnic": "4120164665120",
            "address": null
        }
    ],
    "timestamp": "2024-02-02 14:23:03"
}{
    "status": 100,
    "data": [
        {
            "mobile": "3238701240",
            "name": "MUHAMMAD SHAHID .",
            "cnic": "3230107494381",
            "address": null
        }
    ],
    "timestamp": "2024-02-02 14:24:18"
}{
    "status": 100,
    "data": [
        {
            "mobile": "3011255348",
            "name": "MUHAMMAD SHAHID .",
            "cnic": "3230107494381",
            "address": null
        },
        {
            "mobile": "3019411094",
            "name": "MUHAMMAD SHAHID .",
            "cnic": "3230107494381",
            "address": null
        },
        {
            "mobile": "3071031748",
            "name": "MUHAMMAD SHAHID .",
            "cnic": "3230107494381",
            "address": null
        },
        {
            "mobile": "3238701240",
            "name": "MUHAMMAD SHAHID .",
            "cnic": "3230107494381",
            "address": null
        },
        {
            "mobile": "3457942966",
            "name": null,
            "cnic": "3230107494381",
            "address": null
        }
    ],
    "timestamp": "2024-02-02 14:25:21"
}{
    "status": 100,
    "message": "No record Found",
    "timestamp": "2024-02-02 14:26:03"
}{
    "status": 100,
    "data": [
        {
            "mobile": "3129828713",
            "name": "Not Available",
            "cnic": "3710152591944",
            "address": "Post-PAID"
        }
    ],
    "timestamp": "2024-02-02 14:26:13"
}{
    "status": 100,
    "message": "No record Found",
    "timestamp": "2024-02-02 14:27:05"
}{
    "status": 100,
    "message": "No record Found",
    "timestamp": "2024-02-02 14:27:12"
}{
    "status": 100,
    "data": [
        {
            "mobile": "3000192686",
            "name": "MUHAMMAD ASLAM",
            "cnic": "5120142329965",
            "address": null
        },
        {
            "mobile": "3150375540",
            "name": "m  aslam",
            "cnic": "5120142329965",
            "address": null
        },
        {
            "mobile": "3333370121",
            "name": "MUHAMMAD ASLAM",
            "cnic": "5120142329965",
            "address": "DAAK KHANA KOHANG RODENI KOHAN"
        },
        {
            "mobile": "3331775504",
            "name": "MUHAMMAD ASLAM",
            "cnic": "5120142329965",
            "address": "DAAK KHANA KOHANG RODENI KOHAN"
        },
        {
            "mobile": "3101289197",
            "name": "m  aslam",
            "cnic": "5120142329965",
            "address": null
        },
        {
            "mobile": "3030331073",
            "name": "MUHAMMAD ASLAM4232996",
            "cnic": "5120142329965",
            "address": "MOHALA KA NASI ROAD H KOIT Quetta"
        }
    ],
    "timestamp": "2024-02-02 14:27:30"
}{
    "status": 100,
    "message": "No record Found",
    "timestamp": "2024-02-02 14:28:59"
}{
    "status": 100,
    "data": [
        {
            "mobile": "3010835399",
            "name": "MUHAMMAD SAJID FAREED .",
            "cnic": "3220386672119",
            "address": null
        },
        {
            "mobile": "3011202603",
            "name": "MUHAMMAD SAJID FAREED .",
            "cnic": "3220386672119",
            "address": null
        },
        {
            "mobile": "3011205703",
            "name": "MUHAMMAD SAJID FAREED .",
            "cnic": "3220386672119",
            "address": null
        },
        {
            "mobile": "3020757526",
            "name": "MUHAMMAD SAJID FAREED .",
            "cnic": "3220386672119",
            "address": null
        },
        {
            "mobile": "3095965524",
            "name": "MUHAMMAD SAJID FAREED .",
            "cnic": "3220386672119",
            "address": null
        },
        {
            "mobile": "3226735408",
            "name": "MUHAMMAD SAJID FAREED .",
            "cnic": "3220386672119",
            "address": null
        },
        {
            "mobile": "3404990376",
            "name": null,
            "cnic": "3220386672119",
            "address": null
        },
        {
            "mobile": "3404990358",
            "name": null,
            "cnic": "3220386672119",
            "address": null
        },
        {
            "mobile": "3404990357",
            "name": null,
            "cnic": "3220386672119",
            "address": null
        },
        {
            "mobile": "3427309775",
            "name": null,
            "cnic": "3220386672119",
            "address": null
        }
    ],
    "timestamp": "2024-02-02 14:29:14"
}{
    "status": 100,
    "data": [
        {
            "mobile": "3034435399",
            "name": "AFSHAAN B B .",
            "cnic": "3520175388908",
            "address": "HOUSE NUMBER E-206\/26-G STREET NUMBER 5 MOHALA MAST IQBAL ROAD CHUNGI AMARSIDHU LAHORE CANTT DISTRIC"
        },
        {
            "mobile": "3034435399",
            "name": "JAVERIYA BUKHARI .",
            "cnic": "3520217626562",
            "address": null
        }
    ],
    "timestamp": "2024-02-02 14:31:44"
}{
    "status": 100,
    "message": "No record Found",
    "timestamp": "2024-02-02 14:32:31"
}{
    "status": 100,
    "data": [
        {
            "mobile": "3097315487",
            "name": "MUHAMMAD SHAREEF .",
            "cnic": "3240273439257",
            "address": "TABBI LANDAN JAM PUR RAQBA LANDAN RAJAN TABBI LANDAN JAM PUR RAQBA LANDAN RAJAN Jam Shoro"
        }
    ],
    "timestamp": "2024-02-02 14:32:53"
}{
    "status": 100,
    "data": [
        {
            "mobile": "3088078789",
            "name": "MUHAMMAD SHEHBAZ .",
            "cnic": "3650215494007",
            "address": "97\/9 L SAHIWAL CHAK NUMBER 95\/9 L SAHIW WAL SAHIWAL G.P.O."
        },
        {
            "mobile": "3088078789",
            "name": "FAZAL WAHEED",
            "cnic": "9040201032405",
            "address": "POST BOX NUMBER 16142 DOHA QAT AR Lahore"
        }
    ],
    "timestamp": "2024-02-02 14:32:56"
}{
    "status": 100,
    "data": [
        {
            "mobile": "3075931343",
            "name": "MUHAMMAD BILAL .",
            "cnic": "3840122269789",
            "address": null
        }
    ],
    "timestamp": "2024-02-02 14:34:11"
}{
    "status": 100,
    "data": [
        {
            "mobile": "3071177278",
            "name": "MUHAMMAD BILAL .",
            "cnic": "3840122269789",
            "address": null
        },
        {
            "mobile": "3075931343",
            "name": "MUHAMMAD BILAL .",
            "cnic": "3840122269789",
            "address": null
        }
    ],
    "timestamp": "2024-02-02 14:34:39"
}{
    "status": 100,
    "data": [
        {
            "mobile": "3085077849",
            "name": "RASHEED ANWER .",
            "cnic": "3740557072473",
            "address": null
        },
        {
            "mobile": "3209107084",
            "name": "RASHEED ANWER .",
            "cnic": "3740557072473",
            "address": null
        },
        {
            "mobile": "3427930809",
            "name": "RASHEED ANWAR",
            "cnic": "3740557072473",
            "address": "POST OFFICE PIND JHATALA SARHANDI TEHSIL RAWALPINDI ZILAH RAWALPINDI"
        }
    ],
    "timestamp": "2024-02-02 14:35:54"
}{
    "status": 100,
    "data": [
        {
            "mobile": "3351086848",
            "name": "SAHMSHA BIBI .",
            "cnic": "3130177008364",
            "address": null
        }
    ],
    "timestamp": "2024-02-02 14:39:02"
}{
    "status": 100,
    "data": [
        {
            "mobile": "3351086840",
            "name": "ZOHRA BIBI .",
            "cnic": "3130184602788",
            "address": null
        },
        {
            "mobile": "3351086840",
            "name": "SHAMSH ALHAQ",
            "cnic": "3650214058155",
            "address": "STREET \/ MOHALA MADINA COLONY DAAK KHANA KHAS NAI"
        }
    ],
    "timestamp": "2024-02-02 14:39:28"
}{
    "status": 100,
    "data": [
        {
            "mobile": "3114781288",
            "name": "talha  ali",
            "cnic": "3440266431839",
            "address": null
        }
    ],
    "timestamp": "2024-02-02 14:41:38"
}{
    "status": 100,
    "data": [
        {
            "mobile": "3032007827",
            "name": "MUHAMMAD RAMZAN .",
            "cnic": "3220366457443",
            "address": null
        },
        {
            "mobile": "3032007827",
            "name": "ABDUL GHAFFAR .",
            "cnic": "3330361023635",
            "address": "DAAK KHANA KHAS CHAK 397 J B FATHU HUL TEHSIL TOBA TEK SINGH DISTRICT TOBA TEK SINGH  TOBA TAKE SI"
        }
    ],
    "timestamp": "2024-02-02 15:12:57"
}{
    "status": 100,
    "message": "No record Found",
    "timestamp": "2024-02-02 15:14:09"
}{
    "status": 100,
    "message": "No record Found",
    "timestamp": "2024-02-02 15:14:22"
}{
    "status": 100,
    "message": "No record Found",
    "timestamp": "2024-02-02 15:14:40"
}{
    "status": 100,
    "data": [
        {
            "mobile": "3439190304",
            "name": "MUHAMMAD WAQAS",
            "cnic": "3460366324947",
            "address": "NEW ADALAT GARHA POST OFFICE KHAS SIALKOT"
        },
        {
            "mobile": "3464538840",
            "name": null,
            "cnic": "3460366324947",
            "address": null
        },
        {
            "mobile": "3427735471",
            "name": null,
            "cnic": "3460366324947",
            "address": null
        }
    ],
    "timestamp": "2024-02-02 15:40:46"
}{
    "status": 100,
    "data": [
        {
            "mobile": "3139519797",
            "name": "DATA NOT RECIEVED FROM NADRA",
            "cnic": "1610151050317",
            "address": null
        }
    ],
    "timestamp": "2024-02-02 15:56:24"
}{
    "status": 100,
    "data": [
        {
            "mobile": "3036188334",
            "name": "NAZAR MUHAMMAD KHAN .",
            "cnic": "5520321608393",
            "address": "1 KOHLU MAUND BUJAR WADH KOHLU  WAH"
        }
    ],
    "timestamp": "2024-02-02 15:59:33"
}{
    "status": 100,
    "data": [
        {
            "mobile": "3019235036",
            "name": "MUHAMMAD ISMAIL",
            "cnic": "3650158487465",
            "address": null
        }
    ],
    "timestamp": "2024-02-02 16:04:42"
}{
    "status": 100,
    "data": [
        {
            "mobile": "3069247414",
            "name": "FAHAD ALMAS .",
            "cnic": "1330249299139",
            "address": null
        },
        {
            "mobile": "3069247414",
            "name": "SAFFIA BIBI .",
            "cnic": "3510345334054",
            "address": "village ahmed bhan SAKRAND City SHAHEED BENAZIR ABAD Lahore"
        }
    ],
    "timestamp": "2024-02-02 16:09:45"
}{
    "status": 100,
    "data": [
        {
            "mobile": "3315231605",
            "name": "SHAMILA KAUSAR",
            "cnic": "3730122474036",
            "address": "HOUSE NUMBER BXV-183 MOHALA GA"
        }
    ],
    "timestamp": "2024-02-02 16:10:05"
}{
    "status": 100,
    "data": [
        {
            "mobile": "3315231605",
            "name": "SHAMILA KAUSAR",
            "cnic": "3730122474036",
            "address": "HOUSE NUMBER BXV-183 MOHALA GA"
        },
        {
            "mobile": "3315956002",
            "name": "SHAMILA KAUSAR",
            "cnic": "3730122474036",
            "address": null
        }
    ],
    "timestamp": "2024-02-02 16:10:30"
}{
    "status": 100,
    "data": [
        {
            "mobile": "3229784736",
            "name": "SHAMSA ALLAUDDIN",
            "cnic": "3520212269432",
            "address": "HOUSE NUMBER 68 MOHALA TOWN SHIP BLOCK 4 SECTOR D WIN LAHORE"
        }
    ],
    "timestamp": "2024-02-02 16:12:41"
}{
    "status": 100,
    "data": [
        {
            "mobile": "3176546002",
            "name": "DATA NOT RECIEVED FROM NADRA",
            "cnic": "3230307208945",
            "address": null
        }
    ],
    "timestamp": "2024-02-02 16:14:52"
}{
    "status": 100,
    "data": [
        {
            "mobile": "3176548050",
            "name": "DATA NOT RECIEVED FROM NADRA",
            "cnic": "3230307208945",
            "address": null
        },
        {
            "mobile": "3326713724",
            "name": "FIDA HUSSAIN",
            "cnic": "3230307208945",
            "address": "GALI \/ MOHALA CHAH ISMAIL WALA"
        },
        {
            "mobile": "3433673454",
            "name": null,
            "cnic": "3230307208945",
            "address": null
        },
        {
            "mobile": "3176546002",
            "name": "DATA NOT RECIEVED FROM NADRA",
            "cnic": "3230307208945",
            "address": null
        }
    ],
    "timestamp": "2024-02-02 16:15:02"
}{
    "status": 100,
    "data": [
        {
            "mobile": "3204615941",
            "name": "UMAR FAROOQ .",
            "cnic": "3510284598717",
            "address": null
        }
    ],
    "timestamp": "2024-02-02 16:21:23"
}{
    "status": 100,
    "data": [
        {
            "mobile": "3019235036",
            "name": "MUHAMMAD ISMAIL",
            "cnic": "3650158487465",
            "address": null
        }
    ],
    "timestamp": "2024-02-02 16:23:31"
}{
    "status": 100,
    "data": [
        {
            "mobile": "3019235036",
            "name": "MUHAMMAD ISMAIL",
            "cnic": "3650158487465",
            "address": null
        },
        {
            "mobile": "3027581227",
            "name": "MUHAMMAD ISMAIL",
            "cnic": "3650158487465",
            "address": null
        },
        {
            "mobile": "3045490846",
            "name": "MUHAMMAD ISMAIL",
            "cnic": "3650158487465",
            "address": "CHAK # 172\/9 TAHSEEL DISTT CHEE  Sahiwaal"
        },
        {
            "mobile": "3403654330",
            "name": "MUHAMMAD ISMAIL",
            "cnic": "3650158487465",
            "address": "TABBA SULTAN PUR MAILSI NEW SAANDHA COLONY SAANDHA"
        },
        {
            "mobile": "3075307883",
            "name": "MUHAMMAD ISMAIL",
            "cnic": "3650158487465",
            "address": "CHAK # 172\/9 TAHSEEL DISTT CHEE  Sahiwaal"
        }
    ],
    "timestamp": "2024-02-02 16:23:40"
}{
    "status": 100,
    "data": [
        {
            "mobile": "3098811356",
            "name": "NASREEN .",
            "cnic": "3310224221516",
            "address": null
        }
    ],
    "timestamp": "2024-02-02 16:23:51"
}{
    "status": 100,
    "message": "No record Found",
    "timestamp": "2024-02-02 16:30:40"
}{
    "status": 100,
    "data": [
        {
            "mobile": "3056520030",
            "name": "MUHAMMAD HASNAIN KHAN .",
            "cnic": "3120171929127",
            "address": null
        }
    ],
    "timestamp": "2024-02-02 16:30:53"
}{
    "status": 100,
    "data": [
        {
            "mobile": "3095025409",
            "name": "MUHAMMAD USMAN .",
            "cnic": "3730192371377",
            "address": "HOUSE NUMBER 16 IHSAN ROAD KALA GOJRAAN N MOHALA WEST JHELUM JHELUM G.P.O."
        }
    ],
    "timestamp": "2024-02-02 16:36:16"
}{
    "status": 100,
    "message": "No record Found",
    "timestamp": "2024-02-02 16:42:04"
}{
    "status": 100,
    "data": [
        {
            "mobile": "3017930330",
            "name": "MUHAMMAD NAVEED .",
            "cnic": "3660219603459",
            "address": "DAAK KHANA TABBA SULTAN PUR CHAK NUMBER R 330 W B TEHSIL MAILSI DISTRICT VEHARI WAH"
        }
    ],
    "timestamp": "2024-02-02 16:42:42"
}{
    "status": 100,
    "message": "No record Found",
    "timestamp": "2024-02-02 16:47:23"
}{
    "status": 100,
    "message": "No record Found",
    "timestamp": "2024-02-02 16:47:31"
}{
    "status": 100,
    "data": [
        {
            "mobile": "3323130119",
            "name": "Mst Sahib Khatoon",
            "cnic": "4310365018294",
            "address": "City Village Tangwani Tehsil K"
        }
    ],
    "timestamp": "2024-02-02 16:50:04"
}{
    "status": 100,
    "data": [
        {
            "mobile": "3174167396",
            "name": "nadeem ghafoor chaudhry",
            "cnic": "3520265270915",
            "address": null
        },
        {
            "mobile": "3004099919",
            "name": "NADEEM GHAFOOR CH",
            "cnic": "3520265270915",
            "address": null
        },
        {
            "mobile": "3124099919",
            "name": "nadeem ghafoor chaudhry",
            "cnic": "3520265270915",
            "address": null
        },
        {
            "mobile": "3094192446",
            "name": "NADEEM GHAFOOR CH",
            "cnic": "3520265270915",
            "address": "H NO 66 BLOCK H MODEL TOWN Lahore"
        },
        {
            "mobile": "3004097871",
            "name": "NADEEM GHAFOOR CH",
            "cnic": "3520265270915",
            "address": "H NO 66 BLOCK H MODEL TOWN Lahore"
        }
    ],
    "timestamp": "2024-02-02 16:50:19"
}{
    "status": 100,
    "message": "No record Found",
    "timestamp": "2024-02-02 16:51:33"
}{
    "status": 100,
    "message": "No record Found",
    "timestamp": "2024-02-02 16:53:35"
}{
    "status": 100,
    "message": "No record Found",
    "timestamp": "2024-02-02 16:55:21"
}{
    "status": 100,
    "data": [
        {
            "mobile": "3334050611",
            "name": "M.AMIR ALI",
            "cnic": "3520229150035",
            "address": "Post-PAID"
        },
        {
            "mobile": "3009475896",
            "name": "MUHAMMAD AAMIR ALI BHATTI .",
            "cnic": "3520229150035",
            "address": "4 407 BHABHARHAH FEROZ PUR ROAD F C COLL EGE LAHORE CITY LAHORE LAHORE Lahore"
        },
        {
            "mobile": "3214171420",
            "name": "MUHAMMAD AAMIR ALI BHATTI .",
            "cnic": "3520229150035",
            "address": null
        },
        {
            "mobile": "3454050611",
            "name": "MUHAMMAD AAMIR ALI BHATTI .",
            "cnic": "3520229150035",
            "address": "4 407 BHABHARHAH FEROZ PUR ROAD F C COLL EGE LAHORE CITY LAHORE LAHORE Lahore"
        },
        {
            "mobile": "3009473848",
            "name": "MUHAMMAD AAMIR ALI BHATTI .",
            "cnic": "3520229150035",
            "address": "4 407 BHABHARHAH FEROZ PUR ROAD F C COLL EGE LAHORE CITY LAHORE LAHORE Lahore"
        }
    ],
    "timestamp": "2024-02-02 16:55:34"
}{
    "status": 100,
    "message": "No record Found",
    "timestamp": "2024-02-02 17:02:35"
}{
    "status": 100,
    "data": [
        {
            "mobile": "3137383330",
            "name": "Kashif  Hussain",
            "cnic": "4540270068135",
            "address": null
        }
    ],
    "timestamp": "2024-02-02 17:03:01"
}{
    "status": 100,
    "message": "No record Found",
    "timestamp": "2024-02-02 17:03:47"
}{
    "status": 100,
    "message": "No record Found",
    "timestamp": "2024-02-02 17:04:14"
}{
    "status": 100,
    "data": [
        {
            "mobile": "3369631054",
            "name": "AKBAR NIAZ CHOHAN",
            "cnic": "3630227810517",
            "address": ""
        }
    ],
    "timestamp": "2024-02-02 17:06:57"
}{
    "status": 100,
    "data": [
        {
            "mobile": "3061822561",
            "name": "SHAH NAWAZ",
            "cnic": "3330281859371",
            "address": "KHAS KAMALIH RAVI KHOKAR TOBA TEK SANGHA Sahiwaal"
        }
    ],
    "timestamp": "2024-02-02 17:09:22"
}{
    "status": 100,
    "data": [
        {
            "mobile": "3061824609",
            "name": "SHAH NAWAZ",
            "cnic": "3330281859371",
            "address": null
        },
        {
            "mobile": "3487533785",
            "name": "SHAH NAWAZ",
            "cnic": "3330281859371",
            "address": "KHAS KAMALIA RAVI KHOKAR TOBA TEK SINGH"
        },
        {
            "mobile": "3429212566",
            "name": "SHAH NAWAZ",
            "cnic": "3330281859371",
            "address": "KHAS KAMALIA RAVI KHOKAR TOBA TEK SINGH"
        },
        {
            "mobile": "3061822561",
            "name": "SHAH NAWAZ",
            "cnic": "3330281859371",
            "address": "KHAS KAMALIH RAVI KHOKAR TOBA TEK SANGHA Sahiwaal"
        }
    ],
    "timestamp": "2024-02-02 17:10:43"
}{
    "status": 100,
    "data": [
        {
            "mobile": "3064575568",
            "name": "AMAT AL RASHEED .",
            "cnic": "3510233925676",
            "address": "MALIK STREET MOHALA KOT QATAL GARHI KAS SUR KASUR G.P.O."
        },
        {
            "mobile": "3216533949",
            "name": "AMAT AL RASHEED",
            "cnic": "3510233925676",
            "address": "MALIK STREET MOHALA KOT QATAL GARHI KASUR"
        },
        {
            "mobile": "3234253279",
            "name": "AMAT AL RASHEED .",
            "cnic": "3510233925676",
            "address": null
        },
        {
            "mobile": "3403931118",
            "name": "AMAT AL RASHEED",
            "cnic": "3510233925676",
            "address": "MALIK STREET MOHALA KOT QATAL GARHI KASUR"
        },
        {
            "mobile": "3064573520",
            "name": "AMAT AL RASHEED .",
            "cnic": "3510233925676",
            "address": "MALIK STREET MOHALA KOT QATAL GARHI KAS SUR KASUR G.P.O."
        }
    ],
    "timestamp": "2024-02-02 17:13:39"
}{
    "status": 100,
    "data": [
        {
            "mobile": "3351625020",
            "name": "mian hammad ul haq",
            "cnic": "3460354527605",
            "address": "City GOHD PUR Tehsil\/District"
        }
    ],
    "timestamp": "2024-02-02 17:14:07"
}{
    "status": 100,
    "data": [
        {
            "mobile": "3368908778",
            "name": "saif ud din",
            "cnic": "5120139713327",
            "address": "City SAMANDAR SHUMALI Tehsil K"
        },
        {
            "mobile": "3368908778",
            "name": "PARDEEP KUMAR UDAS YE",
            "cnic": "5340437811149",
            "address": "GALI \/ MOHALA AFGHAN GALI DAAK"
        }
    ],
    "timestamp": "2024-02-02 17:35:16"
}{
    "status": 100,
    "message": "No record Found",
    "timestamp": "2024-02-02 17:41:06"
}{
    "status": 100,
    "data": [
        {
            "mobile": "3441478176",
            "name": null,
            "cnic": "1430127749410",
            "address": null
        },
        {
            "mobile": "3441478176",
            "name": "TARIQ ALI",
            "cnic": "5440026445521",
            "address": "QUETTA AIN UDDIN STREET QUETTA QUETTA"
        }
    ],
    "timestamp": "2024-02-02 17:42:39"
}{
    "status": 100,
    "data": [
        {
            "mobile": "3439257096",
            "name": "NOOR MUHAMMAD SHAH",
            "cnic": "1430119252977",
            "address": "GHAREEB KHAIL SENI GUMBAT KOHAT TOLANJ JADEED KOHA"
        }
    ],
    "timestamp": "2024-02-02 17:43:30"
}{
    "status": 100,
    "data": [
        {
            "mobile": "3060425873",
            "name": "MUHAMMAD ARIF .",
            "cnic": "3520286132719",
            "address": "9 BAHADUR STREET LAHORE CITY GOPAL NAGR  GULBERG III LAHORE LAHORE Lahore"
        }
    ],
    "timestamp": "2024-02-02 17:45:26"
}{
    "status": 100,
    "message": "No record Found",
    "timestamp": "2024-02-02 18:06:38"
}{
    "status": 100,
    "message": "No record Found",
    "timestamp": "2024-02-02 18:06:49"
}{
    "status": 100,
    "data": [
        {
            "mobile": "3118665644",
            "name": "DATA NOT RECIEVED FROM NADRA",
            "cnic": "3310263865199",
            "address": null
        },
        {
            "mobile": "3038316689",
            "name": "TAJ DEEN .",
            "cnic": "3310263865199",
            "address": null
        },
        {
            "mobile": "3236029001",
            "name": "TAJ DEEN .",
            "cnic": "3310263865199",
            "address": null
        },
        {
            "mobile": "3118663596",
            "name": "DATA NOT RECIEVED FROM NADRA",
            "cnic": "3310263865199",
            "address": null
        }
    ],
    "timestamp": "2024-02-02 18:07:44"
}{
    "status": 100,
    "data": [
        {
            "mobile": "3041482818",
            "name": "MUDASSAR ALI .",
            "cnic": "3310046712487",
            "address": "village ahmed bhan SAKRAND City SHAHEED BENAZIR ABAD Lahore"
        }
    ],
    "timestamp": "2024-02-02 18:11:56"
}{
    "status": 100,
    "data": [
        {
            "mobile": "3077836602",
            "name": "MUHAMMAD ISHAQ .",
            "cnic": "3610316440489",
            "address": "DAAK KHANA KHAS CHAK NUMBER 78\/10 AAR T TEHSIL KHANEWAL DISTRICT KHANEWAL G.P.O."
        },
        {
            "mobile": "3077836602",
            "name": "HAQ NAWAZ .",
            "cnic": "3620153603625",
            "address": "DAAK KHANA ADDA ZAKHIRAH CHAK NUMBER 299 D BLUE B TEHSIL DUNIYAPUR DISTRICT LODHRAN  LODHRAN"
        }
    ],
    "timestamp": "2024-02-02 18:15:49"
}{
    "status": 100,
    "message": "No record Found",
    "timestamp": "2024-02-02 18:16:51"
}{
    "status": 100,
    "message": "No record Found",
    "timestamp": "2024-02-02 18:17:06"
}{
    "status": 100,
    "data": [
        {
            "mobile": "3329585619",
            "name": "HASEENA MAIE",
            "cnic": "3240315927742",
            "address": "MOHALA SARAYEAN RAJAN PUR"
        }
    ],
    "timestamp": "2024-02-02 19:14:26"
}{
    "status": 100,
    "message": "No record Found",
    "timestamp": "2024-02-02 19:15:40"
}{
    "status": 100,
    "message": "No record Found",
    "timestamp": "2024-02-02 19:16:04"
}{
    "status": 100,
    "data": [
        {
            "mobile": "3145068282",
            "name": "DATA NOT RECIEVED FROM NADRA",
            "cnic": "3710133544510",
            "address": null
        }
    ],
    "timestamp": "2024-02-02 19:16:14"
}{
    "status": 100,
    "data": [
        {
            "mobile": "3046186186",
            "name": "MARTAZA JAMSHAID .",
            "cnic": "3610499447583",
            "address": null
        }
    ],
    "timestamp": "2024-02-02 19:20:51"
}{
    "status": 100,
    "data": [
        {
            "mobile": "3342151178",
            "name": "SALAH UDDIN",
            "cnic": "4330407453097",
            "address": "21\/485 SHARPWRBW BAZARARI NEHA"
        },
        {
            "mobile": "3342151178",
            "name": "MASMAAT IQBAL",
            "cnic": "4330422700686",
            "address": "SHIKARPUR HAJI LATIF SHAH SUND"
        }
    ],
    "timestamp": "2024-02-02 19:39:58"
}{
    "status": 100,
    "message": "No record Found",
    "timestamp": "2024-02-02 19:41:13"
}{
    "status": 100,
    "message": "No record Found",
    "timestamp": "2024-02-02 19:41:34"
}{
    "status": 100,
    "message": "No record Found",
    "timestamp": "2024-02-02 20:25:03"
}{
    "status": 100,
    "message": "No record Found",
    "timestamp": "2024-02-02 21:43:04"
}{
    "status": 100,
    "message": "No record Found",
    "timestamp": "2024-02-02 21:43:55"
}{
    "status": 100,
    "message": "No record Found",
    "timestamp": "2024-02-02 21:44:33"
}{
    "status": 100,
    "message": "No record Found",
    "timestamp": "2024-02-02 22:10:17"
}{
    "status": 100,
    "data": [
        {
            "mobile": "3081748108",
            "name": "NAZAR HUSSAIN .",
            "cnic": "3130445345121",
            "address": "CHAK NUMBER 156 P SADIQ ABAD GOTH  RAHIMYAR KHAN G.P.O."
        }
    ],
    "timestamp": "2024-02-02 22:11:36"
}{
    "status": 100,
    "message": "No record Found",
    "timestamp": "2024-02-02 22:12:31"
}{
    "status": 100,
    "data": [
        {
            "mobile": "3094143585",
            "name": "BANO BIBI .",
            "cnic": "3520179152892",
            "address": "OLD KAAHNA DAAK KHANA KAAHNA NO KA HNH KWHNH TEHSIL LAHORE CANTT DISTRICT LAHORE  PAKISTAN"
        }
    ],
    "timestamp": "2024-02-02 22:13:28"
}{
    "status": 100,
    "data": [
        {
            "mobile": "3478517071",
            "name": "MUHAMMAD SDHEERKHAN",
            "cnic": "3620188788631",
            "address": "KHAS DUNIYAPUR CHAK NUMBER 297 DABLIO BI LODHRAN"
        }
    ],
    "timestamp": "2024-02-02 22:42:37"
}{
    "status": 100,
    "message": "No record Found",
    "timestamp": "2024-02-02 22:55:31"
}{
    "status": 100,
    "data": [
        {
            "mobile": "3149355912",
            "name": "MUHAMMAD SHAHAB UD DIN KHAN",
            "cnic": "1510119835469",
            "address": "ABBOTTABAD . ."
        }
    ],
    "timestamp": "2024-02-02 22:56:53"
}{
    "status": 100,
    "message": "No record Found",
    "timestamp": "2024-02-02 22:59:05"
}{
    "status": 100,
    "message": "No record Found",
    "timestamp": "2024-02-02 22:59:12"
}{
    "status": 100,
    "data": [
        {
            "mobile": "3171128815",
            "name": "hina  ali",
            "cnic": "4220194660588",
            "address": null
        }
    ],
    "timestamp": "2024-02-02 22:59:21"
}