{
    "status": 100,
    "message": "No record Found",
    "timestamp": "2024-02-05 02:03:28"
}{
    "status": 100,
    "data": [
        {
            "mobile": "3077464664",
            "name": "YAMEEN .",
            "cnic": "3630202095301",
            "address": "BADHALA SUNNAT MULTAN DORANA LANGANA  Multan"
        }
    ],
    "timestamp": "2024-02-05 02:04:04"
}{
    "status": 100,
    "data": [
        {
            "mobile": "3116656315",
            "name": "DATA NOT RECIEVED FROM NADRA",
            "cnic": "3830325674004",
            "address": null
        }
    ],
    "timestamp": "2024-02-05 04:00:20"
}{
    "status": 100,
    "data": [
        {
            "mobile": "3032243992",
            "name": "SONIA AFZAL .",
            "cnic": "3830325674004",
            "address": null
        },
        {
            "mobile": "3033137663",
            "name": "SONIA AFZAL .",
            "cnic": "3830325674004",
            "address": "CHAK NUMBER 1 D B DAAK KHANA KHAS CHAK NUMBER 1 D B TEHSIL PIPLAAN DISTRICT MIANWALI  MIANWALI G.P.O"
        },
        {
            "mobile": "3207381744",
            "name": "SONIA AFZAL .",
            "cnic": "3830325674004",
            "address": null
        },
        {
            "mobile": "3116656315",
            "name": "DATA NOT RECIEVED FROM NADRA",
            "cnic": "3830325674004",
            "address": null
        },
        {
            "mobile": "3113089172",
            "name": "new  cust",
            "cnic": "3830325674004",
            "address": "Post-PAID"
        }
    ],
    "timestamp": "2024-02-05 04:00:36"
}{
    "status": 100,
    "message": "No record Found",
    "timestamp": "2024-02-05 04:12:19"
}{
    "status": 100,
    "data": [
        {
            "mobile": "3164435998",
            "name": "BABAR  ALI",
            "cnic": "1730116307259",
            "address": null
        }
    ],
    "timestamp": "2024-02-05 04:14:14"
}{
    "status": 100,
    "data": [
        {
            "mobile": "3161653020",
            "name": "ansar  hayat",
            "cnic": "3820174782515",
            "address": "Post-PAID"
        },
        {
            "mobile": "3161653020",
            "name": "ghulam  shabbir",
            "cnic": "3830352711307",
            "address": null
        }
    ],
    "timestamp": "2024-02-05 04:17:22"
}{
    "status": 100,
    "message": "No record Found",
    "timestamp": "2024-02-05 04:18:15"
}{
    "status": 100,
    "message": "No record Found",
    "timestamp": "2024-02-05 04:18:39"
}{
    "status": 100,
    "message": "No record Found",
    "timestamp": "2024-02-05 04:19:30"
}{
    "status": 100,
    "data": [
        {
            "mobile": "3430865657",
            "name": "MUHAMMAD ARBAB",
            "cnic": "3450216585817",
            "address": "POST OFFICE DODHO CHAK MENGRRA TEHSIL SHAKAR GARH ZILAH NAROWAL"
        }
    ],
    "timestamp": "2024-02-05 04:19:55"
}{
    "status": 100,
    "message": "No record Found",
    "timestamp": "2024-02-05 04:43:22"
}{
    "status": 100,
    "message": "No record Found",
    "timestamp": "2024-02-05 04:43:46"
}{
    "status": 100,
    "data": [
        {
            "mobile": "3367915178",
            "name": "FOZIA BIBI .",
            "cnic": "3130178351530",
            "address": null
        }
    ],
    "timestamp": "2024-02-05 05:09:09"
}{
    "status": 100,
    "data": [
        {
            "mobile": "3021440502",
            "name": "MUHAMMAD ABID ALI .",
            "cnic": "3520150758181",
            "address": null
        }
    ],
    "timestamp": "2024-02-05 05:09:56"
}{
    "status": 100,
    "data": [
        {
            "mobile": "3496621540",
            "name": "GHULAM MUHAMMAD",
            "cnic": "3330208602591",
            "address": "DAAK KHANA KHAS CHAK NUMBER 125\/7 A YE AAR TEHSIL"
        }
    ],
    "timestamp": "2024-02-05 05:14:51"
}{
    "status": 100,
    "message": "No record Found",
    "timestamp": "2024-02-05 05:19:52"
}{
    "status": 100,
    "message": "No record Found",
    "timestamp": "2024-02-05 05:50:56"
}{
    "status": 100,
    "message": "No record Found",
    "timestamp": "2024-02-05 06:03:52"
}{
    "status": 100,
    "data": [
        {
            "mobile": "3016284177",
            "name": "AZAM ALI",
            "cnic": "3410304484467",
            "address": "KHAS NOWSHERA WARQA MATTA WARQ A GUJRANWALA Lahore"
        }
    ],
    "timestamp": "2024-02-05 06:23:41"
}{
    "status": 100,
    "data": [
        {
            "mobile": "3026284177",
            "name": "SYED FAKHAR RAZA",
            "cnic": "3450261688629",
            "address": "NOOR KOT SHAKAR GARRH KASRAJ Narowal"
        },
        {
            "mobile": "3026284177",
            "name": "GHULAM HAJRAH .",
            "cnic": "3840408410290",
            "address": null
        }
    ],
    "timestamp": "2024-02-05 06:24:02"
}{
    "timestamp": "2024-02-05 06:41:40"
}{
    "status": 100,
    "message": "No record Found",
    "timestamp": "2024-02-05 06:43:47"
}{
    "status": 100,
    "data": [
        {
            "mobile": "3354470885",
            "name": "muhammad sajjad",
            "cnic": "3510301411049",
            "address": "City NAU THEH JAGIR Tehsil PAT"
        },
        {
            "mobile": "3314234476",
            "name": "muhammad sajjad",
            "cnic": "3510301411049",
            "address": "City NAU THEH JAGIR Tehsil PAT"
        },
        {
            "mobile": "3354903403",
            "name": "muhammad sajjad",
            "cnic": "3510301411049",
            "address": "City NAU THEH JAGIR Tehsil PAT"
        }
    ],
    "timestamp": "2024-02-05 06:44:24"
}{
    "status": 100,
    "data": [
        {
            "mobile": "3354470885",
            "name": "muhammad sajjad",
            "cnic": "3510301411049",
            "address": "City NAU THEH JAGIR Tehsil PAT"
        }
    ],
    "timestamp": "2024-02-05 06:45:38"
}{
    "status": 100,
    "data": [
        {
            "mobile": "3453260349",
            "name": "MUHAMMAD TAHIR JAVED",
            "cnic": "3620105417387",
            "address": "DUNIA PUR DUNIYA PUR CHAK NUMBER 344 W BELODHARAN"
        }
    ],
    "timestamp": "2024-02-05 06:53:54"
}{
    "status": 100,
    "data": [
        {
            "mobile": "3334442721",
            "name": "FALAK SHABBIR",
            "cnic": "3520180338093",
            "address": null
        }
    ],
    "timestamp": "2024-02-05 07:04:03"
}{
    "status": 100,
    "data": [
        {
            "mobile": "3057604334",
            "name": "MUHAMMAD HAMID JAVED .",
            "cnic": "3120575052793",
            "address": null
        },
        {
            "mobile": "3124735176",
            "name": "muhammad hamid javed",
            "cnic": "3120575052793",
            "address": null
        },
        {
            "mobile": "3126111792",
            "name": "muhammad hamid javed",
            "cnic": "3120575052793",
            "address": null
        },
        {
            "mobile": "3057602286",
            "name": "MUHAMMAD HAMID JAVED .",
            "cnic": "3120575052793",
            "address": "DAAK KHANA KHAS CHAK NUMBER 108 D B  BAHAWALPUR G.P.O."
        }
    ],
    "timestamp": "2024-02-05 07:15:50"
}{
    "status": 100,
    "message": "No record Found",
    "timestamp": "2024-02-05 07:26:57"
}{
    "status": 100,
    "message": "No record Found",
    "timestamp": "2024-02-05 07:27:04"
}{
    "status": 100,
    "data": [
        {
            "mobile": "3466140826",
            "name": "ALI RAZA",
            "cnic": "6110135350435",
            "address": "DAAK KHANA CHAK BEDI RAMPUR TEHSIL PAK PATTAN SHAR"
        },
        {
            "mobile": "3498159074",
            "name": "ALI RAZA",
            "cnic": "6110135350435",
            "address": "DAAK KHANA CHAK BEDI RAMPUR TEHSIL PAK PATTAN SHAR"
        },
        {
            "mobile": "3465539651",
            "name": null,
            "cnic": "6110135350435",
            "address": null
        }
    ],
    "timestamp": "2024-02-05 07:44:15"
}{
    "status": 100,
    "data": [
        {
            "mobile": "3489628229",
            "name": null,
            "cnic": "1530203172773",
            "address": null
        },
        {
            "mobile": "3489628229",
            "name": "MEHTAB KHAN",
            "cnic": "1530289405251",
            "address": "MOHALA SHANGRAI PINE TEMARGARA DISTRICT LOWER DIR"
        }
    ],
    "timestamp": "2024-02-05 07:54:12"
}{
    "status": 100,
    "data": [
        {
            "mobile": "3042555686",
            "name": "MUHAMMAD ABUBAKER .",
            "cnic": "3130213639401",
            "address": "GUL MUHAMMAD LANGAH LIAQUAT PUR MOZU  Rahim Yar Khan"
        },
        {
            "mobile": "3042555686",
            "name": "MUHAMMAD WAQAS SUBHANI .",
            "cnic": "3630291169669",
            "address": null
        }
    ],
    "timestamp": "2024-02-05 07:56:15"
}{
    "status": 100,
    "data": [
        {
            "mobile": "3128256396",
            "name": "muhammad waqas subhani",
            "cnic": "3630291169669",
            "address": null
        },
        {
            "mobile": "3042555686",
            "name": "MUHAMMAD WAQAS SUBHANI .",
            "cnic": "3630291169669",
            "address": null
        },
        {
            "mobile": "3128254348",
            "name": "muhammad waqas subhani",
            "cnic": "3630291169669",
            "address": null
        },
        {
            "mobile": "3042553638",
            "name": "MUHAMMAD WAQAS SUBHANI .",
            "cnic": "3630291169669",
            "address": "69 6 Y MULTAN NEW MULTAN COLONY MULTAN  Multan"
        },
        {
            "mobile": "3017441930",
            "name": "MUHAMMAD WAQAS SUBHANI .",
            "cnic": "3630291169669",
            "address": "69 6 Y MULTAN NEW MULTAN COLONY MULTAN  Multan"
        }
    ],
    "timestamp": "2024-02-05 07:58:14"
}{
    "status": 100,
    "message": "No record Found",
    "timestamp": "2024-02-05 08:45:51"
}{
    "status": 100,
    "message": "No record Found",
    "timestamp": "2024-02-05 08:49:32"
}{
    "status": 100,
    "message": "No record Found",
    "timestamp": "2024-02-05 08:49:56"
}{
    "status": 100,
    "message": "No record Found",
    "timestamp": "2024-02-05 08:51:42"
}{
    "status": 100,
    "data": [
        {
            "mobile": "3442427609",
            "name": "ZUBAIDA B B",
            "cnic": "3610404024958",
            "address": "CHAK NUMBER 132\/16 L MIAN CHUNNU CHAK NUMBER 131\/1"
        }
    ],
    "timestamp": "2024-02-05 08:52:37"
}{
    "status": 100,
    "data": [
        {
            "mobile": "3040501717",
            "name": "SHAMEEM ASIF .",
            "cnic": "3530145495850",
            "address": null
        }
    ],
    "timestamp": "2024-02-05 09:05:13"
}{
    "status": 100,
    "message": "No record Found",
    "timestamp": "2024-02-05 09:07:14"
}{
    "status": 100,
    "message": "No record Found",
    "timestamp": "2024-02-05 09:07:39"
}{
    "status": 100,
    "data": [
        {
            "mobile": "3338764277",
            "name": "Muhammad Yousaf Butt",
            "cnic": "3460303032207",
            "address": "House No 11\/148 Shujabad "
        }
    ],
    "timestamp": "2024-02-05 09:15:15"
}{
    "status": 100,
    "message": "No record Found",
    "timestamp": "2024-02-05 09:22:15"
}{
    "status": 100,
    "data": [
        {
            "mobile": "3036448912",
            "name": "KALEEM ALLAH",
            "cnic": "3240333672691",
            "address": "ROJHAAN ROJHAAN QADIRA RAJAN PUR"
        }
    ],
    "timestamp": "2024-02-05 09:22:22"
}{
    "status": 100,
    "message": "No record Found",
    "timestamp": "2024-02-05 09:41:41"
}{
    "status": 100,
    "data": [
        {
            "mobile": "3339169238",
            "name": "MUHAMMAD ASIF",
            "cnic": "3740519647619",
            "address": "House No NE-1211 Gali No 15 DH"
        }
    ],
    "timestamp": "2024-02-05 09:54:20"
}{
    "status": 100,
    "data": [
        {
            "mobile": "3005177862",
            "name": "MUHAMMAD ASIF",
            "cnic": "3740519647619",
            "address": "HOUSE NO NE-1211 GALI NO 15 DH"
        },
        {
            "mobile": "3339169238",
            "name": "MUHAMMAD ASIF",
            "cnic": "3740519647619",
            "address": "House No NE-1211 Gali No 15 DH"
        },
        {
            "mobile": "3345478938",
            "name": "DATA NOT RECIEVED FROM NADRA",
            "cnic": "3740519647619",
            "address": null
        }
    ],
    "timestamp": "2024-02-05 09:54:37"
}{
    "status": 100,
    "message": "No record Found",
    "timestamp": "2024-02-05 10:44:32"
}{
    "status": 100,
    "data": [
        {
            "mobile": "3480798362",
            "name": "AFZAL MAIE",
            "cnic": "3810101560112",
            "address": "KHAS BHAKKAR CHAH MURREED WALA KHANSAR NORTH BHAKK"
        },
        {
            "mobile": "3454924328",
            "name": "AFZAL MAIE",
            "cnic": "3810101560112",
            "address": "KHAS BHAKKAR CHAH MURREED WALA KHANSAR NORTH BHAKK"
        },
        {
            "mobile": "3080720327",
            "name": "AFZAL MAI .",
            "cnic": "3810101560112",
            "address": "village ahmed bhan SAKRAND City SHAHEED BENAZIR ABAD Lahore"
        }
    ],
    "timestamp": "2024-02-05 10:45:34"
}{
    "timestamp": "2024-02-05 10:51:13"
}{
    "status": 100,
    "data": [
        {
            "mobile": "3028773306",
            "name": "SOHA KHAN .",
            "cnic": "3130331617206",
            "address": "village ahmed bhan SAKRAND City SHAHEED BENAZIR ABAD Lahore"
        }
    ],
    "timestamp": "2024-02-05 10:52:10"
}{
    "status": 100,
    "message": "No record Found",
    "timestamp": "2024-02-05 11:02:57"
}{
    "status": 100,
    "data": [
        {
            "mobile": "3165678892",
            "name": "Sheikh Kashif Saleem",
            "cnic": "3740582485229",
            "address": null
        }
    ],
    "timestamp": "2024-02-05 11:07:22"
}{
    "status": 100,
    "data": [
        {
            "mobile": "3084767698",
            "name": "ARBAB SHAHID .",
            "cnic": "3310687049070",
            "address": "DAAK KHANA KHAS GARH TEHSIL TANDLIANWAL LA DISTRICT FAISAL ABAD FAISALABAD G.P.O."
        }
    ],
    "timestamp": "2024-02-05 11:10:05"
}{
    "status": 100,
    "data": [
        {
            "mobile": "3402178653",
            "name": "MIR MUHAMMAD",
            "cnic": "3310666325869",
            "address": "DAAK KHANA JHAMRAH THATTA DADO KA TEHSIL TANDLIANW"
        }
    ],
    "timestamp": "2024-02-05 11:22:54"
}{
    "status": 100,
    "message": "No record Found",
    "timestamp": "2024-02-05 11:23:25"
}{
    "status": 100,
    "data": [
        {
            "mobile": "3173558951",
            "name": "DATA NOT RECIEVED FROM NADRA",
            "cnic": "4120164665120",
            "address": null
        }
    ],
    "timestamp": "2024-02-05 12:12:25"
}{
    "status": 100,
    "message": "No record Found",
    "timestamp": "2024-02-05 12:18:19"
}{
    "status": 100,
    "data": [
        {
            "mobile": "3216134958",
            "name": "NOOR BAKHAT .",
            "cnic": "3310673505266",
            "address": null
        }
    ],
    "timestamp": "2024-02-05 12:19:50"
}{
    "status": 100,
    "data": [
        {
            "mobile": "3331234567",
            "name": "muhammad kashif",
            "cnic": "3520296868939",
            "address": "nain sukh shahdrah City LAHORE"
        },
        {
            "mobile": "3331234567",
            "name": "GOUHAR BILAL",
            "cnic": "3530298301247",
            "address": "B-12R\/121 2 OKARA OKARA OKARA"
        }
    ],
    "timestamp": "2024-02-05 12:20:45"
}{
    "status": 100,
    "data": [
        {
            "mobile": "3111111111",
            "name": "bilal  khan",
            "cnic": "4230121399595",
            "address": null
        }
    ],
    "timestamp": "2024-02-05 12:21:47"
}{
    "status": 100,
    "data": [
        {
            "mobile": "3313933054",
            "name": "Amanullah",
            "cnic": "5520221489489",
            "address": "City Bohari Tehsil Kohlu Sub-"
        }
    ],
    "timestamp": "2024-02-05 12:25:53"
}{
    "status": 100,
    "data": [
        {
            "mobile": "3138220563",
            "name": "naeem ahmed siddiqui",
            "cnic": "4220130137773",
            "address": null
        }
    ],
    "timestamp": "2024-02-05 12:33:44"
}{
    "status": 100,
    "data": [
        {
            "mobile": "3002040983",
            "name": "NAEEM AHMED SIDDIQUE",
            "cnic": "4220130137773",
            "address": "B 35 01 MALIR EXT COLONY Karachi"
        },
        {
            "mobile": "3162970949",
            "name": "naeem ahmed siddiqui",
            "cnic": "4220130137773",
            "address": null
        },
        {
            "mobile": "3490832652",
            "name": "NAEEM AHMED SADDIQUI",
            "cnic": "4220130137773",
            "address": "KARACHI NAZIMABAD SHARKI MALEER TOUSEE COLONY KHOKHAR APAR KARACHI KARACHI SHARKI"
        },
        {
            "mobile": "3138220563",
            "name": "naeem ahmed siddiqui",
            "cnic": "4220130137773",
            "address": null
        },
        {
            "mobile": "3118417639",
            "name": "naeem ahmed siddiqui",
            "cnic": "4220130137773",
            "address": null
        }
    ],
    "timestamp": "2024-02-05 12:34:43"
}{
    "status": 100,
    "data": [
        {
            "mobile": "3005490160",
            "name": "ALI ZULQARNAIN KHAN .",
            "cnic": "3710149600083",
            "address": "NARTOPA HAZRO MOHALA KAPOOR KHAIL KHAGWA NE ATTOCK Attock"
        }
    ],
    "timestamp": "2024-02-05 12:45:26"
}{
    "status": 100,
    "data": [
        {
            "mobile": "3016457541",
            "name": "MUBASHIR ALI .",
            "cnic": "3310488439729",
            "address": "PO KHAS CHAK 61 G B MAHARAN  FAISALABAD G.P.O."
        },
        {
            "mobile": "3016457541",
            "name": "MUHAMMAD JAMEEL .",
            "cnic": "3460322874221",
            "address": null
        }
    ],
    "timestamp": "2024-02-05 14:02:39"
}{
    "status": 100,
    "message": "No record Found",
    "timestamp": "2024-02-05 14:19:53"
}{
    "status": 100,
    "data": [
        {
            "mobile": "3466272186",
            "name": "MUHAMMAD AKBAR ALI",
            "cnic": "3620113389885",
            "address": "1 JHUNDHEER WAH DUNIYAPUR CHAK NUMBER 291 D BLUE B"
        }
    ],
    "timestamp": "2024-02-05 14:26:49"
}{
    "status": 100,
    "data": [
        {
            "mobile": "3021806866",
            "name": "SUKH BAI .",
            "cnic": "4140939535554",
            "address": null
        }
    ],
    "timestamp": "2024-02-05 14:33:27"
}{
    "status": 100,
    "data": [
        {
            "mobile": "3021806866",
            "name": "SUKH BAI .",
            "cnic": "4140939535554",
            "address": null
        },
        {
            "mobile": "3032248619",
            "name": "SUKH BAI .",
            "cnic": "4140939535554",
            "address": null
        }
    ],
    "timestamp": "2024-02-05 14:33:53"
}{
    "status": 100,
    "message": "No record Found",
    "timestamp": "2024-02-05 14:46:13"
}{
    "status": 100,
    "message": "No record Found",
    "timestamp": "2024-02-05 14:49:05"
}{
    "status": 100,
    "message": "No record Found",
    "timestamp": "2024-02-05 14:51:06"
}{
    "status": 100,
    "message": "No record Found",
    "timestamp": "2024-02-05 14:51:34"
}{
    "status": 100,
    "message": "No record Found",
    "timestamp": "2024-02-05 14:51:53"
}{
    "status": 100,
    "message": "No record Found",
    "timestamp": "2024-02-05 14:53:56"
}{
    "status": 100,
    "data": [
        {
            "mobile": "3088251608",
            "name": "SAJAWAL KHAN",
            "cnic": "5340364778741",
            "address": "JHAT PATSHAHEED MURAD COLONY D ERA A YAAR NASEERABAD Jaffarabad"
        }
    ],
    "timestamp": "2024-02-05 14:54:10"
}{
    "status": 100,
    "data": [
        {
            "mobile": "3336218574",
            "name": "MOHAMMAD HAFEEZ",
            "cnic": "3240421256443",
            "address": "MOZA   QADRAN  DAKHANA"
        },
        {
            "mobile": "3336218574",
            "name": "ASIM  RASHEED",
            "cnic": "3610218709459",
            "address": "KHAS KABEER WALA CHAK NUMBER 1"
        }
    ],
    "timestamp": "2024-02-05 14:54:34"
}{
    "status": 100,
    "message": "No record Found",
    "timestamp": "2024-02-05 14:54:42"
}{
    "status": 100,
    "data": [
        {
            "mobile": "3336218574",
            "name": "MOHAMMAD HAFEEZ",
            "cnic": "3240421256443",
            "address": "MOZA   QADRAN  DAKHANA"
        },
        {
            "mobile": "3106509544",
            "name": "DATA NOT RECIEVED FROM NADRA",
            "cnic": "3240421256443",
            "address": null
        },
        {
            "mobile": "3156218574",
            "name": "DATA NOT RECIEVED FROM NADRA",
            "cnic": "3240421256443",
            "address": null
        },
        {
            "mobile": "3017940341",
            "name": "MUHAMMAD HAFEEZ",
            "cnic": "3240421256443",
            "address": "MOZA QADRA P\/O MURGAI ROJAH UCH Sharif"
        },
        {
            "mobile": "3456150393",
            "name": "MUHAMMAD HAFEEZ",
            "cnic": "3240421256443",
            "address": "MURGHAI ROJHAAN MOZU QADIRA RAJAN PUR"
        },
        {
            "mobile": "3336216526",
            "name": "MOHAMMAD HAFEEZ",
            "cnic": "3240421256443",
            "address": "MOZA   QADRAN  DAKHANA"
        },
        {
            "mobile": "3017938293",
            "name": "MUHAMMAD HAFEEZ",
            "cnic": "3240421256443",
            "address": "MOZA QADRA P\/O MURGAI ROJAH UCH Sharif"
        }
    ],
    "timestamp": "2024-02-05 14:54:55"
}{
    "status": 100,
    "message": "No record Found",
    "timestamp": "2024-02-05 14:54:56"
}{
    "status": 100,
    "message": "No record Found",
    "timestamp": "2024-02-05 14:55:16"
}{
    "status": 100,
    "data": [
        {
            "mobile": "3404338381",
            "name": "BASHRI B B",
            "cnic": "3540506697576",
            "address": "MUREEDKAY DERA KAMBOH WALA MUREEDKAY SHEKHUPURA"
        }
    ],
    "timestamp": "2024-02-05 14:55:51"
}{
    "status": 100,
    "data": [
        {
            "mobile": "3032159435",
            "name": "ABDUL RAZZAQ",
            "cnic": "4420397826239",
            "address": "WORKSHOP SANGHAR CHAK NUMBER 2 4 SANGHAR Lahore"
        }
    ],
    "timestamp": "2024-02-05 14:56:45"
}{
    "status": 100,
    "message": "No record Found",
    "timestamp": "2024-02-05 14:57:16"
}{
    "timestamp": "2024-02-05 14:57:59"
}{
    "status": 100,
    "message": "No record Found",
    "timestamp": "2024-02-05 14:57:59"
}{
    "status": 100,
    "message": "No record Found",
    "timestamp": "2024-02-05 14:58:09"
}{
    "status": 100,
    "message": "No record Found",
    "timestamp": "2024-02-05 14:58:41"
}{
    "status": 100,
    "data": [
        {
            "mobile": "3016416626",
            "name": "LIAQUAT ALI .",
            "cnic": "3310213378479",
            "address": null
        },
        {
            "mobile": "3016416626",
            "name": "FALAK SHAIR",
            "cnic": "3840548123677",
            "address": "S\\O DOST MUHAMMAD CHAK # 154 P.O. SHAH N IKDARTEHSIL SIRINWALI Sargodha"
        }
    ],
    "timestamp": "2024-02-05 14:58:57"
}{
    "status": 100,
    "data": [
        {
            "mobile": "3067470270",
            "name": "ROBINA HABIB .",
            "cnic": "3230237474760",
            "address": "DAAK KHANA JATOI SAHO TEHSIL JATOI DIST TRICT MUZAFFAR GARH MUZAFFARGARH G.P.O."
        }
    ],
    "timestamp": "2024-02-05 14:59:25"
}{
    "status": 100,
    "message": "No record Found",
    "timestamp": "2024-02-05 14:59:57"
}{
    "status": 100,
    "data": [
        {
            "mobile": "3084530451",
            "name": "SHEHZAD HABIB .",
            "cnic": "4210166958207",
            "address": "village ahmed bhan SAKRAND City SHAHEED BENAZIR ABAD Lahore"
        }
    ],
    "timestamp": "2024-02-05 15:00:06"
}{
    "timestamp": "2024-02-05 15:00:26"
}{
    "timestamp": "2024-02-05 15:00:40"
}{
    "status": 100,
    "data": [
        {
            "mobile": "3067632070",
            "name": "M SARWAR",
            "cnic": "3540503459507",
            "address": "NAWAN PIND KAMWAN NAWAN PIND KAMWAN Sheikhupura"
        }
    ],
    "timestamp": "2024-02-05 15:00:55"
}{
    "status": 100,
    "message": "No record Found",
    "timestamp": "2024-02-05 15:02:37"
}{
    "status": 100,
    "data": [
        {
            "mobile": "3493213540",
            "name": "MUHAMMAD ANAYAT ALLAH",
            "cnic": "3320147661845",
            "address": "345 FATEH ABAD RAILWAY ROAD CHINIOT CHINIOT CHINIO"
        },
        {
            "mobile": "3060495003",
            "name": "MUHAMMAD ANAYAT ULLAH .",
            "cnic": "3320147661845",
            "address": "village ahmed bhan SAKRAND City SHAHEED BENAZIR ABAD Lahore"
        },
        {
            "mobile": "3237320003",
            "name": "MUHAMMAD ANAYAT ULLAH .",
            "cnic": "3320147661845",
            "address": null
        },
        {
            "mobile": "3498865806",
            "name": "MUHAMMAD ANAYAT ALLAH",
            "cnic": "3320147661845",
            "address": "345 FATEH ABAD RAILWAY ROAD CHINIOT CHINIOT CHINIO"
        },
        {
            "mobile": "3488135003",
            "name": null,
            "cnic": "3320147661845",
            "address": null
        },
        {
            "mobile": "3237317955",
            "name": "MUHAMMAD INAYAT ULLAH",
            "cnic": "3320147661845",
            "address": "345 FATAH ABAD RAILWAY ROAD CHINIOT CHINIOT CHINIOT JHANG"
        }
    ],
    "timestamp": "2024-02-05 15:11:04"
}{
    "status": 100,
    "data": [
        {
            "mobile": "3176709811",
            "name": "aman  ullah",
            "cnic": "3610216167577",
            "address": null
        },
        {
            "mobile": "3176709811",
            "name": "muhammad sohail abbas",
            "cnic": "3630281922809",
            "address": null
        }
    ],
    "timestamp": "2024-02-05 15:12:18"
}{
    "status": 100,
    "message": "No record Found",
    "timestamp": "2024-02-05 15:13:43"
}{
    "status": 100,
    "data": [
        {
            "mobile": "3455488601",
            "name": "SHAHID IMRAN",
            "cnic": "3740114444271",
            "address": "SYED GOJAR KHAN DHOK HAIDRI RAWALPINDI"
        }
    ],
    "timestamp": "2024-02-05 15:25:09"
}{
    "status": 100,
    "data": [
        {
            "mobile": "3075854197",
            "name": "SARFRAZ AHMAD .",
            "cnic": "3660205487217",
            "address": "PANCH MARLAH SCHEME DAAK KHANA KARAM PUR BORANA KHAS TEHSIL MAILSI DISTRICT VEHARI  WAH"
        },
        {
            "mobile": "3497692549",
            "name": "SARFARAZ AHMED",
            "cnic": "3660205487217",
            "address": "PANCH MARLAH SCHEME DAAK KHANA KARAM PUR BORANA KH"
        },
        {
            "mobile": "3087592846",
            "name": "SARFRAZ AHMAD .",
            "cnic": "3660205487217",
            "address": "PANCH MARLAH SCHEME DAAK KHANA KARAM PUR BORANA KHAS TEHSIL MAILSI DISTRICT VEHARI  WAH"
        },
        {
            "mobile": "3357762854",
            "name": "SARFRAZ AHMAD .",
            "cnic": "3660205487217",
            "address": null
        },
        {
            "mobile": "3075852149",
            "name": "SARFRAZ AHMAD .",
            "cnic": "3660205487217",
            "address": "PANCH MARLAH SCHEME DAAK KHANA KARAM PUR BORANA KHAS TEHSIL MAILSI DISTRICT VEHARI  WAH"
        },
        {
            "mobile": "3087590798",
            "name": "SARFRAZ AHMAD .",
            "cnic": "3660205487217",
            "address": "PANCH MARLAH SCHEME DAAK KHANA KARAM PUR BORANA KHAS TEHSIL MAILSI DISTRICT VEHARI  WAH"
        }
    ],
    "timestamp": "2024-02-05 15:27:17"
}{
    "status": 100,
    "message": "No record Found",
    "timestamp": "2024-02-05 15:29:22"
}{
    "status": 100,
    "message": "No record Found",
    "timestamp": "2024-02-05 15:29:59"
}{
    "status": 100,
    "data": [
        {
            "mobile": "3016796680",
            "name": "BUSHRA B B .",
            "cnic": "3340105859520",
            "address": "CHINIOT GHAFOOR ABAD CHINIOT CHINIOT  CHINIOT"
        },
        {
            "mobile": "3150074588",
            "name": "DATA NOT RECIEVED FROM NADRA",
            "cnic": "3340105859520",
            "address": null
        },
        {
            "mobile": "3029889168",
            "name": "BUSHRA B B .",
            "cnic": "3340105859520",
            "address": "CHINIOT GHAFOOR ABAD CHINIOT CHINIOT  CHINIOT"
        },
        {
            "mobile": "3493997097",
            "name": "BUSHRA BI BI",
            "cnic": "3340105859520",
            "address": "MOHALA GHAFOOR ABAD CHINIOT"
        },
        {
            "mobile": "3353803759",
            "name": "BUSHRA B B",
            "cnic": "3340105859520",
            "address": "CHINIOT GHAFOOR ABAD CHINIOT C"
        },
        {
            "mobile": "3474178696",
            "name": "BUSHRA BI BI",
            "cnic": "3340105859520",
            "address": "MOHALA GHAFOOR ABAD CHINIOT"
        }
    ],
    "timestamp": "2024-02-05 15:30:31"
}{
    "status": 100,
    "message": "No record Found",
    "timestamp": "2024-02-05 15:32:40"
}{
    "status": 100,
    "message": "No record Found",
    "timestamp": "2024-02-05 15:40:16"
}{
    "status": 100,
    "data": [
        {
            "mobile": "3363787390",
            "name": "MUSHTAQ ALI KHUSHK",
            "cnic": "4340403931211",
            "address": "MIRU KHAN MIRU KHAN GHOT YAAR"
        }
    ],
    "timestamp": "2024-02-05 15:43:29"
}{
    "status": 100,
    "data": [
        {
            "mobile": "3246335719",
            "name": "TASNEEM AKHTAR .",
            "cnic": "3610255463252",
            "address": null
        }
    ],
    "timestamp": "2024-02-05 15:49:25"
}{
    "status": 100,
    "message": "No record Found",
    "timestamp": "2024-02-05 15:50:45"
}{
    "status": 100,
    "data": [
        {
            "mobile": "3225479651",
            "name": "MUHAMMAD ASHRAF",
            "cnic": "3610369729799",
            "address": null
        }
    ],
    "timestamp": "2024-02-05 15:51:12"
}{
    "status": 100,
    "data": [
        {
            "mobile": "3136918081",
            "name": "Muhammad  Jamil",
            "cnic": "3410140341507",
            "address": null
        },
        {
            "mobile": "3042144763",
            "name": "MUHAMMAD JAMEEL",
            "cnic": "3410140341507",
            "address": "GUJRANWALA KOT LAL DEEN POST O FFICE THAKAR KAY WARRAICH GUJR Lahore"
        },
        {
            "mobile": "3030000441",
            "name": "MUHAMMAD JAMEEL",
            "cnic": "3410140341507",
            "address": "GUJRANWALA KOT LAL DEEN POST O FFICE THAKAR KAY WARRAICH GUJR Lahore"
        }
    ],
    "timestamp": "2024-02-05 15:58:06"
}{
    "status": 100,
    "message": "No record Found",
    "timestamp": "2024-02-05 15:59:38"
}{
    "status": 100,
    "message": "No record Found",
    "timestamp": "2024-02-05 16:38:06"
}{
    "status": 100,
    "message": "No record Found",
    "timestamp": "2024-02-05 16:40:12"
}{
    "status": 100,
    "message": "No record Found",
    "timestamp": "2024-02-05 16:40:44"
}{
    "timestamp": "2024-02-05 16:41:11"
}{
    "status": 100,
    "data": [
        {
            "mobile": "3307170951",
            "name": "muhammad adnan",
            "cnic": "3320377852589",
            "address": "chah pathana wala City KOTLA M"
        },
        {
            "mobile": "3206807828",
            "name": "MUHAMMAD ADNAN .",
            "cnic": "3320377852589",
            "address": null
        }
    ],
    "timestamp": "2024-02-05 16:41:27"
}{
    "status": 100,
    "data": [
        {
            "mobile": "3463722038",
            "name": null,
            "cnic": "4320539737433",
            "address": null
        }
    ],
    "timestamp": "2024-02-05 17:08:29"
}{
    "status": 100,
    "message": "No record Found",
    "timestamp": "2024-02-05 17:18:05"
}{
    "status": 100,
    "message": "No record Found",
    "timestamp": "2024-02-05 17:18:52"
}{
    "status": 100,
    "message": "No record Found",
    "timestamp": "2024-02-05 17:40:41"
}{
    "status": 100,
    "message": "No record Found",
    "timestamp": "2024-02-05 17:41:17"
}{
    "status": 100,
    "message": "No record Found",
    "timestamp": "2024-02-05 17:42:12"
}{
    "status": 100,
    "message": "No record Found",
    "timestamp": "2024-02-05 17:42:54"
}{
    "status": 100,
    "data": [
        {
            "mobile": "3323773605",
            "name": "SYED MUHAMMAD UMER",
            "cnic": "4220171680325",
            "address": "FLAT NUMBER C-4\/257 MOHALA HAR"
        }
    ],
    "timestamp": "2024-02-05 17:43:18"
}{
    "timestamp": "2024-02-05 17:44:02"
}{
    "status": 100,
    "data": [
        {
            "mobile": "3157129653",
            "name": "usman  ghani",
            "cnic": "3640186457719",
            "address": null
        },
        {
            "mobile": "3008137748",
            "name": "USMAN GHANI .",
            "cnic": "3640186457719",
            "address": "NOORA RATAH ARIF WALA KOTLI  PAK PATTAN SHARIF G.P.O."
        },
        {
            "mobile": "3459189748",
            "name": "USMAN GHANI",
            "cnic": "3640186457719",
            "address": "POST OFFICE KHAS NOORA RATA TEHSIL ARIF WALA ZILAH PAK PATTAN SHARIF"
        },
        {
            "mobile": "3061883490",
            "name": "USMAN GHANI .",
            "cnic": "3640186457719",
            "address": "NOORA RATAH ARIF WALA KOTLI  PAK PATTAN SHARIF G.P.O."
        },
        {
            "mobile": "3017249203",
            "name": "USMAN GHANI .",
            "cnic": "3640186457719",
            "address": "NOORA RATAH ARIF WALA KOTLI  PAK PATTAN SHARIF G.P.O."
        }
    ],
    "timestamp": "2024-02-05 17:44:59"
}{
    "status": 100,
    "data": [
        {
            "mobile": "3109865007",
            "name": "DATA NOT RECIEVED FROM NADRA",
            "cnic": "1610167041691",
            "address": null
        },
        {
            "mobile": "3109865007",
            "name": "sheheryar  khan",
            "cnic": "1620206837175",
            "address": "Post-PAID"
        }
    ],
    "timestamp": "2024-02-05 20:43:20"
}{
    "status": 100,
    "data": [
        {
            "mobile": "3150928210",
            "name": "DATA NOT RECIEVED FROM NADRA",
            "cnic": "1610167041691",
            "address": null
        },
        {
            "mobile": "3109865007",
            "name": "DATA NOT RECIEVED FROM NADRA",
            "cnic": "1610167041691",
            "address": null
        }
    ],
    "timestamp": "2024-02-05 20:44:36"
}{
    "status": 100,
    "data": [
        {
            "mobile": "3045899388",
            "name": "BIBI RAHIDA .",
            "cnic": "1320290972636",
            "address": null
        }
    ],
    "timestamp": "2024-02-05 20:47:38"
}{
    "status": 100,
    "message": "No record Found",
    "timestamp": "2024-02-05 22:45:10"
}{
    "status": 100,
    "message": "No record Found",
    "timestamp": "2024-02-05 22:45:27"
}{
    "status": 100,
    "data": [
        {
            "mobile": "3323448988",
            "name": "abdul suboor",
            "cnic": "4220153043679",
            "address": "Flat No D-31 Block D-31 iqbal"
        }
    ],
    "timestamp": "2024-02-05 22:46:04"
}