{
    "0": {
        "Mobile": "3036448912",
        "Name": "KALEEM ALLAH",
        "CNIC": "3240333672691",
        "ADDRESS": "ROJHAAN ROJHAAN QADIRA RAJAN PUR"
    },
    "1": {
        "Mobile": "3036448912",
        "Name": "KALEEM ALLAH",
        "CNIC": "3240333672691",
        "ADDRESS": "ROJHAAN ROJHAAN QADIRA RAJAN PUR"
    },
    "timestamp": "2024-05-06 12:36:17"
}{
    "0": {
        "Mobile": "3036448912",
        "Name": "KALEEM ALLAH",
        "CNIC": "3240333672691",
        "ADDRESS": "ROJHAAN ROJHAAN QADIRA RAJAN PUR"
    },
    "1": {
        "Mobile": "3036448912",
        "Name": "KALEEM ALLAH",
        "CNIC": "3240333672691",
        "ADDRESS": "ROJHAAN ROJHAAN QADIRA RAJAN PUR"
    },
    "timestamp": "2024-05-06 12:36:55"
}{
    "0": {
        "Mobile": "3073331366",
        "Name": "ALLIED BANK Branches",
        "CNIC": "0",
        "ADDRESS": "MOHALA KAMAL KHAIL  PO COLONY S Mardan"
    },
    "1": {
        "Mobile": "3080255441",
        "Name": "JSK Feeds Limited",
        "CNIC": "0",
        "ADDRESS": "House No.12, Street No.34, F-7\/1, Islamabad Islamabad"
    },
    "2": {
        "Mobile": "3073331366",
        "Name": "ALLIED BANK Branches",
        "CNIC": "0",
        "ADDRESS": "MOHALA KAMAL KHAIL  PO COLONY S Mardan"
    },
    "3": {
        "Mobile": "3080255441",
        "Name": "JSK Feeds Limited",
        "CNIC": "0",
        "ADDRESS": "House No.12, Street No.34, F-7\/1, Islamabad Islamabad"
    },
    "4": {
        "Mobile": "3081274063",
        "Name": "Bykea Technologies-Riders 178966",
        "CNIC": "0",
        "ADDRESS": "14th Floor Chapal Plaza hasrat  Mohani road Karachi"
    },
    "5": {
        "Mobile": "3081272202",
        "Name": "Bykea Technologies-Riders-178963",
        "CNIC": "0",
        "ADDRESS": "14th Floor Chapal Plaza hasrat Mohani road Karachi. Karachi"
    },
    "6": {
        "Mobile": "3081273317",
        "Name": "Bykea Technologies-Riders-178965",
        "CNIC": "0",
        "ADDRESS": "4th Floor Chapal Plaza hasrat  Mohani road Karachi... Karachi"
    },
    "7": {
        "Mobile": "3081274063",
        "Name": "Bykea Technologies-Riders 178966",
        "CNIC": "0",
        "ADDRESS": "14th Floor Chapal Plaza hasrat  Mohani road Karachi"
    },
    "8": {
        "Mobile": "3081272202",
        "Name": "Bykea Technologies-Riders-178963",
        "CNIC": "0",
        "ADDRESS": "14th Floor Chapal Plaza hasrat Mohani road Karachi. Karachi"
    },
    "9": {
        "Mobile": "3081273317",
        "Name": "Bykea Technologies-Riders-178965",
        "CNIC": "0",
        "ADDRESS": "4th Floor Chapal Plaza hasrat  Mohani road Karachi... Karachi"
    },
    "10": {
        "Mobile": "2134810180",
        "Name": "SYED AHMED ZEESHAN JAFRI",
        "ADDRESS": "A\/2 PLOT-14 FL-4 G\/FLOOR, BLOCK-5, GULSHAN-E-IQBAL KARACHI, NOT IN ID FILE",
        "CNIC": "0"
    },
    "11": {
        "Mobile": "2134810180",
        "Name": "SYED AHMED ZEESHAN JAFRI",
        "ADDRESS": "A\/2 PLOT-14 FL-4 G\/FLOOR, BLOCK-5, GULSHAN-E-IQBAL KARACHI, NOT IN ID FILE",
        "CNIC": "0"
    },
    "12": {
        "Mobile": "3334354116",
        "Name": "SHAHID BASHIR BUTT",
        "ADDRESS": "",
        "CNIC": ""
    },
    "13": {
        "Mobile": "3332141824",
        "Name": "PREM CHAND",
        "ADDRESS": "",
        "CNIC": ""
    },
    "14": {
        "Mobile": "3339625227",
        "Name": "TAJ MOHAMMAD",
        "ADDRESS": "VILLA GE SANIBUNHAT",
        "CNIC": ""
    },
    "15": {
        "Mobile": "3332273381",
        "Name": "MAJEED SHARF",
        "ADDRESS": "",
        "CNIC": ""
    },
    "16": {
        "Mobile": "3339161307",
        "Name": "ILYAS KHAN",
        "ADDRESS": "MUZOW P\/O TARANGZAI",
        "CNIC": ""
    },
    "17": {
        "Mobile": "3332186785",
        "Name": "MUHAMMAD SHAKIL",
        "ADDRESS": "",
        "CNIC": ""
    },
    "18": {
        "Mobile": "3339625743",
        "Name": "SAJEED GUL",
        "ADDRESS": "CADET COOLLGEPINDI ROAD",
        "CNIC": ""
    },
    "timestamp": "2024-05-06 12:39:48"
}{
    "0": {
        "Mobile": "3036448912",
        "Name": "KALEEM ALLAH",
        "CNIC": "3240333672691",
        "ADDRESS": "ROJHAAN ROJHAAN QADIRA RAJAN PUR"
    },
    "1": {
        "Mobile": "3036448912",
        "Name": "KALEEM ALLAH",
        "CNIC": "3240333672691",
        "ADDRESS": "ROJHAAN ROJHAAN QADIRA RAJAN PUR"
    },
    "timestamp": "2024-05-06 12:40:13"
}{
    "0": {
        "Mobile": "3035540129",
        "Name": "NABEEL .",
        "CNIC": "3520114428025",
        "ADDRESS": "HOUSE NUMBER 4 NAZD PAKISTAN RAILWAY HA EY SCHOOL MOHALA HOPE ROAD ENGINE SHED LAHORE CANTT DISTRICT LAHO"
    },
    "timestamp": "2024-05-06 12:42:21"
}{
    "0": {
        "Mobile": "3116528656",
        "Name": "kaleem  ullah",
        "CNIC": "3240333672691",
        "ADDRESS": "no"
    },
    "timestamp": "2024-05-06 12:43:38"
}{
    "0": {
        "Mobile": "3035540129",
        "Name": "NABEEL .",
        "CNIC": "3520114428025",
        "ADDRESS": "HOUSE NUMBER 4 NAZD PAKISTAN RAILWAY HA EY SCHOOL MOHALA HOPE ROAD ENGINE SHED LAHORE CANTT DISTRICT LAHO"
    },
    "timestamp": "2024-05-06 12:43:49"
}{
    "msg": "Not allowed",
    "timestamp": "2024-05-06 12:44:09"
}{
    "0": {
        "Mobile": "3036448912",
        "Name": "KALEEM ALLAH",
        "CNIC": "3240333672691",
        "ADDRESS": "ROJHAAN ROJHAAN QADIRA RAJAN PUR"
    },
    "1": {
        "Mobile": "3036448912",
        "Name": "KALEEM ALLAH",
        "CNIC": "3240333672691",
        "ADDRESS": "ROJHAAN ROJHAAN QADIRA RAJAN PUR"
    },
    "timestamp": "2024-05-06 12:45:54"
}{
    "msg": "Not allowed",
    "timestamp": "2024-05-06 12:47:36"
}{
    "0": {
        "Mobile": "3036448912",
        "Name": "KALEEM ALLAH",
        "CNIC": "3240333672691",
        "ADDRESS": "ROJHAAN ROJHAAN QADIRA RAJAN PUR"
    },
    "1": {
        "Mobile": "3036448912",
        "Name": "KALEEM ALLAH",
        "CNIC": "3240333672691",
        "ADDRESS": "ROJHAAN ROJHAAN QADIRA RAJAN PUR"
    },
    "timestamp": "2024-05-06 12:48:14"
}{
    "0": {
        "Mobile": "3036448912",
        "Name": "KALEEM ALLAH",
        "CNIC": "3240333672691",
        "ADDRESS": "ROJHAAN ROJHAAN QADIRA RAJAN PUR"
    },
    "1": {
        "Mobile": "3036448912",
        "Name": "KALEEM ALLAH",
        "CNIC": "3240333672691",
        "ADDRESS": "ROJHAAN ROJHAAN QADIRA RAJAN PUR"
    },
    "timestamp": "2024-05-06 13:00:31"
}