{
    "status": 100,
    "data": [
        {
            "mobile": "3047781531",
            "name": "FAZAL HUSSAIN",
            "cnic": "3230158841879",
            "address": "KHAIR PUR SADAT ALI POR BASTI LODHRAN KOTLA MEHAR ALI MUZZAF Muzaffar Garh"
        },
        {
            "mobile": "3047781531",
            "name": "FARZANA BARKAT .",
            "cnic": "3520185087550",
            "address": null
        }
    ],
    "timestamp": "2024-02-06 01:30:37"
}{
    "status": 100,
    "message": "No record Found",
    "timestamp": "2024-02-06 02:32:59"
}{
    "status": 100,
    "data": [
        {
            "mobile": "3102992193",
            "name": "said  ghawas",
            "cnic": "1710192858999",
            "address": null
        },
        {
            "mobile": "3149308133",
            "name": "said  ghawas",
            "cnic": "1710192858999",
            "address": null
        },
        {
            "mobile": "3211990847",
            "name": "SYED GHAWAS ...",
            "cnic": "1710192858999",
            "address": null
        },
        {
            "mobile": "3369534734",
            "name": "SYED GHAWAS",
            "cnic": "1710192858999",
            "address": null
        },
        {
            "mobile": "3102990145",
            "name": "said  ghawas",
            "cnic": "1710192858999",
            "address": null
        }
    ],
    "timestamp": "2024-02-06 02:50:32"
}{
    "status": 100,
    "message": "No record Found",
    "timestamp": "2024-02-06 02:51:24"
}{
    "status": 100,
    "data": [
        {
            "mobile": "3002563039",
            "name": "MUHAMMAD RAMZAN .",
            "cnic": "3530136716719",
            "address": "HUJRAH SHAH MUKEEM DEPALPUR FATIANA OKAR A Okara"
        },
        {
            "mobile": "3084148931",
            "name": "MUHAMMAD RAMZAN .",
            "cnic": "3530136716719",
            "address": "HUJRAH SHAH MUKEEM DEPALPUR FATIANA OKAR A Okara"
        },
        {
            "mobile": "3488517057",
            "name": "MUHAMMAD RAMZAN",
            "cnic": "3530136716719",
            "address": "DAAK KHANA HUJRAH SHAH MUKEEM FATIANA TEHSIL DEPAL"
        },
        {
            "mobile": "3000430757",
            "name": "MUHAMMAD RAMZAN .",
            "cnic": "3530136716719",
            "address": "HUJRAH SHAH MUKEEM DEPALPUR FATIANA OKAR A Okara"
        }
    ],
    "timestamp": "2024-02-06 03:07:18"
}{
    "status": 100,
    "data": [
        {
            "mobile": "3241505078",
            "name": "ABDUL GHAFFAR SAJID .",
            "cnic": "3530119531105",
            "address": null
        }
    ],
    "timestamp": "2024-02-06 03:08:04"
}{
    "status": 100,
    "data": [
        {
            "mobile": "3151014946",
            "name": "DATA NOT RECIEVED FROM NADRA",
            "cnic": "8220311998423",
            "address": null
        }
    ],
    "timestamp": "2024-02-06 03:30:03"
}{
    "status": 100,
    "data": [
        {
            "mobile": "3145381805",
            "name": "DATA NOT RECIEVED FROM NADRA",
            "cnic": "8220311998423",
            "address": null
        },
        {
            "mobile": "3418916675",
            "name": "SYED IBRAR HUSSAIN KA",
            "cnic": "8220311998423",
            "address": "PATAHKA MUZAFFARABAD HRAMAN MUZAFFARABAD"
        },
        {
            "mobile": "3013104566",
            "name": "SYED IBRAR HUSSAIN KA",
            "cnic": "8220311998423",
            "address": "PATAHKA MUZAFFARABAD HRAMAN MUZAFFARABAD"
        },
        {
            "mobile": "3151014946",
            "name": "DATA NOT RECIEVED FROM NADRA",
            "cnic": "8220311998423",
            "address": null
        },
        {
            "mobile": "3145957858",
            "name": "new  cust",
            "cnic": "8220311998423",
            "address": "Post-PAID"
        },
        {
            "mobile": "3145379757",
            "name": "DATA NOT RECIEVED FROM NADRA",
            "cnic": "8220311998423",
            "address": null
        }
    ],
    "timestamp": "2024-02-06 03:31:35"
}{
    "status": 100,
    "data": [
        {
            "mobile": "3057923279",
            "name": "GHULAM RASOOL .",
            "cnic": "3530114019943",
            "address": "MANDI AHMAD ABAD DEPALPUR JALAN WALI OK KARA OKARA G.P.O."
        }
    ],
    "timestamp": "2024-02-06 04:06:40"
}{
    "status": 100,
    "data": [
        {
            "mobile": "3008181566",
            "name": "GHULAM QADIR",
            "cnic": "3230385905381",
            "address": "DODA PALIKOT ADOPATI SULTAN MEHMOOD MUZAFFAR GARH Muzaffar Garh"
        }
    ],
    "timestamp": "2024-02-06 04:08:23"
}{
    "status": 100,
    "data": [
        {
            "mobile": "3417021701",
            "name": "MUKHTIAR AHMED",
            "cnic": "3630186703595",
            "address": "CHAH PHAWAR WALA POST OFFICE KHAS ALI PUR SADAAT TEHSIL JALAL PUR PIRWALA ZILAH MULTAN"
        }
    ],
    "timestamp": "2024-02-06 05:04:33"
}{
    "status": 100,
    "data": [
        {
            "mobile": "3417021701",
            "name": "MUKHTIAR AHMED",
            "cnic": "3630186703595",
            "address": "CHAH PHAWAR WALA POST OFFICE KHAS ALI PUR SADAAT TEHSIL JALAL PUR PIRWALA ZILAH MULTAN"
        }
    ],
    "timestamp": "2024-02-06 05:05:34"
}{
    "status": 100,
    "message": "No record Found",
    "timestamp": "2024-02-06 05:11:27"
}{
    "status": 100,
    "data": [
        {
            "mobile": "3078012252",
            "name": "ABDUL AZIZ .",
            "cnic": "1530275468493",
            "address": "TIMAR GIRAAH TEMARGARA BEGHMUDRAH LOWER TIMAR GIRAAH TEMARGARA BEGHMUDRAH LOWER Lower Dir"
        },
        {
            "mobile": "3078012252",
            "name": "MUKHTAR AHMAD",
            "cnic": "3630186703595",
            "address": "CHAH PAHOR WALA  Multan"
        }
    ],
    "timestamp": "2024-02-06 05:11:34"
}{
    "status": 100,
    "data": [
        {
            "mobile": "3417021701",
            "name": "MUKHTIAR AHMED",
            "cnic": "3630186703595",
            "address": "CHAH PHAWAR WALA POST OFFICE KHAS ALI PUR SADAAT TEHSIL JALAL PUR PIRWALA ZILAH MULTAN"
        }
    ],
    "timestamp": "2024-02-06 05:13:31"
}{
    "status": 100,
    "data": [
        {
            "mobile": "3366421212",
            "name": "Jafar Khan",
            "cnic": "3240390621931",
            "address": "City Basti Boorani Tehsil\/Dist"
        }
    ],
    "timestamp": "2024-02-06 05:14:44"
}{
    "status": 100,
    "data": [
        {
            "mobile": "3366421212",
            "name": "Jafar Khan",
            "cnic": "3240390621931",
            "address": "City Basti Boorani Tehsil\/Dist"
        },
        {
            "mobile": "3336456619",
            "name": "JAFFER KHAN",
            "cnic": "3240390621931",
            "address": ""
        },
        {
            "mobile": "3073109312",
            "name": "JAFFER KHAN",
            "cnic": "3240390621931",
            "address": null
        },
        {
            "mobile": "3366185964",
            "name": "JAFFER KHAN",
            "cnic": "3240390621931",
            "address": null
        },
        {
            "mobile": "3366159043",
            "name": "JAFFER KHAN",
            "cnic": "3240390621931",
            "address": ""
        },
        {
            "mobile": "3346678961",
            "name": "JAFFER KHAN",
            "cnic": "3240390621931",
            "address": "RAJAN PUR RAJAN POR BASTI BORA"
        },
        {
            "mobile": "3130436995",
            "name": "DATA NOT RECIEVED FROM NADRA",
            "cnic": "3240390621931",
            "address": null
        },
        {
            "mobile": "3073107264",
            "name": "JAFFER KHAN",
            "cnic": "3240390621931",
            "address": "RAJAN PUR RAJAN POR BASTI BORA NI RAJAN PUR UCH Sharif"
        }
    ],
    "timestamp": "2024-02-06 05:15:19"
}{
    "status": 100,
    "data": [
        {
            "mobile": "3417021701",
            "name": "MUKHTIAR AHMED",
            "cnic": "3630186703595",
            "address": "CHAH PHAWAR WALA POST OFFICE KHAS ALI PUR SADAAT TEHSIL JALAL PUR PIRWALA ZILAH MULTAN"
        },
        {
            "mobile": "3067721701",
            "name": "MUKHTAR AHMAD",
            "cnic": "3630186703595",
            "address": null
        },
        {
            "mobile": "3068959459",
            "name": "MUKHTAR AHMAD",
            "cnic": "3630186703595",
            "address": null
        },
        {
            "mobile": "3078012252",
            "name": "MUKHTAR AHMAD",
            "cnic": "3630186703595",
            "address": "CHAH PAHOR WALA  Multan"
        },
        {
            "mobile": "3067719653",
            "name": "MUKHTAR AHMAD",
            "cnic": "3630186703595",
            "address": "CHAH PAHOR WALA  Multan"
        },
        {
            "mobile": "3078010204",
            "name": "MUKHTAR AHMAD",
            "cnic": "3630186703595",
            "address": "CHAH PAHOR WALA  Multan"
        }
    ],
    "timestamp": "2024-02-06 05:16:49"
}{
    "status": 100,
    "data": [
        {
            "mobile": "3417021701",
            "name": "MUKHTIAR AHMED",
            "cnic": "3630186703595",
            "address": "CHAH PHAWAR WALA POST OFFICE KHAS ALI PUR SADAAT TEHSIL JALAL PUR PIRWALA ZILAH MULTAN"
        }
    ],
    "timestamp": "2024-02-06 05:18:45"
}{
    "status": 100,
    "data": [
        {
            "mobile": "3451403065",
            "name": null,
            "cnic": "3530302931423",
            "address": null
        }
    ],
    "timestamp": "2024-02-06 05:19:22"
}{
    "status": 100,
    "data": [
        {
            "mobile": "3417021701",
            "name": "MUKHTIAR AHMED",
            "cnic": "3630186703595",
            "address": "CHAH PHAWAR WALA POST OFFICE KHAS ALI PUR SADAAT TEHSIL JALAL PUR PIRWALA ZILAH MULTAN"
        }
    ],
    "timestamp": "2024-02-06 05:20:26"
}{
    "status": 100,
    "data": [
        {
            "mobile": "3417021701",
            "name": "MUKHTIAR AHMED",
            "cnic": "3630186703595",
            "address": "CHAH PHAWAR WALA POST OFFICE KHAS ALI PUR SADAAT TEHSIL JALAL PUR PIRWALA ZILAH MULTAN"
        }
    ],
    "timestamp": "2024-02-06 05:21:21"
}{
    "status": 100,
    "data": [
        {
            "mobile": "3417021701",
            "name": "MUKHTIAR AHMED",
            "cnic": "3630186703595",
            "address": "CHAH PHAWAR WALA POST OFFICE KHAS ALI PUR SADAAT TEHSIL JALAL PUR PIRWALA ZILAH MULTAN"
        }
    ],
    "timestamp": "2024-02-06 05:21:30"
}{
    "status": 100,
    "data": [
        {
            "mobile": "3417021701",
            "name": "MUKHTIAR AHMED",
            "cnic": "3630186703595",
            "address": "CHAH PHAWAR WALA POST OFFICE KHAS ALI PUR SADAAT TEHSIL JALAL PUR PIRWALA ZILAH MULTAN"
        }
    ],
    "timestamp": "2024-02-06 05:21:43"
}{
    "status": 100,
    "data": [
        {
            "mobile": "3417021701",
            "name": "MUKHTIAR AHMED",
            "cnic": "3630186703595",
            "address": "CHAH PHAWAR WALA POST OFFICE KHAS ALI PUR SADAAT TEHSIL JALAL PUR PIRWALA ZILAH MULTAN"
        }
    ],
    "timestamp": "2024-02-06 05:22:34"
}{
    "status": 100,
    "data": [
        {
            "mobile": "3121540971",
            "name": "saraj  afzal",
            "cnic": "3740570544331",
            "address": null
        }
    ],
    "timestamp": "2024-02-06 05:24:56"
}{
    "status": 100,
    "data": [
        {
            "mobile": "3335070794",
            "name": "KHOULA SHAHEEN",
            "cnic": "1730143905582",
            "address": "4328 PESHAWAR QOWAT AL ISLAM A"
        }
    ],
    "timestamp": "2024-02-06 05:29:32"
}{
    "status": 100,
    "message": "No record Found",
    "timestamp": "2024-02-06 05:31:15"
}{
    "status": 100,
    "data": [
        {
            "mobile": "3078012252",
            "name": "ABDUL AZIZ .",
            "cnic": "1530275468493",
            "address": "TIMAR GIRAAH TEMARGARA BEGHMUDRAH LOWER TIMAR GIRAAH TEMARGARA BEGHMUDRAH LOWER Lower Dir"
        },
        {
            "mobile": "3078012252",
            "name": "MUKHTAR AHMAD",
            "cnic": "3630186703595",
            "address": "CHAH PAHOR WALA  Multan"
        }
    ],
    "timestamp": "2024-02-06 05:31:22"
}{
    "status": 100,
    "data": [
        {
            "mobile": "3080898564",
            "name": "MOAZAM REHMAN .",
            "cnic": "3340204300433",
            "address": "House No 850-b kot muhamad yar "
        },
        {
            "mobile": "3457325004",
            "name": "MUAZZAM REHMAN",
            "cnic": "3340204300433",
            "address": "HOUSE NUMBER 850-B GALAI MASTER MUMTAZ WALI MOHALA KOT MUHAMMAD YAR LALIAN ZILAH CHINIOT"
        }
    ],
    "timestamp": "2024-02-06 05:47:37"
}{
    "status": 100,
    "data": [
        {
            "mobile": "3221787276",
            "name": "TAYYABA KOMAL .",
            "cnic": "3840356179622",
            "address": null
        }
    ],
    "timestamp": "2024-02-06 05:51:56"
}{
    "status": 100,
    "message": "No record Found",
    "timestamp": "2024-02-06 05:54:58"
}{
    "status": 100,
    "message": "No record Found",
    "timestamp": "2024-02-06 05:55:20"
}{
    "status": 100,
    "data": [
        {
            "mobile": "3080898564",
            "name": "MOAZAM REHMAN .",
            "cnic": "3340204300433",
            "address": "House No 850-b kot muhamad yar "
        },
        {
            "mobile": "3457325004",
            "name": "MUAZZAM REHMAN",
            "cnic": "3340204300433",
            "address": "HOUSE NUMBER 850-B GALAI MASTER MUMTAZ WALI MOHALA KOT MUHAMMAD YAR LALIAN ZILAH CHINIOT"
        }
    ],
    "timestamp": "2024-02-06 05:58:10"
}{
    "status": 100,
    "data": [
        {
            "mobile": "3046094564",
            "name": "UMAR ARFAN",
            "cnic": "3320115393931",
            "address": null
        },
        {
            "mobile": "3046094564",
            "name": "SAEED",
            "cnic": "3840322234515",
            "address": null
        }
    ],
    "timestamp": "2024-02-06 05:59:14"
}{
    "status": 100,
    "data": [
        {
            "mobile": "3478608964",
            "name": "FAISAL SHAHZAD",
            "cnic": "3840314353211",
            "address": null
        }
    ],
    "timestamp": "2024-02-06 06:00:42"
}{
    "status": 100,
    "data": [
        {
            "mobile": "3465898942",
            "name": "FAISAL SHAHZAD",
            "cnic": "3840314353211",
            "address": "A-9 SARGODHA A SATELLITE TOWN SARGODHA SARGODHA"
        },
        {
            "mobile": "3157340945",
            "name": "FAISAL SHAHZAD",
            "cnic": "3840314353211",
            "address": "OFFICE SGD Lahore"
        },
        {
            "mobile": "3216023430",
            "name": "FAISAL SHAHZAD",
            "cnic": "3840314353211",
            "address": null
        },
        {
            "mobile": "3478608964",
            "name": "FAISAL SHAHZAD",
            "cnic": "3840314353211",
            "address": null
        },
        {
            "mobile": "3336784340",
            "name": "FAISAL SHAHZAD",
            "cnic": "3840314353211",
            "address": "A-9 SARGODHA A SATELLITE TOWN SARGODHA SARGODHA"
        },
        {
            "mobile": "3216021382",
            "name": "FAISAL SHAHZAD",
            "cnic": "3840314353211",
            "address": "OFFICE SGD Lahore"
        },
        {
            "mobile": "3478606916",
            "name": "FAISAL SHAHZAD",
            "cnic": "3840314353211",
            "address": "OFFICE SGD Lahore"
        }
    ],
    "timestamp": "2024-02-06 06:03:16"
}{
    "status": 100,
    "message": "No record Found",
    "timestamp": "2024-02-06 06:04:15"
}{
    "status": 100,
    "message": "No record Found",
    "timestamp": "2024-02-06 06:04:46"
}{
    "status": 100,
    "data": [
        {
            "mobile": "3429595510",
            "name": null,
            "cnic": "1610111993477",
            "address": null
        },
        {
            "mobile": "3412852616",
            "name": "HASSAN KHAN",
            "cnic": "1610111993477",
            "address": "DAAK KHANA IBRAHIM KHAN JAMRHAH SALEEM KHAN TEHSIL"
        },
        {
            "mobile": "3179935489",
            "name": "hassan  khan",
            "cnic": "1610111993477",
            "address": null
        }
    ],
    "timestamp": "2024-02-06 06:06:47"
}{
    "status": 100,
    "data": [
        {
            "mobile": "3093843137",
            "name": "DDIALO .",
            "cnic": "4420581083699",
            "address": "GOTH IMAM ABAD BERHOON TEHSIL SHAHDADPU UR DISTRICT SANGHAR SANGHAR G.P.O."
        },
        {
            "mobile": "3093843137",
            "name": "GULSHER ALI .",
            "cnic": "4540323235735",
            "address": null
        }
    ],
    "timestamp": "2024-02-06 06:07:57"
}{
    "status": 100,
    "data": [
        {
            "mobile": "3010931614",
            "name": "MUNAWAR ALI KHAN .",
            "cnic": "3320405678869",
            "address": null
        },
        {
            "mobile": "3047367443",
            "name": "MUNAWAR ALI KHAN .",
            "cnic": "3320405678869",
            "address": null
        },
        {
            "mobile": "3067500728",
            "name": "MUNAWAR ALI KHAN .",
            "cnic": "3320405678869",
            "address": null
        },
        {
            "mobile": "3067500678",
            "name": "MUNAWAR ALI KHAN .",
            "cnic": "3320405678869",
            "address": null
        },
        {
            "mobile": "3081347759",
            "name": "MUNAWAR ALI KHAN .",
            "cnic": "3320405678869",
            "address": null
        },
        {
            "mobile": "3081541372",
            "name": "MUNAWAR ALI KHAN .",
            "cnic": "3320405678869",
            "address": null
        },
        {
            "mobile": "3114962678",
            "name": "MUNAWAR ALI KHAN .",
            "cnic": "3320405678869",
            "address": null
        },
        {
            "mobile": "3087500022",
            "name": "MUNAWAR ALI KHAN .",
            "cnic": "3320405678869",
            "address": "village ahmed bhan SAKRAND City SHAHEED BENAZIR ABAD Lahore"
        }
    ],
    "timestamp": "2024-02-06 06:13:57"
}{
    "status": 100,
    "data": [
        {
            "mobile": "3067500678",
            "name": "WASEEM AHMAD KHAN .",
            "cnic": "3320404608905",
            "address": "KHAS AHMAD PUR SIAL SABQI JHANG  JHANG G.P.O."
        },
        {
            "mobile": "3067500678",
            "name": "MUNAWAR ALI KHAN .",
            "cnic": "3320405678869",
            "address": null
        }
    ],
    "timestamp": "2024-02-06 06:22:55"
}{
    "status": 100,
    "message": "No record Found",
    "timestamp": "2024-02-06 06:25:52"
}{
    "status": 100,
    "data": [
        {
            "mobile": "3016999429",
            "name": "SHOAIB AKHTAR .",
            "cnic": "4510232219425",
            "address": null
        },
        {
            "mobile": "3230228547",
            "name": "SHOAIB AKHTAR .",
            "cnic": "4510232219425",
            "address": null
        }
    ],
    "timestamp": "2024-02-06 06:30:51"
}{
    "status": 100,
    "data": [
        {
            "mobile": "3494308987",
            "name": "ZUBAIDA KHATOON",
            "cnic": "3520114228402",
            "address": "HOUSE NUMBER QUARTER NUMBER 10 STREET \/ MOHALA JOR"
        },
        {
            "mobile": "3494306947",
            "name": "ZUBAIDA KHATOON",
            "cnic": "3520114228402",
            "address": "HOUSE NUMBER QUARTER NUMBER 10 STREET \/ MOHALA JOR"
        },
        {
            "mobile": "3494309354",
            "name": "ZUBAIDA KHATOON",
            "cnic": "3520114228402",
            "address": "HOUSE NUMBER QUARTER NUMBER 10 STREET \/ MOHALA JOR"
        }
    ],
    "timestamp": "2024-02-06 06:32:06"
}{
    "status": 100,
    "data": [
        {
            "mobile": "3008451417",
            "name": "MUHAMMAD NAEEM",
            "cnic": "3520256466041",
            "address": "H # 513  ST # 13  RAZA BLOCK ALLAMA IQBAL TOWN Lahore"
        }
    ],
    "timestamp": "2024-02-06 06:32:25"
}{
    "status": 100,
    "data": [
        {
            "mobile": "3455363822",
            "name": null,
            "cnic": "3450304047369",
            "address": null
        },
        {
            "mobile": "3455363822",
            "name": "HAFIZ IJAZ AHMAD",
            "cnic": "3620205519417",
            "address": "CHAK NUMBER 35\/M KAROORH PAKKA CHAK NUMBER 30 A YA"
        }
    ],
    "timestamp": "2024-02-06 06:35:01"
}{
    "timestamp": "2024-02-06 06:40:02"
}{
    "timestamp": "2024-02-06 06:40:03"
}{
    "status": 100,
    "data": [
        {
            "mobile": "3078759077",
            "name": "NAEEM ANJUM .",
            "cnic": "3520229327039",
            "address": "KHAS LAHORE HAIDRI COLONY MULTAN ROAD CHOHANG LAHORE Lahore"
        }
    ],
    "timestamp": "2024-02-06 06:40:15"
}{
    "status": 100,
    "data": [
        {
            "mobile": "3234108659",
            "name": "SYED GUL",
            "cnic": "1350305137335",
            "address": null
        },
        {
            "mobile": "3330924498",
            "name": "saida gul",
            "cnic": "1350305137335",
            "address": "City SOSAL Tehsil\/District MAN"
        },
        {
            "mobile": "3410159995",
            "name": "SYEDA GUL",
            "cnic": "1350305137335",
            "address": "SAOSAL MANSEHRA SAOSAL MANSEHRA"
        }
    ],
    "timestamp": "2024-02-06 07:01:43"
}{
    "status": 100,
    "message": "No record Found",
    "timestamp": "2024-02-06 07:02:48"
}{
    "status": 100,
    "data": [
        {
            "mobile": "3011204475",
            "name": "MUHAMMAD ALI .",
            "cnic": "3630207616415",
            "address": null
        },
        {
            "mobile": "3047879372",
            "name": "MUHAMMAD ALI .",
            "cnic": "3630207616415",
            "address": "DAAK KHANA KHAS MUZAFFAR AA BAAD TEHSIL L MULTAN DISTRICT MULTAN G.P.O."
        },
        {
            "mobile": "3077603732",
            "name": "MUHAMMAD ALI .",
            "cnic": "3630207616415",
            "address": "DAAK KHANA KHAS MUZAFFAR AA BAAD TEHSIL L MULTAN DISTRICT MULTAN G.P.O."
        }
    ],
    "timestamp": "2024-02-06 07:04:43"
}{
    "status": 100,
    "data": [
        {
            "mobile": "3068608945",
            "name": "FAISAL SAEED .",
            "cnic": "3820134834279",
            "address": "MOHALA FAZIL ABAD KHUSHAB  KHUSHAB G.P.O."
        }
    ],
    "timestamp": "2024-02-06 07:46:53"
}{
    "status": 100,
    "message": "No record Found",
    "timestamp": "2024-02-06 07:48:08"
}{
    "status": 100,
    "message": "No record Found",
    "timestamp": "2024-02-06 08:18:12"
}{
    "status": 100,
    "message": "No record Found",
    "timestamp": "2024-02-06 08:18:28"
}{
    "status": 100,
    "data": [
        {
            "mobile": "3462400844",
            "name": "abdul  shakoor",
            "cnic": "3640247129793",
            "address": "1 KHAS PAK PATTAN SHARIF RAKKA PAK PATTAN SHARIF P"
        }
    ],
    "timestamp": "2024-02-06 08:21:41"
}{
    "status": 100,
    "message": "No record Found",
    "timestamp": "2024-02-06 08:22:46"
}{
    "status": 100,
    "message": "No record Found",
    "timestamp": "2024-02-06 08:23:20"
}{
    "status": 100,
    "message": "No record Found",
    "timestamp": "2024-02-06 08:24:04"
}{
    "status": 100,
    "message": "No record Found",
    "timestamp": "2024-02-06 08:24:39"
}{
    "status": 100,
    "data": [
        {
            "mobile": "3111111111",
            "name": "bilal  khan",
            "cnic": "4230121399595",
            "address": null
        }
    ],
    "timestamp": "2024-02-06 08:27:19"
}{
    "status": 100,
    "data": [
        {
            "mobile": "3359111111",
            "name": "BILAL KHAN",
            "cnic": "4230121399595",
            "address": null
        },
        {
            "mobile": "3111111111",
            "name": "bilal  khan",
            "cnic": "4230121399595",
            "address": null
        },
        {
            "mobile": "0915846194",
            "name": "BILAL KHAN",
            "cnic": "4230121399595",
            "address": null
        },
        {
            "mobile": "3363311111",
            "name": "BILAL KHAN",
            "cnic": "4230121399595",
            "address": "HOUSE NUMEER 102, STREET NUMBE"
        },
        {
            "mobile": "3359109063",
            "name": "BILAL KHAN",
            "cnic": "4230121399595",
            "address": "C-27 PESHAWAR SRKRWLR ROAD UNI"
        }
    ],
    "timestamp": "2024-02-06 08:27:31"
}{
    "status": 100,
    "data": [
        {
            "mobile": "3215957634",
            "name": "FARKHANDA BIBI .",
            "cnic": "3220394673908",
            "address": null
        }
    ],
    "timestamp": "2024-02-06 08:27:39"
}{
    "status": 100,
    "message": "No record Found",
    "timestamp": "2024-02-06 08:29:50"
}{
    "status": 100,
    "message": "No record Found",
    "timestamp": "2024-02-06 08:30:21"
}{
    "status": 100,
    "data": [
        {
            "mobile": "3213154705",
            "name": "SHAHZEB .",
            "cnic": "4310518924019",
            "address": null
        },
        {
            "mobile": "3213154705",
            "name": "JAHANGIR .",
            "cnic": "4310591504995",
            "address": "MUBARIK PUR THAL GOTH ABDUL HAKEEM GOR MUBARIK PUR THAL GOTH ABDUL HAKEEM GOR Jacobabad"
        }
    ],
    "timestamp": "2024-02-06 08:33:59"
}{
    "status": 100,
    "data": [
        {
            "mobile": "3086594690",
            "name": "MUSHARRAF ALI .",
            "cnic": "3620232417523",
            "address": "KAROORH PAKKA HAZRAT SHAH WALA WARD KAROORH PAKKA HAZRAT SHAH WALA WARD Lodhran"
        }
    ],
    "timestamp": "2024-02-06 08:39:44"
}{
    "status": 100,
    "message": "No record Found",
    "timestamp": "2024-02-06 08:42:21"
}{
    "status": 100,
    "data": [
        {
            "mobile": "3415429086",
            "name": null,
            "cnic": "1350422157831",
            "address": null
        }
    ],
    "timestamp": "2024-02-06 08:43:26"
}{
    "status": 100,
    "message": "No record Found",
    "timestamp": "2024-02-06 08:47:21"
}{
    "status": 100,
    "message": "No record Found",
    "timestamp": "2024-02-06 08:47:33"
}{
    "status": 100,
    "message": "No record Found",
    "timestamp": "2024-02-06 08:49:50"
}{
    "status": 100,
    "message": "No record Found",
    "timestamp": "2024-02-06 08:51:22"
}{
    "status": 100,
    "data": [
        {
            "mobile": "3051026915",
            "name": "SHAH RUKH KHAN .",
            "cnic": "3620272033401",
            "address": "17 3 KEHARORH PAKA KAROORH PAKKA SHAIKHON WALA WARD NUMBER 10\/15 MIN BAZAAR KEHARORH PAKA LODHRAN"
        }
    ],
    "timestamp": "2024-02-06 08:51:55"
}{
    "status": 100,
    "data": [
        {
            "mobile": "3493366735",
            "name": "FAISAL SHEHZAD",
            "cnic": "3840382402585",
            "address": "DAAK KHANA KHAS AJNALA TEHSIL SARGODHA DISTRICT SA"
        }
    ],
    "timestamp": "2024-02-06 08:57:44"
}{
    "status": 100,
    "data": [
        {
            "mobile": "3494007508",
            "name": "IRSHAD B B",
            "cnic": "3640108798078",
            "address": "DAAK KHANA KHAS CHAK NUMBER 123 E B TEHSIL ARIF WA"
        }
    ],
    "timestamp": "2024-02-06 09:05:54"
}{
    "status": 100,
    "message": "No record Found",
    "timestamp": "2024-02-06 09:09:24"
}{
    "status": 100,
    "data": [
        {
            "mobile": "3348283997",
            "name": "SEEWT KHAN",
            "cnic": "1430120066397",
            "address": ""
        },
        {
            "mobile": "3032063576",
            "name": "SEW T KHAN .",
            "cnic": "1430120066397",
            "address": "DAAK KHANA KOHAT MIR BASH KHAIL TEHSIL KOHAT DISTRICT WAH"
        },
        {
            "mobile": "3348291994",
            "name": "SEEWT KHAN",
            "cnic": "1430120066397",
            "address": ""
        },
        {
            "mobile": "3339615349",
            "name": "SEW T KHAN",
            "cnic": "1430120066397",
            "address": "DAAK KHANA KOHAT MIR BASH KHAI"
        },
        {
            "mobile": "3348295930",
            "name": "SEEWT KHAN",
            "cnic": "1430120066397",
            "address": "MIR BASH KHAIL DAAK KHANA KOHA"
        },
        {
            "mobile": "3339613301",
            "name": "SEW T KHAN",
            "cnic": "1430120066397",
            "address": "DAAK KHANA KOHAT MIR BASH KHAI"
        },
        {
            "mobile": "3032061528",
            "name": "SEW T KHAN .",
            "cnic": "1430120066397",
            "address": "DAAK KHANA KOHAT MIR BASH KHAIL TEHSIL KOHAT DISTRICT WAH"
        }
    ],
    "timestamp": "2024-02-06 09:10:16"
}{
    "status": 100,
    "data": [
        {
            "mobile": "3046081378",
            "name": "WAQAS AHMAD .",
            "cnic": "3840350025537",
            "address": "SYEDAN WALA DAAK KHANA KHAS AJNALA TEHS SIL \/ DISTRICT SARGODHA SARGODHA G.P.O"
        }
    ],
    "timestamp": "2024-02-06 09:14:59"
}{
    "status": 100,
    "message": "No record Found",
    "timestamp": "2024-02-06 09:26:48"
}{
    "status": 100,
    "data": [
        {
            "mobile": "3342272164",
            "name": "MUSHTAQ AHMAD",
            "cnic": "3520257892147",
            "address": null
        }
    ],
    "timestamp": "2024-02-06 09:58:24"
}{
    "status": 100,
    "data": [
        {
            "mobile": "3324531803",
            "name": "Mushtaq Ahmed",
            "cnic": "3520257892147",
            "address": "City Mal Tehsil Lahore City Di"
        },
        {
            "mobile": "3311072902",
            "name": "Mushtaq Ahmed",
            "cnic": "3520257892147",
            "address": "City Mal Tehsil Lahore City Di"
        },
        {
            "mobile": "3342274212",
            "name": "MUSHTAQ AHMAD",
            "cnic": "3520257892147",
            "address": ""
        },
        {
            "mobile": "3024212419",
            "name": "MUSHTAQ AHMED",
            "cnic": "3520257892147",
            "address": "MAL PO KHAS LAHORE Lahore"
        },
        {
            "mobile": "3324529755",
            "name": "Mushtaq Ahmed",
            "cnic": "3520257892147",
            "address": "City Mal Tehsil Lahore City Di"
        },
        {
            "mobile": "3342272164",
            "name": "MUSHTAQ AHMAD",
            "cnic": "3520257892147",
            "address": null
        }
    ],
    "timestamp": "2024-02-06 09:59:27"
}{
    "timestamp": "2024-02-06 10:00:13"
}{
    "timestamp": "2024-02-06 10:00:41"
}{
    "status": 100,
    "data": [
        {
            "mobile": "3403469276",
            "name": "ZAREEN H",
            "cnic": "4110302295338",
            "address": "NAZD STATION MOHALA NOTAKANI MAATLI DISTRICT BADIN"
        },
        {
            "mobile": "3323188405",
            "name": "ZAREEN H",
            "cnic": "4110302295338",
            "address": "MAATLI NOTAKANI NAZD STATION M"
        },
        {
            "mobile": "3093044375",
            "name": "ZAREENA .",
            "cnic": "4110302295338",
            "address": "NONAK ANI MOHALA NAZD STATION MAATLI BA ADIN BADIN G.P.O."
        }
    ],
    "timestamp": "2024-02-06 10:06:57"
}{
    "status": 100,
    "data": [
        {
            "mobile": "3039844171",
            "name": "MUHAMMAD SULEMAN",
            "cnic": "1210209252879",
            "address": "LWNEEKLACHEEGRH SHEHBAZ TEERHE EDEERH ISMAIL KHAN Dera Ismail Khan"
        }
    ],
    "timestamp": "2024-02-06 10:07:47"
}{
    "status": 100,
    "data": [
        {
            "mobile": "3060825437",
            "name": "MUHAMMAD ASIF .",
            "cnic": "3120214818949",
            "address": null
        },
        {
            "mobile": "3060825437",
            "name": "NUZHAT .",
            "cnic": "4250175380950",
            "address": "MOHALA MAKORHE HAZRO ATTOCK  ATTOCK G.P.O."
        }
    ],
    "timestamp": "2024-02-06 10:08:08"
}{
    "status": 100,
    "data": [
        {
            "mobile": "3110254336",
            "name": "muhammad  asif",
            "cnic": "3120214818949",
            "address": null
        },
        {
            "mobile": "3060825437",
            "name": "MUHAMMAD ASIF .",
            "cnic": "3120214818949",
            "address": null
        },
        {
            "mobile": "3062706927",
            "name": "MUHAMMAD ASIF .",
            "cnic": "3120214818949",
            "address": "MUSAFIR KHANA BAHAWALPUR BASTI SANGHI  Bahawal Pur"
        },
        {
            "mobile": "3080343117",
            "name": "MUHAMMAD ASIF .",
            "cnic": "3120214818949",
            "address": null
        },
        {
            "mobile": "3110252288",
            "name": "muhammad  asif",
            "cnic": "3120214818949",
            "address": null
        },
        {
            "mobile": "3080341069",
            "name": "MUHAMMAD ASIF .",
            "cnic": "3120214818949",
            "address": "MUSAFIR KHANA BAHAWALPUR BASTI SANGHI  Bahawal Pur"
        },
        {
            "mobile": "3060823389",
            "name": "MUHAMMAD ASIF .",
            "cnic": "3120214818949",
            "address": "MUSAFIR KHANA BAHAWALPUR BASTI SANGHI  Bahawal Pur"
        }
    ],
    "timestamp": "2024-02-06 10:08:20"
}{
    "status": 100,
    "data": [
        {
            "mobile": "3026433491",
            "name": "MUHAMMAD SHAKEEL",
            "cnic": "3410153953943",
            "address": null
        }
    ],
    "timestamp": "2024-02-06 10:13:56"
}{
    "status": 100,
    "data": [
        {
            "mobile": "3404129006",
            "name": "SHEEMAN BI BI",
            "cnic": "3530190371906",
            "address": "DAAK KHANA HAVELI LAKHA MANIKI NAKI WALAY TEHSIL DEPALPUR ZILAH OKARA"
        },
        {
            "mobile": "3476937451",
            "name": "SHEEMAN BI BI",
            "cnic": "3530190371906",
            "address": "DAAK KHANA HAVELI LAKHA MANIKI NAKI WALAY TEHSIL DEPALPUR ZILAH OKARA"
        },
        {
            "mobile": "3064867639",
            "name": "SHEEMAN B B",
            "cnic": "3530190371906",
            "address": "HAVELI LAKHA DEPALPUR MANIKI NAKI WALAY Okara"
        },
        {
            "mobile": "3218382399",
            "name": "SHEEMAN B B",
            "cnic": "3530190371906",
            "address": null
        },
        {
            "mobile": "3221797990",
            "name": "SHEEMAN B B",
            "cnic": "3530190371906",
            "address": null
        },
        {
            "mobile": "3404249434",
            "name": null,
            "cnic": "3530190371906",
            "address": null
        },
        {
            "mobile": "3486322404",
            "name": null,
            "cnic": "3530190371906",
            "address": null
        }
    ],
    "timestamp": "2024-02-06 10:21:15"
}{
    "status": 100,
    "data": [
        {
            "mobile": "3313508307",
            "name": "SAJIDA PARVEEN",
            "cnic": "5440105880346",
            "address": "14-13 2 QUETTA CHALTAN MARKET"
        },
        {
            "mobile": "3347790790",
            "name": "SAJIDA PARVEEN",
            "cnic": "5440105880346",
            "address": "14-13 2 QUETTA CHALTAN MARKET"
        }
    ],
    "timestamp": "2024-02-06 10:25:06"
}{
    "status": 100,
    "data": [
        {
            "mobile": "3007941798",
            "name": "ABDUL HAMEED .",
            "cnic": "3130314456147",
            "address": null
        },
        {
            "mobile": "3007941798",
            "name": "MUHAMMAD ASLAM",
            "cnic": "3320211716721",
            "address": "FSD N\/A Lahore"
        }
    ],
    "timestamp": "2024-02-06 10:26:42"
}{
    "status": 100,
    "data": [
        {
            "mobile": "3007647749",
            "name": "HASSAN IRFAN",
            "cnic": "3510225121841",
            "address": "104 QASOOR NAZD GOVERNMENT HAI SKWLRAJH JANG ( RURAL PART ) Lahore"
        }
    ],
    "timestamp": "2024-02-06 10:29:35"
}{
    "status": 100,
    "data": [
        {
            "mobile": "3320496246",
            "name": "MUHAMMAD MUNSHA",
            "cnic": "3510169947351",
            "address": "KHAS CHONIYA NIZAM PURA CHAK N"
        },
        {
            "mobile": "3328387408",
            "name": "MUHAMMAD MUNSHA",
            "cnic": "3510169947351",
            "address": "KHAS CHONIYA NIZAM PURA CHAK N"
        },
        {
            "mobile": "3314053275",
            "name": "MUHAMMAD MUNSHA",
            "cnic": "3510169947351",
            "address": "KHAS CHONIYA NIZAM PURA CHAK N"
        },
        {
            "mobile": "3310408817",
            "name": "MUHAMMAD MUNSHA",
            "cnic": "3510169947351",
            "address": "KHAS CHONIYA NIZAM PURA CHAK N"
        },
        {
            "mobile": "3434898929",
            "name": null,
            "cnic": "3510169947351",
            "address": null
        },
        {
            "mobile": "3310406769",
            "name": "MUHAMMAD MUNSHA",
            "cnic": "3510169947351",
            "address": "KHAS CHONIYA NIZAM PURA CHAK N"
        }
    ],
    "timestamp": "2024-02-06 10:46:38"
}{
    "status": 100,
    "data": [
        {
            "mobile": "3007941798",
            "name": "ABDUL HAMEED .",
            "cnic": "3130314456147",
            "address": null
        },
        {
            "mobile": "3007941798",
            "name": "MUHAMMAD ASLAM",
            "cnic": "3320211716721",
            "address": "FSD N\/A Lahore"
        }
    ],
    "timestamp": "2024-02-06 11:14:48"
}{
    "status": 100,
    "data": [
        {
            "mobile": "3006836523",
            "name": "MUHAMMAD SIDDIQUE",
            "cnic": "3120232512089",
            "address": null
        },
        {
            "mobile": "3080387510",
            "name": "MUHAMMAD SIDDIQUE",
            "cnic": "3120232512089",
            "address": null
        }
    ],
    "timestamp": "2024-02-06 11:18:09"
}{
    "status": 100,
    "data": [
        {
            "mobile": "3325566101",
            "name": "MASOOD ANWAR",
            "cnic": "3740544615133",
            "address": "a a a"
        }
    ],
    "timestamp": "2024-02-06 11:40:44"
}{
    "status": 100,
    "data": [
        {
            "mobile": "3174086785",
            "name": "MUKHTIAR MUKHTIAR",
            "cnic": "1560213513379",
            "address": "HAZARA SAWAT SHAGAY KSHZARHSWAT"
        }
    ],
    "timestamp": "2024-02-06 11:48:59"
}{
    "status": 100,
    "message": "No record Found",
    "timestamp": "2024-02-06 12:02:49"
}{
    "status": 100,
    "data": [
        {
            "mobile": "3415355874",
            "name": "AQIB JAVEED",
            "cnic": "3740274941323",
            "address": "DHOK HALAN POST OFFICE KHAS BANAHL TEHSIL KALAR SYEDAN ZILAH RAWALPINDI"
        }
    ],
    "timestamp": "2024-02-06 12:07:30"
}{
    "status": 100,
    "data": [
        {
            "mobile": "3336102201",
            "name": "ARIF KHAN",
            "cnic": "1430104901283",
            "address": "HOUSE NUMBER A-962 MOHALA PEHL"
        },
        {
            "mobile": "3412206812",
            "name": "ARIF KHAN",
            "cnic": "1430104901283",
            "address": "165 ABID ABAD PAYA BILLI TANG KOHAT PAYA JAWAKI AS"
        },
        {
            "mobile": "3350347592",
            "name": "ARIF KHAN",
            "cnic": "1430104901283",
            "address": "HOUSE NUMBER 165 GALI \/ MOHALA"
        },
        {
            "mobile": "3352380692",
            "name": "ARIF KHAN",
            "cnic": "1430104901283",
            "address": "HOUSE NUMBER A-962 MOHALA PEHL"
        },
        {
            "mobile": "3350345544",
            "name": "ARIF KHAN",
            "cnic": "1430104901283",
            "address": "HOUSE NUMBER A-962 MOHALA PEHL"
        }
    ],
    "timestamp": "2024-02-06 12:19:40"
}{
    "status": 100,
    "data": [
        {
            "mobile": "3095540129",
            "name": "MUHAMMAD IQBAL",
            "cnic": "3510230534235",
            "address": "KHADIYAAN KHAS KASUR JATYAN KA SUR Lahore"
        }
    ],
    "timestamp": "2024-02-06 12:30:32"
}{
    "status": 100,
    "data": [
        {
            "mobile": "3246481825",
            "name": "UZAIR ALI .",
            "cnic": "3420102241421",
            "address": null
        }
    ],
    "timestamp": "2024-02-06 12:36:51"
}{
    "status": 100,
    "data": [
        {
            "mobile": "3163818703",
            "name": "rozina",
            "cnic": "4160106318840",
            "address": null
        }
    ],
    "timestamp": "2024-02-06 12:52:24"
}{
    "status": 100,
    "data": [
        {
            "mobile": "3310381159",
            "name": "rozina",
            "cnic": "4160106318840",
            "address": "khawaja , fatima palaza TANDO"
        },
        {
            "mobile": "3163818136",
            "name": "rozina",
            "cnic": "4160106318840",
            "address": null
        },
        {
            "mobile": "3163818703",
            "name": "rozina",
            "cnic": "4160106318840",
            "address": null
        },
        {
            "mobile": "3431258076",
            "name": null,
            "cnic": "4160106318840",
            "address": null
        }
    ],
    "timestamp": "2024-02-06 12:52:33"
}{
    "status": 100,
    "data": [
        {
            "mobile": "3163818703",
            "name": "rozina",
            "cnic": "4160106318840",
            "address": null
        }
    ],
    "timestamp": "2024-02-06 12:52:48"
}{
    "status": 100,
    "data": [
        {
            "mobile": "3000054943",
            "name": "MARYAM NAEEM .",
            "cnic": "3540412134964",
            "address": null
        },
        {
            "mobile": "3086934680",
            "name": "MARYAM NAEEM .",
            "cnic": "3540412134964",
            "address": null
        },
        {
            "mobile": "3211412371",
            "name": "MARYAM NAEEM",
            "cnic": "3540412134964",
            "address": "FLAT NUMBER BII-3S-196-B MOHALA JINNAH PARK SHEIKHU PURA DISTRICT SHEIKHUPURA"
        }
    ],
    "timestamp": "2024-02-06 13:04:01"
}{
    "timestamp": "2024-02-06 13:07:18"
}{
    "status": 100,
    "data": [
        {
            "mobile": "3116528656",
            "name": "kaleem  ullah",
            "cnic": "3240333672691",
            "address": null
        }
    ],
    "timestamp": "2024-02-06 13:07:27"
}{
    "status": 100,
    "data": [
        {
            "mobile": "3246481825",
            "name": "UZAIR ALI .",
            "cnic": "3420102241421",
            "address": null
        }
    ],
    "timestamp": "2024-02-06 13:14:21"
}{
    "status": 100,
    "data": [
        {
            "mobile": "3486925502",
            "name": "TEHMOOR HASSAN",
            "cnic": "3840605265967",
            "address": "DAAK KHANA KHAS KORHAY KOT TEHSIL KOT MOMIN DISTRI"
        }
    ],
    "timestamp": "2024-02-06 13:21:33"
}{
    "status": 100,
    "data": [
        {
            "mobile": "3338450796",
            "name": "RIYASAT KHAN",
            "cnic": "3420207374009",
            "address": "RAILWAY ABADI LOKARHI MAKARHAN"
        },
        {
            "mobile": "3353283009",
            "name": "RIYASAT KHAN",
            "cnic": "3420207374009",
            "address": "GALI \/ MOHALA RAILWAY ABADI LO"
        },
        {
            "mobile": "3028754414",
            "name": "RIYASAT KHAN .",
            "cnic": "3420207374009",
            "address": "RAILWAY ABADI LOKARHI MAKARHAN KHAS KHAR IAN DANGA GUJRAT Gujrat"
        },
        {
            "mobile": "3045597680",
            "name": "RIYASAT KHAN .",
            "cnic": "3420207374009",
            "address": "RAILWAY ABADI LOKARHI MAKARHAN KHAS KHAR IAN DANGA GUJRAT Gujrat"
        },
        {
            "mobile": "3046203365",
            "name": "RIYASAT KHAN .",
            "cnic": "3420207374009",
            "address": null
        },
        {
            "mobile": "3338448748",
            "name": "RIYASAT KHAN",
            "cnic": "3420207374009",
            "address": "RAILWAY ABADI LOKARHI MAKARHAN"
        },
        {
            "mobile": "3046201317",
            "name": "RIYASAT KHAN .",
            "cnic": "3420207374009",
            "address": "RAILWAY ABADI LOKARHI MAKARHAN KHAS KHAR IAN DANGA GUJRAT Gujrat"
        },
        {
            "mobile": "3028752366",
            "name": "RIYASAT KHAN .",
            "cnic": "3420207374009",
            "address": "RAILWAY ABADI LOKARHI MAKARHAN KHAS KHAR IAN DANGA GUJRAT Gujrat"
        }
    ],
    "timestamp": "2024-02-06 13:32:53"
}{
    "status": 100,
    "data": [
        {
            "mobile": "3177647071",
            "name": "shahnaz  kausar",
            "cnic": "3420243656468",
            "address": null
        },
        {
            "mobile": "3401357880",
            "name": "SHEHNAZ KAUSAR",
            "cnic": "3420243656468",
            "address": "1 KHAS KHARIAN BHOTA GUJRAT"
        },
        {
            "mobile": "3496243206",
            "name": "SHEHNAZ KAUSAR",
            "cnic": "3420243656468",
            "address": "1 KHAS KHARIAN BHOTA GUJRAT"
        },
        {
            "mobile": "3486589718",
            "name": "SHEHNAZ KAUSAR",
            "cnic": "3420243656468",
            "address": "1 KHAS KHARIAN BHOTA GUJRAT"
        },
        {
            "mobile": "3401421771",
            "name": "SHEHNAZ KAUSAR",
            "cnic": "3420243656468",
            "address": "1 KHAS KHARIAN BHOTA GUJRAT"
        },
        {
            "mobile": "3496197294",
            "name": "SHEHNAZ KAUSAR",
            "cnic": "3420243656468",
            "address": "1 KHAS KHARIAN BHOTA GUJRAT"
        }
    ],
    "timestamp": "2024-02-06 13:41:15"
}{
    "status": 100,
    "data": [
        {
            "mobile": "3315797370",
            "name": "ammara asim",
            "cnic": "3720101040334",
            "address": "House No 1053 Pilian wala , ka"
        },
        {
            "mobile": "3315795322",
            "name": "ammara asim",
            "cnic": "3720101040334",
            "address": "House No 1053 Pilian wala "
        }
    ],
    "timestamp": "2024-02-06 13:47:12"
}{
    "status": 100,
    "message": "No record Found",
    "timestamp": "2024-02-06 13:53:40"
}{
    "status": 100,
    "data": [
        {
            "mobile": "3323383095",
            "name": "SALEMAH B B",
            "cnic": "1310134285676",
            "address": "DAAK KHANA PUL BOI TEHSIL ABBO"
        }
    ],
    "timestamp": "2024-02-06 13:54:24"
}{
    "status": 100,
    "data": [
        {
            "mobile": "3361476790",
            "name": "LIAQAT ALI RANA",
            "cnic": "3520204540553",
            "address": "House No 100-B LALA ZAR THOKAR"
        },
        {
            "mobile": "3340045099",
            "name": "LIAQUAT ALI RANA",
            "cnic": "3520204540553",
            "address": ""
        },
        {
            "mobile": "3234314178",
            "name": "LIAQAT ALI",
            "cnic": "3520204540553",
            "address": null
        },
        {
            "mobile": "3328671466",
            "name": "LIAQUAT ALI RANA",
            "cnic": "3520204540553",
            "address": ""
        },
        {
            "mobile": "3349926905",
            "name": "LIAQUAT ALI RANA",
            "cnic": "3520204540553",
            "address": ""
        },
        {
            "mobile": "3328669418",
            "name": "LIAQUAT ALI RANA",
            "cnic": "3520204540553",
            "address": null
        },
        {
            "mobile": "3234312130",
            "name": "LIAQAT ALI RANA",
            "cnic": "3520204540553",
            "address": "HOUSE NUMBER 23-B MOHALA MIN ROAD HASSAN TOWN MULTAN ROAD LAHORE TEHSIL LAHORE CITY DISTRICT LAHORE"
        }
    ],
    "timestamp": "2024-02-06 14:06:16"
}{
    "status": 100,
    "data": [
        {
            "mobile": "3008028240",
            "name": "ALI ASGHAR .",
            "cnic": "3510394103365",
            "address": "PATTOKI MALIK PURA PATTOKI KASUR  Kasur"
        },
        {
            "mobile": "3074481038",
            "name": "ALI ASGHAR .",
            "cnic": "3510394103365",
            "address": "PATTOKI MALIK PURA PATTOKI KASUR  Kasur"
        },
        {
            "mobile": "3244131033",
            "name": "ALI ASGHAR",
            "cnic": "3510394103365",
            "address": "PATTOKI MALIK PURA PATTOKI KASUR"
        },
        {
            "mobile": "3244219693",
            "name": "ALI ASGHAR .",
            "cnic": "3510394103365",
            "address": null
        },
        {
            "mobile": "3244217645",
            "name": "ALI ASGHAR",
            "cnic": "3510394103365",
            "address": "PATTOKI MALIK PURA PATTOKI KASUR"
        },
        {
            "mobile": "3008026192",
            "name": "ALI ASGHAR .",
            "cnic": "3510394103365",
            "address": "PATTOKI MALIK PURA PATTOKI KASUR  Kasur"
        }
    ],
    "timestamp": "2024-02-06 14:11:31"
}{
    "status": 100,
    "data": [
        {
            "mobile": "3242716508",
            "name": "GHULAM RASOOL .",
            "cnic": "3130356472731",
            "address": null
        }
    ],
    "timestamp": "2024-02-06 14:17:20"
}{
    "status": 100,
    "data": [
        {
            "mobile": "3048319133",
            "name": "GHULAM RASOOL .",
            "cnic": "3130356472731",
            "address": "DAAK KHANA CHAK NUMBER 114 P CHAK NUMBER 133 P TEHSIL RAHIM YAAR KHAN DISTRICT RAHIM YAAR KHAN  RA"
        },
        {
            "mobile": "3415810080",
            "name": "GHULAM RASOOL",
            "cnic": "3130356472731",
            "address": "CHAK NUMBER 114 P RAHIM YAAR KHAN CHAK NUMBER 133"
        },
        {
            "mobile": "3242716508",
            "name": "GHULAM RASOOL .",
            "cnic": "3130356472731",
            "address": null
        },
        {
            "mobile": "3061055085",
            "name": "GHULAM RASOOL .",
            "cnic": "3130356472731",
            "address": "DAAK KHANA CHAK NUMBER 114 P CHAK NUMBER 133 P TEHSIL RAHIM YAAR KHAN DISTRICT RAHIM YAAR KHAN  RA"
        },
        {
            "mobile": "3061057133",
            "name": "GHULAM RASOOL .",
            "cnic": "3130356472731",
            "address": "DAAK KHANA CHAK NUMBER 114 P CHAK NUMBER 133 P TEHSIL RAHIM YAAR KHAN DISTRICT RAHIM YAAR KHAN  RA"
        }
    ],
    "timestamp": "2024-02-06 14:18:52"
}{
    "status": 100,
    "data": [
        {
            "mobile": "3000315855",
            "name": "IKRAM .",
            "cnic": "2140337881183",
            "address": null
        }
    ],
    "timestamp": "2024-02-06 14:20:38"
}{
    "status": 100,
    "message": "No record Found",
    "timestamp": "2024-02-06 14:21:17"
}{
    "status": 100,
    "message": "No record Found",
    "timestamp": "2024-02-06 14:37:51"
}{
    "status": 100,
    "message": "No record Found",
    "timestamp": "2024-02-06 14:41:53"
}{
    "status": 100,
    "message": "No record Found",
    "timestamp": "2024-02-06 14:46:56"
}{
    "status": 100,
    "message": "No record Found",
    "timestamp": "2024-02-06 14:47:19"
}{
    "status": 100,
    "data": [
        {
            "mobile": "3242716508",
            "name": "GHULAM RASOOL .",
            "cnic": "3130356472731",
            "address": null
        }
    ],
    "timestamp": "2024-02-06 14:49:33"
}{
    "status": 100,
    "data": [
        {
            "mobile": "3011405810",
            "name": "MUHAMMAD ABDULLAH MUKHTIAR .",
            "cnic": "3630157245419",
            "address": null
        }
    ],
    "timestamp": "2024-02-06 14:49:50"
}{
    "status": 100,
    "data": [
        {
            "mobile": "3038293125",
            "name": "SHAUKAT ALI .",
            "cnic": "3120360222667",
            "address": "312 HASIL PUR RAJPUTAAN WARD NUMBER 26 BAZAAR WALI STREET HASIL PUR OLD BAHAWALPUR  PAKISTAN"
        },
        {
            "mobile": "3038293125",
            "name": "SONARO .",
            "cnic": "4510154993407",
            "address": "village ahmed bhan SAKRAND City SHAHEED BENAZIR ABAD Lahore"
        }
    ],
    "timestamp": "2024-02-06 14:50:43"
}{
    "timestamp": "2024-02-06 14:53:12"
}{
    "status": 100,
    "data": [
        {
            "mobile": "3433010243",
            "name": "FATIMA B B",
            "cnic": "8130216653484",
            "address": "F\/1 MIRPUR MIR PUR MIRPUR"
        }
    ],
    "timestamp": "2024-02-06 14:53:20"
}{
    "status": 100,
    "message": "No record Found",
    "timestamp": "2024-02-06 14:56:59"
}{
    "status": 100,
    "message": "No record Found",
    "timestamp": "2024-02-06 14:57:43"
}{
    "status": 100,
    "message": "No record Found",
    "timestamp": "2024-02-06 15:05:14"
}{
    "status": 100,
    "message": "No record Found",
    "timestamp": "2024-02-06 15:05:26"
}{
    "status": 100,
    "data": [
        {
            "mobile": "3475691136",
            "name": "IQRA JAVED",
            "cnic": "3310023919466",
            "address": "HOUSE NUMBER 1274 STREET NUMBER 2 CHAK NUMBER 224"
        }
    ],
    "timestamp": "2024-02-06 15:05:57"
}{
    "status": 100,
    "data": [
        {
            "mobile": "3020355128",
            "name": "ZEGUM ABBAS .",
            "cnic": "4320365564133",
            "address": null
        },
        {
            "mobile": "3444200411",
            "name": "ZEGUM ABBAS .",
            "cnic": "4320365564133",
            "address": null
        },
        {
            "mobile": "3443559520",
            "name": null,
            "cnic": "4320365564133",
            "address": null
        },
        {
            "mobile": "3448320847",
            "name": null,
            "cnic": "4320365564133",
            "address": null
        },
        {
            "mobile": "3477633558",
            "name": null,
            "cnic": "4320365564133",
            "address": null
        }
    ],
    "timestamp": "2024-02-06 15:19:35"
}{
    "status": 100,
    "data": [
        {
            "mobile": "3201696543",
            "name": "PURVA ABID .",
            "cnic": "3230412759190",
            "address": null
        }
    ],
    "timestamp": "2024-02-06 15:24:09"
}{
    "status": 100,
    "data": [
        {
            "mobile": "3447526866",
            "name": "WAQAS UMER",
            "cnic": "3840567885127",
            "address": "SHAH NAKDAR SILANWALI DERA GONDAL CHAK NUMBER 155"
        }
    ],
    "timestamp": "2024-02-06 15:29:24"
}{
    "status": 100,
    "message": "No record Found",
    "timestamp": "2024-02-06 15:29:26"
}{
    "status": 100,
    "data": [
        {
            "mobile": "3034585433",
            "name": "MUZAMMIL ABBAS .",
            "cnic": "3320296291785",
            "address": null
        }
    ],
    "timestamp": "2024-02-06 15:44:50"
}{
    "status": 100,
    "message": "No record Found",
    "timestamp": "2024-02-06 15:54:21"
}{
    "status": 100,
    "data": [
        {
            "mobile": "3023015293",
            "name": "ABDUL GHAFFAR .",
            "cnic": "3130349482525",
            "address": null
        },
        {
            "mobile": "3023481873",
            "name": "ABDUL GHAFFAR .",
            "cnic": "3130349482525",
            "address": null
        },
        {
            "mobile": "3036113501",
            "name": "ABDUL GHAFFAR .",
            "cnic": "3130349482525",
            "address": "DAAK KHANA SARDAR GARH KOTLA HAYAT MUHA MMAD TEHSIL RAHIM YAAR KHAN DISTRICT RA RAHIMYAR KHAN G.P."
        },
        {
            "mobile": "3058250873",
            "name": "ABDUL GHAFFAR .",
            "cnic": "3130349482525",
            "address": "DAAK KHANA SARDAR GARH KOTLA HAYAT MUHA MMAD TEHSIL RAHIM YAAR KHAN DISTRICT RA RAHIMYAR KHAN G.P."
        },
        {
            "mobile": "3063265075",
            "name": "ABDUL GHAFFAR .",
            "cnic": "3130349482525",
            "address": null
        },
        {
            "mobile": "3063263027",
            "name": "ABDUL GHAFFAR .",
            "cnic": "3130349482525",
            "address": "DAAK KHANA SARDAR GARH KOTLA HAYAT MUHA MMAD TEHSIL RAHIM YAAR KHAN DISTRICT RA RAHIMYAR KHAN G.P."
        },
        {
            "mobile": "3023013245",
            "name": "ABDUL GHAFFAR .",
            "cnic": "3130349482525",
            "address": "DAAK KHANA SARDAR GARH KOTLA HAYAT MUHA MMAD TEHSIL RAHIM YAAR KHAN DISTRICT RA RAHIMYAR KHAN G.P."
        },
        {
            "mobile": "3023479825",
            "name": "ABDUL GHAFFAR .",
            "cnic": "3130349482525",
            "address": "DAAK KHANA SARDAR GARH KOTLA HAYAT MUHA MMAD TEHSIL RAHIM YAAR KHAN DISTRICT RA RAHIMYAR KHAN G.P."
        },
        {
            "mobile": "3058248825",
            "name": "ABDUL GHAFFAR .",
            "cnic": "3130349482525",
            "address": "DAAK KHANA SARDAR GARH KOTLA HAYAT MUHA MMAD TEHSIL RAHIM YAAR KHAN DISTRICT RA RAHIMYAR KHAN G.P."
        }
    ],
    "timestamp": "2024-02-06 15:54:43"
}{
    "status": 100,
    "data": [
        {
            "mobile": "3090514911",
            "name": "MUZAMMIL ABBAS .",
            "cnic": "3320296291785",
            "address": null
        }
    ],
    "timestamp": "2024-02-06 15:54:49"
}{
    "status": 100,
    "message": "No record Found",
    "timestamp": "2024-02-06 15:57:45"
}{
    "status": 100,
    "data": [
        {
            "mobile": "3040751403",
            "name": "ALI RAZA .",
            "cnic": "3610181784827",
            "address": null
        },
        {
            "mobile": "3040751403",
            "name": "BUSHRA BIBI .",
            "cnic": "3640137487740",
            "address": "village ahmed bhan SAKRAND City SHAHEED BENAZIR ABAD Lahore"
        }
    ],
    "timestamp": "2024-02-06 15:58:45"
}{
    "status": 100,
    "message": "No record Found",
    "timestamp": "2024-02-06 16:00:58"
}{
    "status": 100,
    "data": [
        {
            "mobile": "3075787938",
            "name": "MALIK KHURRAM HAIDER .",
            "cnic": "3720271002961",
            "address": "KHAS CHOA SAEEDAN SHAH A RARH CHAKWAL  Chakwal"
        }
    ],
    "timestamp": "2024-02-06 16:02:45"
}{
    "status": 100,
    "data": [
        {
            "mobile": "3360845379",
            "name": "MUHAMMAD HUSSAIN",
            "cnic": "3120589621877",
            "address": "DAAK KHANA KHAS CHAK NUMBER 11"
        }
    ],
    "timestamp": "2024-02-06 16:18:07"
}{
    "status": 100,
    "data": [
        {
            "mobile": "3475245955",
            "name": null,
            "cnic": "3740587769217",
            "address": null
        }
    ],
    "timestamp": "2024-02-06 16:27:39"
}{
    "status": 100,
    "message": "No record Found",
    "timestamp": "2024-02-06 16:33:48"
}{
    "status": 100,
    "data": [
        {
            "mobile": "3443906913",
            "name": "YASIR AKRAM",
            "cnic": "3520276544301",
            "address": "427 LAHORE CITY HILAL PARK AAMIR ROAD SHAAD BAGH L"
        }
    ],
    "timestamp": "2024-02-06 16:36:35"
}{
    "status": 100,
    "message": "No record Found",
    "timestamp": "2024-02-06 16:41:46"
}{
    "status": 100,
    "data": [
        {
            "mobile": "3201502640",
            "name": "FAISAL RAZA .",
            "cnic": "3840231262585",
            "address": null
        }
    ],
    "timestamp": "2024-02-06 16:44:38"
}{
    "status": 100,
    "data": [
        {
            "mobile": "3088349313",
            "name": "SHAHID JAMAL .",
            "cnic": "3660349625883",
            "address": "KHAS VEHARI CHAK NUMBER 5 W B VEHARI KHAS VEHARI CHAK NUMBER 5 W B VEHARI Vehari"
        }
    ],
    "timestamp": "2024-02-06 16:47:39"
}{
    "status": 100,
    "data": [
        {
            "mobile": "3326549185",
            "name": "sjaid ur rahman",
            "cnic": "3310006101465",
            "address": "girls hostels  king edward med"
        },
        {
            "mobile": "3326549185",
            "name": "GHULAM FAREED SABIR",
            "cnic": "3310262283397",
            "address": "649 FAISAL ABAD CITY C PEOPLES"
        }
    ],
    "timestamp": "2024-02-06 16:57:46"
}{
    "status": 100,
    "data": [
        {
            "mobile": "3157167701",
            "name": "sjaid ur rahman",
            "cnic": "3310006101465",
            "address": null
        },
        {
            "mobile": "3336549187",
            "name": "SAJID ALREHMAN",
            "cnic": "3310006101465",
            "address": ""
        },
        {
            "mobile": "3326549185",
            "name": "sjaid ur rahman",
            "cnic": "3310006101465",
            "address": "girls hostels  king edward med"
        },
        {
            "mobile": "3029501361",
            "name": "SAJID ALREHMAN",
            "cnic": "3310006101465",
            "address": null
        },
        {
            "mobile": "3346563340",
            "name": "SAJID ALREHMAN",
            "cnic": "3310006101465",
            "address": null
        },
        {
            "mobile": "3157165653",
            "name": "sjaid ur rahman",
            "cnic": "3310006101465",
            "address": null
        },
        {
            "mobile": "3117523130",
            "name": "sjaid ur rahman",
            "cnic": "3310006101465",
            "address": null
        },
        {
            "mobile": "3029499313",
            "name": "SAJID ALREHMAN",
            "cnic": "3310006101465",
            "address": "31 ALTAF GANJ JHANG ROAD AYYUB RESEARCH FAISAL ABAD Faisalabad"
        }
    ],
    "timestamp": "2024-02-06 17:02:36"
}{
    "status": 100,
    "data": [
        {
            "mobile": "3026047819",
            "name": "MUHAMMAD BILAL .",
            "cnic": "3660291439821",
            "address": "SARDAR PUR JHUNDHEER MAILSI BASTI JHOK MURAD PUR VEHARI WAH"
        }
    ],
    "timestamp": "2024-02-06 17:13:29"
}{
    "status": 100,
    "data": [
        {
            "mobile": "3011243205",
            "name": "MUHAMMAD HANEEF .",
            "cnic": "3660286873371",
            "address": null
        }
    ],
    "timestamp": "2024-02-06 17:14:04"
}{
    "status": 100,
    "message": "No record Found",
    "timestamp": "2024-02-06 17:14:42"
}{
    "status": 100,
    "data": [
        {
            "mobile": "3090736947",
            "name": "RAB NAWAZ .",
            "cnic": "3660209686961",
            "address": null
        }
    ],
    "timestamp": "2024-02-06 17:18:02"
}{
    "status": 100,
    "data": [
        {
            "mobile": "3066579855",
            "name": "MUHAMMAD IQBAL KHAN",
            "cnic": "3660208432151",
            "address": "SARDAR PUR JHANDER MAILSI CHAH KHAJI WALHSHWLWHARI Lahore"
        }
    ],
    "timestamp": "2024-02-06 17:18:15"
}{
    "status": 100,
    "data": [
        {
            "mobile": "3201502640",
            "name": "FAISAL RAZA .",
            "cnic": "3840231262585",
            "address": null
        }
    ],
    "timestamp": "2024-02-06 17:22:44"
}{
    "status": 100,
    "data": [
        {
            "mobile": "3033675489",
            "name": "SHAHBAZ AKRAM .",
            "cnic": "3320299464793",
            "address": null
        },
        {
            "mobile": "3033675489",
            "name": "SHAADI KHAN .",
            "cnic": "5340167426445",
            "address": "village ahmed bhan SAKRAND City SHAHEED BENAZIR ABAD Lahore"
        }
    ],
    "timestamp": "2024-02-06 17:33:48"
}{
    "status": 100,
    "data": [
        {
            "mobile": "3480982080",
            "name": "SARBULAND KHAN",
            "cnic": "1340238552429",
            "address": "DAAK KHANA DOBEER KHASREY MAREEN KOLAYE TEHSIL PAL"
        },
        {
            "mobile": "3480982080",
            "name": null,
            "cnic": "2170709208385",
            "address": null
        }
    ],
    "timestamp": "2024-02-06 17:37:12"
}{
    "status": 100,
    "data": [
        {
            "mobile": "3436555718",
            "name": "MANZOOR HUSSAIN",
            "cnic": "3320379585001",
            "address": "CHAH TARS ANGA KHAS SHORKOT RUSTAM SIRGANA JHANG"
        }
    ],
    "timestamp": "2024-02-06 17:40:15"
}{
    "status": 100,
    "message": "No record Found",
    "timestamp": "2024-02-06 17:43:14"
}{
    "status": 100,
    "data": [
        {
            "mobile": "3128736565",
            "name": "DATA NOT RECIEVED FROM NADRA",
            "cnic": "4220131458647",
            "address": null
        }
    ],
    "timestamp": "2024-02-06 17:50:47"
}{
    "status": 100,
    "data": [
        {
            "mobile": "3128736565",
            "name": "DATA NOT RECIEVED FROM NADRA",
            "cnic": "4220131458647",
            "address": null
        },
        {
            "mobile": "3312180918",
            "name": "NISAR AHMED MORI",
            "cnic": "4220131458647",
            "address": "428 HINA TERRACE BLOCK 13-D\/II"
        },
        {
            "mobile": "3152160357",
            "name": "DATA NOT RECIEVED FROM NADRA",
            "cnic": "4220131458647",
            "address": null
        },
        {
            "mobile": "3462332490",
            "name": "NISAR AHMED MORI",
            "cnic": "4220131458647",
            "address": "428 HINA TERRACE BLOCK 13-D\/III GULSHAN IQBAL GULS"
        },
        {
            "mobile": "3152158309",
            "name": "DATA NOT RECIEVED FROM NADRA",
            "cnic": "4220131458647",
            "address": null
        }
    ],
    "timestamp": "2024-02-06 17:51:03"
}{
    "status": 100,
    "message": "No record Found",
    "timestamp": "2024-02-06 18:10:31"
}{
    "status": 100,
    "message": "No record Found",
    "timestamp": "2024-02-06 18:11:00"
}{
    "status": 100,
    "message": "No record Found",
    "timestamp": "2024-02-06 18:13:51"
}{
    "status": 100,
    "data": [
        {
            "mobile": "3434909712",
            "name": null,
            "cnic": "3460219863801",
            "address": null
        },
        {
            "mobile": "3434909712",
            "name": "MUHAMMAD ARSHAD",
            "cnic": "3520294193479",
            "address": "9 4 AHMAD DEEN STREET LAHORE CITY GHOUSIA COLONY S"
        }
    ],
    "timestamp": "2024-02-06 18:17:02"
}{
    "status": 100,
    "data": [
        {
            "mobile": "3220979713",
            "name": "MUHAMMAD AFZAL .",
            "cnic": "3730251634153",
            "address": null
        }
    ],
    "timestamp": "2024-02-06 18:57:27"
}{
    "status": 100,
    "data": [
        {
            "mobile": "3017147091",
            "name": "KHERO .",
            "cnic": "4430258684180",
            "address": null
        }
    ],
    "timestamp": "2024-02-06 19:01:34"
}{
    "status": 100,
    "data": [
        {
            "mobile": "3003091618",
            "name": "NASEEM A TALPUR .",
            "cnic": "4180106532652",
            "address": "MOHALA SHEIKH BHAT SHAH TEHSIL \/ DISTRI ICT MATIYARI MATIARI"
        }
    ],
    "timestamp": "2024-02-06 19:05:12"
}{
    "status": 100,
    "data": [
        {
            "mobile": "3334104935",
            "name": "SYED QAISAR AZIZ",
            "cnic": "3520229593919",
            "address": ""
        },
        {
            "mobile": "3334104935",
            "name": "MUHAMMAD AFZALL",
            "cnic": "3540476393845",
            "address": "DERA NOOR DINPOST OFFICE KOTSO"
        }
    ],
    "timestamp": "2024-02-06 19:07:06"
}{
    "status": 100,
    "data": [
        {
            "mobile": "3484227436",
            "name": "SAFFIA BIBI",
            "cnic": "3450132129926",
            "address": "POST OFFICE AHMED ABAD KOT RAMZANI TEHSIL NAROWAL ZILAH NAROWAL"
        }
    ],
    "timestamp": "2024-02-06 20:10:56"
}{
    "status": 100,
    "data": [
        {
            "mobile": "3493039153",
            "name": "MUHAMMAD NADEEM",
            "cnic": "3620121238519",
            "address": "DAAK KHANA DUNIYAPUR CHAK NUMBER 9 M TEHSIL DUNIYA"
        }
    ],
    "timestamp": "2024-02-06 20:18:46"
}{
    "status": 100,
    "data": [
        {
            "mobile": "3493039153",
            "name": "MUHAMMAD NADEEM",
            "cnic": "3620121238519",
            "address": "DAAK KHANA DUNIYAPUR CHAK NUMBER 9 M TEHSIL DUNIYA"
        }
    ],
    "timestamp": "2024-02-06 20:19:52"
}{
    "status": 100,
    "data": [
        {
            "mobile": "3329746821",
            "name": "AAFNAN KHAN",
            "cnic": "1110182834109",
            "address": "NOWRH BANNU NOWRH BANNU"
        }
    ],
    "timestamp": "2024-02-06 21:11:35"
}