{
    "status": 100,
    "message": "No record Found",
    "timestamp": "2024-02-08 03:42:02"
}{
    "status": 100,
    "data": [
        {
            "mobile": "3434646406",
            "name": "MUDASSAR ALI",
            "cnic": "3520112740733",
            "address": "2-A 35 MIN BAZAR MUSLIM ABAD MUGHALPURA MUGHALPOOR"
        }
    ],
    "timestamp": "2024-02-08 05:33:13"
}{
    "status": 100,
    "data": [
        {
            "mobile": "3007868623",
            "name": "ABID SHAHZAD .",
            "cnic": "3120425485961",
            "address": "LAL SOHANRA KHAIRPUR MIRS TAMIWALI BONG GA RAMZAN KHAN BAHAWALPUR BAHAWALPUR G.P.O."
        },
        {
            "mobile": "3007868623",
            "name": "ANEES AL REHMAN .",
            "cnic": "3620172726719",
            "address": null
        }
    ],
    "timestamp": "2024-02-08 06:58:57"
}{
    "status": 100,
    "data": [
        {
            "mobile": "3095844350",
            "name": "RAFEEQ AHMED .",
            "cnic": "1570262798883",
            "address": "village ahmed bhan SAKRAND City SHAHEED BENAZIR ABAD Lahore"
        },
        {
            "mobile": "3095844350",
            "name": "ARIF HUSSAIN .",
            "cnic": "2130371530637",
            "address": "PARA CHINAR UPPER KARAM AGENCY SHENGAK  KURRAM AGENCY"
        },
        {
            "mobile": "3095844350",
            "name": "ASIFA SULTANA .",
            "cnic": "3120392607994",
            "address": null
        }
    ],
    "timestamp": "2024-02-08 14:00:08"
}{
    "status": 100,
    "data": [
        {
            "mobile": "3000070927",
            "name": "ASIM ALI",
            "cnic": "4550438804797",
            "address": "HOUSE NO A-171 MUHALLA CHACHAR ISLAM COLONY NEW PIND SUKKUR Sukker"
        }
    ],
    "timestamp": "2024-02-08 16:46:52"
}{
    "status": 100,
    "message": "No record Found",
    "timestamp": "2024-02-08 17:56:58"
}{
    "status": 100,
    "data": [
        {
            "mobile": "3130635351",
            "name": "muhammad  yaqoob",
            "cnic": "3210115251155",
            "address": null
        },
        {
            "mobile": "3130635351",
            "name": "Dost  Muhammad",
            "cnic": "3210383974429",
            "address": null
        }
    ],
    "timestamp": "2024-02-08 18:43:42"
}{
    "status": 100,
    "data": [
        {
            "mobile": "3130635351",
            "name": "muhammad  yaqoob",
            "cnic": "3210115251155",
            "address": null
        },
        {
            "mobile": "3074720803",
            "name": "MUHAMMAD YAQOOB .",
            "cnic": "3210115251155",
            "address": null
        },
        {
            "mobile": "3097016933",
            "name": "MUHAMMAD YAQOOB .",
            "cnic": "3210115251155",
            "address": null
        },
        {
            "mobile": "3201766510",
            "name": "MUHAMMAD YAQOOB .",
            "cnic": "3210115251155",
            "address": null
        },
        {
            "mobile": "3484137638",
            "name": "MUHAMMAD YAQOOB",
            "cnic": "3210115251155",
            "address": "DUB GHORHAY WEEL DAAK KHANA BARTHI SORHA TEHSIL DE"
        },
        {
            "mobile": "3487066740",
            "name": "MUHAMMAD YAQOOB",
            "cnic": "3210115251155",
            "address": "DUB GHORHAY WEEL DAAK KHANA BARTHI SORHA TEHSIL DE"
        },
        {
            "mobile": "3130633303",
            "name": "muhammad  yaqoob",
            "cnic": "3210115251155",
            "address": null
        },
        {
            "mobile": "3201764462",
            "name": "MUHAMMAD YAQOOB",
            "cnic": "3210115251155",
            "address": "DUB GHORHAY WEEL DAAK KHANA BARTHI SORHA TEHSIL DERA GHAZI KHAN ( QABAILI ILAQA ) DISTRICT DERA GHAZI KHAN"
        }
    ],
    "timestamp": "2024-02-08 18:44:05"
}{
    "status": 100,
    "data": [
        {
            "mobile": "3472350645",
            "name": "KHUDA BAKHASH",
            "cnic": "4320118711685",
            "address": "TAQI SHAH MOHALA BADH DOKRI BADH TOWN COMMITTEE LA"
        },
        {
            "mobile": "3472350645",
            "name": null,
            "cnic": "4320343292627",
            "address": null
        }
    ],
    "timestamp": "2024-02-08 18:49:48"
}{
    "status": 100,
    "message": "No record Found",
    "timestamp": "2024-02-08 19:41:17"
}{
    "status": 100,
    "message": "No record Found",
    "timestamp": "2024-02-08 19:41:35"
}