{
    "0": {
        "Mobile": "3095540129",
        "Name": "MUHAMMAD IQBAL",
        "CNIC": "3510230534235",
        "ADDRESS": "KHADIYAAN KHAS KASUR JATYAN KA SUR Lahore"
    },
    "timestamp": "2024-07-08 11:46:15"
}{
    "0": {
        "Mobile": "3116528656",
        "Name": "kaleem  ullah",
        "CNIC": "3240333672691",
        "ADDRESS": "no"
    },
    "timestamp": "2024-07-08 11:46:44"
}{
    "0": {
        "Mobile": "3446652938",
        "Name": "RANI B B",
        "CNIC": "3550102325226",
        "ADDRESS": "KOT BHATIAN POST OFFICE KHYARHAY KILAAN TEHSIL & D"
    },
    "timestamp": "2024-07-08 11:47:00"
}{
    "0": {
        "Mobile": "3085278012",
        "Name": "RANI B B .",
        "CNIC": "3550102325226",
        "ADDRESS": "KOT BHATIAN POST OFFICE KHYARHAY KILAAN N TEHSIL & DISTRICT NANKANA SAHIB NANKANA SAHB"
    },
    "1": {
        "Mobile": "3096096754",
        "Name": "RANI B B .",
        "CNIC": "3550102325226",
        "ADDRESS": "KOT BHATIAN POST OFFICE KHYARHAY KILAAN N TEHSIL & DISTRICT NANKANA SAHIB NANKANA SAHB"
    },
    "2": {
        "Mobile": "3446652938",
        "Name": "RANI B B",
        "CNIC": "3550102325226",
        "ADDRESS": "KOT BHATIAN POST OFFICE KHYARHAY KILAAN TEHSIL & D"
    },
    "timestamp": "2024-07-08 11:47:16"
}{
    "timestamp": "2024-07-08 11:50:53"
}{
    "timestamp": "2024-07-08 11:54:00"
}{
    "0": {
        "Mobile": "3073331366",
        "Name": "ALLIED BANK Branches",
        "CNIC": "0",
        "ADDRESS": "MOHALA KAMAL KHAIL  PO COLONY S Mardan"
    },
    "1": {
        "Mobile": "3080255441",
        "Name": "JSK Feeds Limited",
        "CNIC": "0",
        "ADDRESS": "House No.12, Street No.34, F-7\/1, Islamabad Islamabad"
    },
    "2": {
        "Mobile": "3073331366",
        "Name": "ALLIED BANK Branches",
        "CNIC": "0",
        "ADDRESS": "MOHALA KAMAL KHAIL  PO COLONY S Mardan"
    },
    "3": {
        "Mobile": "3080255441",
        "Name": "JSK Feeds Limited",
        "CNIC": "0",
        "ADDRESS": "House No.12, Street No.34, F-7\/1, Islamabad Islamabad"
    },
    "4": {
        "Mobile": "3081274063",
        "Name": "Bykea Technologies-Riders 178966",
        "CNIC": "0",
        "ADDRESS": "14th Floor Chapal Plaza hasrat  Mohani road Karachi"
    },
    "5": {
        "Mobile": "3081272202",
        "Name": "Bykea Technologies-Riders-178963",
        "CNIC": "0",
        "ADDRESS": "14th Floor Chapal Plaza hasrat Mohani road Karachi. Karachi"
    },
    "6": {
        "Mobile": "3081273317",
        "Name": "Bykea Technologies-Riders-178965",
        "CNIC": "0",
        "ADDRESS": "4th Floor Chapal Plaza hasrat  Mohani road Karachi... Karachi"
    },
    "7": {
        "Mobile": "3081274063",
        "Name": "Bykea Technologies-Riders 178966",
        "CNIC": "0",
        "ADDRESS": "14th Floor Chapal Plaza hasrat  Mohani road Karachi"
    },
    "8": {
        "Mobile": "3081272202",
        "Name": "Bykea Technologies-Riders-178963",
        "CNIC": "0",
        "ADDRESS": "14th Floor Chapal Plaza hasrat Mohani road Karachi. Karachi"
    },
    "9": {
        "Mobile": "3081273317",
        "Name": "Bykea Technologies-Riders-178965",
        "CNIC": "0",
        "ADDRESS": "4th Floor Chapal Plaza hasrat  Mohani road Karachi... Karachi"
    },
    "10": {
        "Mobile": "3334354116",
        "Name": "SHAHID BASHIR BUTT",
        "ADDRESS": "",
        "CNIC": ""
    },
    "11": {
        "Mobile": "3332141824",
        "Name": "PREM CHAND",
        "ADDRESS": "",
        "CNIC": ""
    },
    "12": {
        "Mobile": "3339625227",
        "Name": "TAJ MOHAMMAD",
        "ADDRESS": "VILLA GE SANIBUNHAT",
        "CNIC": ""
    },
    "13": {
        "Mobile": "3332273381",
        "Name": "MAJEED SHARF",
        "ADDRESS": "",
        "CNIC": ""
    },
    "14": {
        "Mobile": "3339161307",
        "Name": "ILYAS KHAN",
        "ADDRESS": "MUZOW P\/O TARANGZAI",
        "CNIC": ""
    },
    "15": {
        "Mobile": "3332186785",
        "Name": "MUHAMMAD SHAKIL",
        "ADDRESS": "",
        "CNIC": ""
    },
    "16": {
        "Mobile": "3339625743",
        "Name": "SAJEED GUL",
        "ADDRESS": "CADET COOLLGEPINDI ROAD",
        "CNIC": ""
    },
    "17": {
        "Mobile": "2134810180",
        "Name": "SYED AHMED ZEESHAN JAFRI",
        "ADDRESS": "A\/2 PLOT-14 FL-4 G\/FLOOR, BLOCK-5, GULSHAN-E-IQBAL KARACHI, NOT IN ID FILE",
        "CNIC": "0"
    },
    "18": {
        "Mobile": "2134810180",
        "Name": "SYED AHMED ZEESHAN JAFRI",
        "ADDRESS": "A\/2 PLOT-14 FL-4 G\/FLOOR, BLOCK-5, GULSHAN-E-IQBAL KARACHI, NOT IN ID FILE",
        "CNIC": "0"
    },
    "timestamp": "2024-07-08 11:58:51"
}{
    "0": {
        "Mobile": "3073331366",
        "Name": "ALLIED BANK Branches",
        "CNIC": "0",
        "ADDRESS": "MOHALA KAMAL KHAIL  PO COLONY S Mardan"
    },
    "1": {
        "Mobile": "3080255441",
        "Name": "JSK Feeds Limited",
        "CNIC": "0",
        "ADDRESS": "House No.12, Street No.34, F-7\/1, Islamabad Islamabad"
    },
    "2": {
        "Mobile": "3073331366",
        "Name": "ALLIED BANK Branches",
        "CNIC": "0",
        "ADDRESS": "MOHALA KAMAL KHAIL  PO COLONY S Mardan"
    },
    "3": {
        "Mobile": "3080255441",
        "Name": "JSK Feeds Limited",
        "CNIC": "0",
        "ADDRESS": "House No.12, Street No.34, F-7\/1, Islamabad Islamabad"
    },
    "4": {
        "Mobile": "3081274063",
        "Name": "Bykea Technologies-Riders 178966",
        "CNIC": "0",
        "ADDRESS": "14th Floor Chapal Plaza hasrat  Mohani road Karachi"
    },
    "5": {
        "Mobile": "3081272202",
        "Name": "Bykea Technologies-Riders-178963",
        "CNIC": "0",
        "ADDRESS": "14th Floor Chapal Plaza hasrat Mohani road Karachi. Karachi"
    },
    "6": {
        "Mobile": "3081273317",
        "Name": "Bykea Technologies-Riders-178965",
        "CNIC": "0",
        "ADDRESS": "4th Floor Chapal Plaza hasrat  Mohani road Karachi... Karachi"
    },
    "7": {
        "Mobile": "3081274063",
        "Name": "Bykea Technologies-Riders 178966",
        "CNIC": "0",
        "ADDRESS": "14th Floor Chapal Plaza hasrat  Mohani road Karachi"
    },
    "8": {
        "Mobile": "3081272202",
        "Name": "Bykea Technologies-Riders-178963",
        "CNIC": "0",
        "ADDRESS": "14th Floor Chapal Plaza hasrat Mohani road Karachi. Karachi"
    },
    "9": {
        "Mobile": "3081273317",
        "Name": "Bykea Technologies-Riders-178965",
        "CNIC": "0",
        "ADDRESS": "4th Floor Chapal Plaza hasrat  Mohani road Karachi... Karachi"
    },
    "10": {
        "Mobile": "3334354116",
        "Name": "SHAHID BASHIR BUTT",
        "ADDRESS": "",
        "CNIC": ""
    },
    "11": {
        "Mobile": "3332141824",
        "Name": "PREM CHAND",
        "ADDRESS": "",
        "CNIC": ""
    },
    "12": {
        "Mobile": "3339625227",
        "Name": "TAJ MOHAMMAD",
        "ADDRESS": "VILLA GE SANIBUNHAT",
        "CNIC": ""
    },
    "13": {
        "Mobile": "3332273381",
        "Name": "MAJEED SHARF",
        "ADDRESS": "",
        "CNIC": ""
    },
    "14": {
        "Mobile": "3339161307",
        "Name": "ILYAS KHAN",
        "ADDRESS": "MUZOW P\/O TARANGZAI",
        "CNIC": ""
    },
    "15": {
        "Mobile": "3332186785",
        "Name": "MUHAMMAD SHAKIL",
        "ADDRESS": "",
        "CNIC": ""
    },
    "16": {
        "Mobile": "3339625743",
        "Name": "SAJEED GUL",
        "ADDRESS": "CADET COOLLGEPINDI ROAD",
        "CNIC": ""
    },
    "17": {
        "Mobile": "2134810180",
        "Name": "SYED AHMED ZEESHAN JAFRI",
        "ADDRESS": "A\/2 PLOT-14 FL-4 G\/FLOOR, BLOCK-5, GULSHAN-E-IQBAL KARACHI, NOT IN ID FILE",
        "CNIC": "0"
    },
    "18": {
        "Mobile": "2134810180",
        "Name": "SYED AHMED ZEESHAN JAFRI",
        "ADDRESS": "A\/2 PLOT-14 FL-4 G\/FLOOR, BLOCK-5, GULSHAN-E-IQBAL KARACHI, NOT IN ID FILE",
        "CNIC": "0"
    },
    "timestamp": "2024-07-08 12:00:09"
}{
    "0": {
        "Mobile": "3073331366",
        "Name": "ALLIED BANK Branches",
        "CNIC": "0",
        "ADDRESS": "MOHALA KAMAL KHAIL  PO COLONY S Mardan"
    },
    "1": {
        "Mobile": "3080255441",
        "Name": "JSK Feeds Limited",
        "CNIC": "0",
        "ADDRESS": "House No.12, Street No.34, F-7\/1, Islamabad Islamabad"
    },
    "2": {
        "Mobile": "3073331366",
        "Name": "ALLIED BANK Branches",
        "CNIC": "0",
        "ADDRESS": "MOHALA KAMAL KHAIL  PO COLONY S Mardan"
    },
    "3": {
        "Mobile": "3080255441",
        "Name": "JSK Feeds Limited",
        "CNIC": "0",
        "ADDRESS": "House No.12, Street No.34, F-7\/1, Islamabad Islamabad"
    },
    "4": {
        "Mobile": "3081274063",
        "Name": "Bykea Technologies-Riders 178966",
        "CNIC": "0",
        "ADDRESS": "14th Floor Chapal Plaza hasrat  Mohani road Karachi"
    },
    "5": {
        "Mobile": "3081272202",
        "Name": "Bykea Technologies-Riders-178963",
        "CNIC": "0",
        "ADDRESS": "14th Floor Chapal Plaza hasrat Mohani road Karachi. Karachi"
    },
    "6": {
        "Mobile": "3081273317",
        "Name": "Bykea Technologies-Riders-178965",
        "CNIC": "0",
        "ADDRESS": "4th Floor Chapal Plaza hasrat  Mohani road Karachi... Karachi"
    },
    "7": {
        "Mobile": "3081274063",
        "Name": "Bykea Technologies-Riders 178966",
        "CNIC": "0",
        "ADDRESS": "14th Floor Chapal Plaza hasrat  Mohani road Karachi"
    },
    "8": {
        "Mobile": "3081272202",
        "Name": "Bykea Technologies-Riders-178963",
        "CNIC": "0",
        "ADDRESS": "14th Floor Chapal Plaza hasrat Mohani road Karachi. Karachi"
    },
    "9": {
        "Mobile": "3081273317",
        "Name": "Bykea Technologies-Riders-178965",
        "CNIC": "0",
        "ADDRESS": "4th Floor Chapal Plaza hasrat  Mohani road Karachi... Karachi"
    },
    "10": {
        "Mobile": "3334354116",
        "Name": "SHAHID BASHIR BUTT",
        "ADDRESS": "",
        "CNIC": ""
    },
    "11": {
        "Mobile": "3332141824",
        "Name": "PREM CHAND",
        "ADDRESS": "",
        "CNIC": ""
    },
    "12": {
        "Mobile": "3339625227",
        "Name": "TAJ MOHAMMAD",
        "ADDRESS": "VILLA GE SANIBUNHAT",
        "CNIC": ""
    },
    "13": {
        "Mobile": "3332273381",
        "Name": "MAJEED SHARF",
        "ADDRESS": "",
        "CNIC": ""
    },
    "14": {
        "Mobile": "3339161307",
        "Name": "ILYAS KHAN",
        "ADDRESS": "MUZOW P\/O TARANGZAI",
        "CNIC": ""
    },
    "15": {
        "Mobile": "3332186785",
        "Name": "MUHAMMAD SHAKIL",
        "ADDRESS": "",
        "CNIC": ""
    },
    "16": {
        "Mobile": "3339625743",
        "Name": "SAJEED GUL",
        "ADDRESS": "CADET COOLLGEPINDI ROAD",
        "CNIC": ""
    },
    "17": {
        "Mobile": "2134810180",
        "Name": "SYED AHMED ZEESHAN JAFRI",
        "ADDRESS": "A\/2 PLOT-14 FL-4 G\/FLOOR, BLOCK-5, GULSHAN-E-IQBAL KARACHI, NOT IN ID FILE",
        "CNIC": "0"
    },
    "18": {
        "Mobile": "2134810180",
        "Name": "SYED AHMED ZEESHAN JAFRI",
        "ADDRESS": "A\/2 PLOT-14 FL-4 G\/FLOOR, BLOCK-5, GULSHAN-E-IQBAL KARACHI, NOT IN ID FILE",
        "CNIC": "0"
    },
    "timestamp": "2024-07-08 12:11:37"
}{
    "0": {
        "Mobile": "3073331366",
        "Name": "ALLIED BANK Branches",
        "CNIC": "0",
        "ADDRESS": "MOHALA KAMAL KHAIL  PO COLONY S Mardan"
    },
    "1": {
        "Mobile": "3080255441",
        "Name": "JSK Feeds Limited",
        "CNIC": "0",
        "ADDRESS": "House No.12, Street No.34, F-7\/1, Islamabad Islamabad"
    },
    "2": {
        "Mobile": "3073331366",
        "Name": "ALLIED BANK Branches",
        "CNIC": "0",
        "ADDRESS": "MOHALA KAMAL KHAIL  PO COLONY S Mardan"
    },
    "3": {
        "Mobile": "3080255441",
        "Name": "JSK Feeds Limited",
        "CNIC": "0",
        "ADDRESS": "House No.12, Street No.34, F-7\/1, Islamabad Islamabad"
    },
    "4": {
        "Mobile": "3081274063",
        "Name": "Bykea Technologies-Riders 178966",
        "CNIC": "0",
        "ADDRESS": "14th Floor Chapal Plaza hasrat  Mohani road Karachi"
    },
    "5": {
        "Mobile": "3081272202",
        "Name": "Bykea Technologies-Riders-178963",
        "CNIC": "0",
        "ADDRESS": "14th Floor Chapal Plaza hasrat Mohani road Karachi. Karachi"
    },
    "6": {
        "Mobile": "3081273317",
        "Name": "Bykea Technologies-Riders-178965",
        "CNIC": "0",
        "ADDRESS": "4th Floor Chapal Plaza hasrat  Mohani road Karachi... Karachi"
    },
    "7": {
        "Mobile": "3081274063",
        "Name": "Bykea Technologies-Riders 178966",
        "CNIC": "0",
        "ADDRESS": "14th Floor Chapal Plaza hasrat  Mohani road Karachi"
    },
    "8": {
        "Mobile": "3081272202",
        "Name": "Bykea Technologies-Riders-178963",
        "CNIC": "0",
        "ADDRESS": "14th Floor Chapal Plaza hasrat Mohani road Karachi. Karachi"
    },
    "9": {
        "Mobile": "3081273317",
        "Name": "Bykea Technologies-Riders-178965",
        "CNIC": "0",
        "ADDRESS": "4th Floor Chapal Plaza hasrat  Mohani road Karachi... Karachi"
    },
    "10": {
        "Mobile": "3334354116",
        "Name": "SHAHID BASHIR BUTT",
        "ADDRESS": "",
        "CNIC": ""
    },
    "11": {
        "Mobile": "3332141824",
        "Name": "PREM CHAND",
        "ADDRESS": "",
        "CNIC": ""
    },
    "12": {
        "Mobile": "3339625227",
        "Name": "TAJ MOHAMMAD",
        "ADDRESS": "VILLA GE SANIBUNHAT",
        "CNIC": ""
    },
    "13": {
        "Mobile": "3332273381",
        "Name": "MAJEED SHARF",
        "ADDRESS": "",
        "CNIC": ""
    },
    "14": {
        "Mobile": "3339161307",
        "Name": "ILYAS KHAN",
        "ADDRESS": "MUZOW P\/O TARANGZAI",
        "CNIC": ""
    },
    "15": {
        "Mobile": "3332186785",
        "Name": "MUHAMMAD SHAKIL",
        "ADDRESS": "",
        "CNIC": ""
    },
    "16": {
        "Mobile": "3339625743",
        "Name": "SAJEED GUL",
        "ADDRESS": "CADET COOLLGEPINDI ROAD",
        "CNIC": ""
    },
    "17": {
        "Mobile": "2134810180",
        "Name": "SYED AHMED ZEESHAN JAFRI",
        "ADDRESS": "A\/2 PLOT-14 FL-4 G\/FLOOR, BLOCK-5, GULSHAN-E-IQBAL KARACHI, NOT IN ID FILE",
        "CNIC": "0"
    },
    "18": {
        "Mobile": "2134810180",
        "Name": "SYED AHMED ZEESHAN JAFRI",
        "ADDRESS": "A\/2 PLOT-14 FL-4 G\/FLOOR, BLOCK-5, GULSHAN-E-IQBAL KARACHI, NOT IN ID FILE",
        "CNIC": "0"
    },
    "timestamp": "2024-07-08 12:14:24"
}{
    "0": {
        "Mobile": "3073331366",
        "Name": "ALLIED BANK Branches",
        "CNIC": "0",
        "ADDRESS": "MOHALA KAMAL KHAIL  PO COLONY S Mardan"
    },
    "1": {
        "Mobile": "3080255441",
        "Name": "JSK Feeds Limited",
        "CNIC": "0",
        "ADDRESS": "House No.12, Street No.34, F-7\/1, Islamabad Islamabad"
    },
    "2": {
        "Mobile": "3073331366",
        "Name": "ALLIED BANK Branches",
        "CNIC": "0",
        "ADDRESS": "MOHALA KAMAL KHAIL  PO COLONY S Mardan"
    },
    "3": {
        "Mobile": "3080255441",
        "Name": "JSK Feeds Limited",
        "CNIC": "0",
        "ADDRESS": "House No.12, Street No.34, F-7\/1, Islamabad Islamabad"
    },
    "4": {
        "Mobile": "3081274063",
        "Name": "Bykea Technologies-Riders 178966",
        "CNIC": "0",
        "ADDRESS": "14th Floor Chapal Plaza hasrat  Mohani road Karachi"
    },
    "5": {
        "Mobile": "3081272202",
        "Name": "Bykea Technologies-Riders-178963",
        "CNIC": "0",
        "ADDRESS": "14th Floor Chapal Plaza hasrat Mohani road Karachi. Karachi"
    },
    "6": {
        "Mobile": "3081273317",
        "Name": "Bykea Technologies-Riders-178965",
        "CNIC": "0",
        "ADDRESS": "4th Floor Chapal Plaza hasrat  Mohani road Karachi... Karachi"
    },
    "7": {
        "Mobile": "3081274063",
        "Name": "Bykea Technologies-Riders 178966",
        "CNIC": "0",
        "ADDRESS": "14th Floor Chapal Plaza hasrat  Mohani road Karachi"
    },
    "8": {
        "Mobile": "3081272202",
        "Name": "Bykea Technologies-Riders-178963",
        "CNIC": "0",
        "ADDRESS": "14th Floor Chapal Plaza hasrat Mohani road Karachi. Karachi"
    },
    "9": {
        "Mobile": "3081273317",
        "Name": "Bykea Technologies-Riders-178965",
        "CNIC": "0",
        "ADDRESS": "4th Floor Chapal Plaza hasrat  Mohani road Karachi... Karachi"
    },
    "10": {
        "Mobile": "3334354116",
        "Name": "SHAHID BASHIR BUTT",
        "ADDRESS": "",
        "CNIC": ""
    },
    "11": {
        "Mobile": "3332141824",
        "Name": "PREM CHAND",
        "ADDRESS": "",
        "CNIC": ""
    },
    "12": {
        "Mobile": "3339625227",
        "Name": "TAJ MOHAMMAD",
        "ADDRESS": "VILLA GE SANIBUNHAT",
        "CNIC": ""
    },
    "13": {
        "Mobile": "3332273381",
        "Name": "MAJEED SHARF",
        "ADDRESS": "",
        "CNIC": ""
    },
    "14": {
        "Mobile": "3339161307",
        "Name": "ILYAS KHAN",
        "ADDRESS": "MUZOW P\/O TARANGZAI",
        "CNIC": ""
    },
    "15": {
        "Mobile": "3332186785",
        "Name": "MUHAMMAD SHAKIL",
        "ADDRESS": "",
        "CNIC": ""
    },
    "16": {
        "Mobile": "3339625743",
        "Name": "SAJEED GUL",
        "ADDRESS": "CADET COOLLGEPINDI ROAD",
        "CNIC": ""
    },
    "17": {
        "Mobile": "2134810180",
        "Name": "SYED AHMED ZEESHAN JAFRI",
        "ADDRESS": "A\/2 PLOT-14 FL-4 G\/FLOOR, BLOCK-5, GULSHAN-E-IQBAL KARACHI, NOT IN ID FILE",
        "CNIC": "0"
    },
    "18": {
        "Mobile": "2134810180",
        "Name": "SYED AHMED ZEESHAN JAFRI",
        "ADDRESS": "A\/2 PLOT-14 FL-4 G\/FLOOR, BLOCK-5, GULSHAN-E-IQBAL KARACHI, NOT IN ID FILE",
        "CNIC": "0"
    },
    "timestamp": "2024-07-08 12:14:43"
}{
    "0": {
        "Mobile": "3095540128",
        "Name": "MUBARAK ALI",
        "CNIC": "3510175551781",
        "ADDRESS": "MEER KOT  Kasur"
    },
    "timestamp": "2024-07-08 12:18:13"
}{
    "0": {
        "Mobile": "3116528656",
        "Name": "kaleem  ullah",
        "CNIC": "3240333672691",
        "ADDRESS": "no"
    },
    "timestamp": "2024-07-08 12:18:29"
}{
    "0": {
        "Mobile": "3445540129",
        "Name": "NAIZ AHMAD",
        "CNIC": "4240185054225",
        "ADDRESS": "1725\/5205 KARACHI GHARBI MADINA COLONY BALDIA TOWN"
    },
    "timestamp": "2024-07-08 12:18:48"
}{
    "0": {
        "Mobile": "3247026497",
        "Name": "ALI AKHTAR",
        "CNIC": "3240429776625",
        "ADDRESS": "KHAS UMER KOT THL ROJHAN DIST RAJANPUR  Pakistan"
    },
    "timestamp": "2024-07-08 12:19:02"
}{
    "0": {
        "Mobile": "3247026497",
        "Name": "ALI AKHTAR",
        "CNIC": "3240429776625",
        "ADDRESS": "KHAS UMER KOT THL ROJHAN DIST RAJANPUR  Pakistan"
    },
    "1": {
        "Mobile": "3363896345",
        "Name": "ALI AKHTAR",
        "ADDRESS": "DAAK KHANA KHAS UMER KOT TEHSI",
        "CNIC": "3240429776625"
    },
    "timestamp": "2024-07-08 12:19:16"
}{
    "0": {
        "Mobile": "3363896345",
        "Name": "ALI AKHTAR",
        "ADDRESS": "DAAK KHANA KHAS UMER KOT TEHSI",
        "CNIC": "3240429776625"
    },
    "timestamp": "2024-07-08 12:19:31"
}{
    "0": {
        "Mobile": "3073331366",
        "Name": "ALLIED BANK Branches",
        "CNIC": "0",
        "ADDRESS": "MOHALA KAMAL KHAIL  PO COLONY S Mardan"
    },
    "1": {
        "Mobile": "3080255441",
        "Name": "JSK Feeds Limited",
        "CNIC": "0",
        "ADDRESS": "House No.12, Street No.34, F-7\/1, Islamabad Islamabad"
    },
    "2": {
        "Mobile": "3073331366",
        "Name": "ALLIED BANK Branches",
        "CNIC": "0",
        "ADDRESS": "MOHALA KAMAL KHAIL  PO COLONY S Mardan"
    },
    "3": {
        "Mobile": "3080255441",
        "Name": "JSK Feeds Limited",
        "CNIC": "0",
        "ADDRESS": "House No.12, Street No.34, F-7\/1, Islamabad Islamabad"
    },
    "4": {
        "Mobile": "3081274063",
        "Name": "Bykea Technologies-Riders 178966",
        "CNIC": "0",
        "ADDRESS": "14th Floor Chapal Plaza hasrat  Mohani road Karachi"
    },
    "5": {
        "Mobile": "3081272202",
        "Name": "Bykea Technologies-Riders-178963",
        "CNIC": "0",
        "ADDRESS": "14th Floor Chapal Plaza hasrat Mohani road Karachi. Karachi"
    },
    "6": {
        "Mobile": "3081273317",
        "Name": "Bykea Technologies-Riders-178965",
        "CNIC": "0",
        "ADDRESS": "4th Floor Chapal Plaza hasrat  Mohani road Karachi... Karachi"
    },
    "7": {
        "Mobile": "3081274063",
        "Name": "Bykea Technologies-Riders 178966",
        "CNIC": "0",
        "ADDRESS": "14th Floor Chapal Plaza hasrat  Mohani road Karachi"
    },
    "8": {
        "Mobile": "3081272202",
        "Name": "Bykea Technologies-Riders-178963",
        "CNIC": "0",
        "ADDRESS": "14th Floor Chapal Plaza hasrat Mohani road Karachi. Karachi"
    },
    "9": {
        "Mobile": "3081273317",
        "Name": "Bykea Technologies-Riders-178965",
        "CNIC": "0",
        "ADDRESS": "4th Floor Chapal Plaza hasrat  Mohani road Karachi... Karachi"
    },
    "10": {
        "Mobile": "3334354116",
        "Name": "SHAHID BASHIR BUTT",
        "ADDRESS": "",
        "CNIC": ""
    },
    "11": {
        "Mobile": "3332141824",
        "Name": "PREM CHAND",
        "ADDRESS": "",
        "CNIC": ""
    },
    "12": {
        "Mobile": "3339625227",
        "Name": "TAJ MOHAMMAD",
        "ADDRESS": "VILLA GE SANIBUNHAT",
        "CNIC": ""
    },
    "13": {
        "Mobile": "3332273381",
        "Name": "MAJEED SHARF",
        "ADDRESS": "",
        "CNIC": ""
    },
    "14": {
        "Mobile": "3339161307",
        "Name": "ILYAS KHAN",
        "ADDRESS": "MUZOW P\/O TARANGZAI",
        "CNIC": ""
    },
    "15": {
        "Mobile": "3332186785",
        "Name": "MUHAMMAD SHAKIL",
        "ADDRESS": "",
        "CNIC": ""
    },
    "16": {
        "Mobile": "3339625743",
        "Name": "SAJEED GUL",
        "ADDRESS": "CADET COOLLGEPINDI ROAD",
        "CNIC": ""
    },
    "17": {
        "Mobile": "2134810180",
        "Name": "SYED AHMED ZEESHAN JAFRI",
        "ADDRESS": "A\/2 PLOT-14 FL-4 G\/FLOOR, BLOCK-5, GULSHAN-E-IQBAL KARACHI, NOT IN ID FILE",
        "CNIC": "0"
    },
    "18": {
        "Mobile": "2134810180",
        "Name": "SYED AHMED ZEESHAN JAFRI",
        "ADDRESS": "A\/2 PLOT-14 FL-4 G\/FLOOR, BLOCK-5, GULSHAN-E-IQBAL KARACHI, NOT IN ID FILE",
        "CNIC": "0"
    },
    "timestamp": "2024-07-08 12:20:17"
}{
    "0": {
        "Mobile": "3073331366",
        "Name": "ALLIED BANK Branches",
        "CNIC": "0",
        "ADDRESS": "MOHALA KAMAL KHAIL  PO COLONY S Mardan"
    },
    "1": {
        "Mobile": "3080255441",
        "Name": "JSK Feeds Limited",
        "CNIC": "0",
        "ADDRESS": "House No.12, Street No.34, F-7\/1, Islamabad Islamabad"
    },
    "2": {
        "Mobile": "3073331366",
        "Name": "ALLIED BANK Branches",
        "CNIC": "0",
        "ADDRESS": "MOHALA KAMAL KHAIL  PO COLONY S Mardan"
    },
    "3": {
        "Mobile": "3080255441",
        "Name": "JSK Feeds Limited",
        "CNIC": "0",
        "ADDRESS": "House No.12, Street No.34, F-7\/1, Islamabad Islamabad"
    },
    "4": {
        "Mobile": "3081274063",
        "Name": "Bykea Technologies-Riders 178966",
        "CNIC": "0",
        "ADDRESS": "14th Floor Chapal Plaza hasrat  Mohani road Karachi"
    },
    "5": {
        "Mobile": "3081272202",
        "Name": "Bykea Technologies-Riders-178963",
        "CNIC": "0",
        "ADDRESS": "14th Floor Chapal Plaza hasrat Mohani road Karachi. Karachi"
    },
    "6": {
        "Mobile": "3081273317",
        "Name": "Bykea Technologies-Riders-178965",
        "CNIC": "0",
        "ADDRESS": "4th Floor Chapal Plaza hasrat  Mohani road Karachi... Karachi"
    },
    "7": {
        "Mobile": "3081274063",
        "Name": "Bykea Technologies-Riders 178966",
        "CNIC": "0",
        "ADDRESS": "14th Floor Chapal Plaza hasrat  Mohani road Karachi"
    },
    "8": {
        "Mobile": "3081272202",
        "Name": "Bykea Technologies-Riders-178963",
        "CNIC": "0",
        "ADDRESS": "14th Floor Chapal Plaza hasrat Mohani road Karachi. Karachi"
    },
    "9": {
        "Mobile": "3081273317",
        "Name": "Bykea Technologies-Riders-178965",
        "CNIC": "0",
        "ADDRESS": "4th Floor Chapal Plaza hasrat  Mohani road Karachi... Karachi"
    },
    "10": {
        "Mobile": "3334354116",
        "Name": "SHAHID BASHIR BUTT",
        "ADDRESS": "",
        "CNIC": ""
    },
    "11": {
        "Mobile": "3332141824",
        "Name": "PREM CHAND",
        "ADDRESS": "",
        "CNIC": ""
    },
    "12": {
        "Mobile": "3339625227",
        "Name": "TAJ MOHAMMAD",
        "ADDRESS": "VILLA GE SANIBUNHAT",
        "CNIC": ""
    },
    "13": {
        "Mobile": "3332273381",
        "Name": "MAJEED SHARF",
        "ADDRESS": "",
        "CNIC": ""
    },
    "14": {
        "Mobile": "3339161307",
        "Name": "ILYAS KHAN",
        "ADDRESS": "MUZOW P\/O TARANGZAI",
        "CNIC": ""
    },
    "15": {
        "Mobile": "3332186785",
        "Name": "MUHAMMAD SHAKIL",
        "ADDRESS": "",
        "CNIC": ""
    },
    "16": {
        "Mobile": "3339625743",
        "Name": "SAJEED GUL",
        "ADDRESS": "CADET COOLLGEPINDI ROAD",
        "CNIC": ""
    },
    "17": {
        "Mobile": "2134810180",
        "Name": "SYED AHMED ZEESHAN JAFRI",
        "ADDRESS": "A\/2 PLOT-14 FL-4 G\/FLOOR, BLOCK-5, GULSHAN-E-IQBAL KARACHI, NOT IN ID FILE",
        "CNIC": "0"
    },
    "18": {
        "Mobile": "2134810180",
        "Name": "SYED AHMED ZEESHAN JAFRI",
        "ADDRESS": "A\/2 PLOT-14 FL-4 G\/FLOOR, BLOCK-5, GULSHAN-E-IQBAL KARACHI, NOT IN ID FILE",
        "CNIC": "0"
    },
    "timestamp": "2024-07-08 12:20:35"
}{
    "0": {
        "Mobile": "3073331366",
        "Name": "ALLIED BANK Branches",
        "CNIC": "0",
        "ADDRESS": "MOHALA KAMAL KHAIL  PO COLONY S Mardan"
    },
    "1": {
        "Mobile": "3080255441",
        "Name": "JSK Feeds Limited",
        "CNIC": "0",
        "ADDRESS": "House No.12, Street No.34, F-7\/1, Islamabad Islamabad"
    },
    "2": {
        "Mobile": "3073331366",
        "Name": "ALLIED BANK Branches",
        "CNIC": "0",
        "ADDRESS": "MOHALA KAMAL KHAIL  PO COLONY S Mardan"
    },
    "3": {
        "Mobile": "3080255441",
        "Name": "JSK Feeds Limited",
        "CNIC": "0",
        "ADDRESS": "House No.12, Street No.34, F-7\/1, Islamabad Islamabad"
    },
    "4": {
        "Mobile": "3081274063",
        "Name": "Bykea Technologies-Riders 178966",
        "CNIC": "0",
        "ADDRESS": "14th Floor Chapal Plaza hasrat  Mohani road Karachi"
    },
    "5": {
        "Mobile": "3081272202",
        "Name": "Bykea Technologies-Riders-178963",
        "CNIC": "0",
        "ADDRESS": "14th Floor Chapal Plaza hasrat Mohani road Karachi. Karachi"
    },
    "6": {
        "Mobile": "3081273317",
        "Name": "Bykea Technologies-Riders-178965",
        "CNIC": "0",
        "ADDRESS": "4th Floor Chapal Plaza hasrat  Mohani road Karachi... Karachi"
    },
    "7": {
        "Mobile": "3081274063",
        "Name": "Bykea Technologies-Riders 178966",
        "CNIC": "0",
        "ADDRESS": "14th Floor Chapal Plaza hasrat  Mohani road Karachi"
    },
    "8": {
        "Mobile": "3081272202",
        "Name": "Bykea Technologies-Riders-178963",
        "CNIC": "0",
        "ADDRESS": "14th Floor Chapal Plaza hasrat Mohani road Karachi. Karachi"
    },
    "9": {
        "Mobile": "3081273317",
        "Name": "Bykea Technologies-Riders-178965",
        "CNIC": "0",
        "ADDRESS": "4th Floor Chapal Plaza hasrat  Mohani road Karachi... Karachi"
    },
    "10": {
        "Mobile": "3334354116",
        "Name": "SHAHID BASHIR BUTT",
        "ADDRESS": "",
        "CNIC": ""
    },
    "11": {
        "Mobile": "3332141824",
        "Name": "PREM CHAND",
        "ADDRESS": "",
        "CNIC": ""
    },
    "12": {
        "Mobile": "3339625227",
        "Name": "TAJ MOHAMMAD",
        "ADDRESS": "VILLA GE SANIBUNHAT",
        "CNIC": ""
    },
    "13": {
        "Mobile": "3332273381",
        "Name": "MAJEED SHARF",
        "ADDRESS": "",
        "CNIC": ""
    },
    "14": {
        "Mobile": "3339161307",
        "Name": "ILYAS KHAN",
        "ADDRESS": "MUZOW P\/O TARANGZAI",
        "CNIC": ""
    },
    "15": {
        "Mobile": "3332186785",
        "Name": "MUHAMMAD SHAKIL",
        "ADDRESS": "",
        "CNIC": ""
    },
    "16": {
        "Mobile": "3339625743",
        "Name": "SAJEED GUL",
        "ADDRESS": "CADET COOLLGEPINDI ROAD",
        "CNIC": ""
    },
    "17": {
        "Mobile": "2134810180",
        "Name": "SYED AHMED ZEESHAN JAFRI",
        "ADDRESS": "A\/2 PLOT-14 FL-4 G\/FLOOR, BLOCK-5, GULSHAN-E-IQBAL KARACHI, NOT IN ID FILE",
        "CNIC": "0"
    },
    "18": {
        "Mobile": "2134810180",
        "Name": "SYED AHMED ZEESHAN JAFRI",
        "ADDRESS": "A\/2 PLOT-14 FL-4 G\/FLOOR, BLOCK-5, GULSHAN-E-IQBAL KARACHI, NOT IN ID FILE",
        "CNIC": "0"
    },
    "timestamp": "2024-07-08 12:28:30"
}{
    "timestamp": "2024-07-08 12:40:22"
}{
    "timestamp": "2024-07-08 12:40:35"
}{
    "timestamp": "2024-07-08 12:41:13"
}{
    "0": {
        "Mobile": "3090015936",
        "Name": "MUHAMMAD HANIF .",
        "CNIC": "3130265311269",
        "ADDRESS": "City MALKHANI, LIAQUAT PUR RAHIM YAR  Rahim Yar Khan"
    },
    "timestamp": "2024-07-08 13:25:18"
}{
    "0": {
        "Mobile": "3143585645",
        "Name": "akhtiar  hussain",
        "CNIC": "5340471313627",
        "ADDRESS": "no"
    },
    "timestamp": "2024-07-08 13:29:16"
}{
    "0": {
        "Mobile": "3112776769",
        "Name": "DATA NOT RECIEVED FROM NADRA",
        "CNIC": "4230193356861",
        "ADDRESS": "no"
    },
    "timestamp": "2024-07-08 14:48:04"
}{
    "0": {
        "Mobile": "3009280047",
        "Name": "MUBASHIR ALI BABAR",
        "CNIC": "4220128286289",
        "ADDRESS": "A-12 KARACHI NAZIMABAD SHARKI 13-B GULSHAN TERRACE GULSHAN I Lahore"
    },
    "timestamp": "2024-07-08 15:45:00"
}{
    "0": {
        "Mobile": "3035841789",
        "Name": "ZAIN AL ABADEEN .",
        "CNIC": "3740703955381",
        "ADDRESS": "HOUSE NUMBER 9 STREET NUMBER 7 FACTORY AREA MOHALA AL AZIZ FAISAL ABAD TEHSIL FAISAL ABAD CITY D"
    },
    "timestamp": "2024-07-08 16:08:38"
}{
    "0": {
        "Mobile": "3055565113",
        "Name": "ATTIA WAHEED .",
        "CNIC": "3740209659308",
        "ADDRESS": "HOUSE NUMBER 9 STREET NUMBER 7 FACTORY AREA MOHALA AL AZIZ FAISAL ABAD TEHSIL FAISAL ABAD CITY DIST"
    },
    "timestamp": "2024-07-08 16:09:11"
}{
    "0": {
        "Mobile": "3035841789",
        "Name": "ZAIN AL ABADEEN .",
        "CNIC": "3740703955381",
        "ADDRESS": "HOUSE NUMBER 9 STREET NUMBER 7 FACTORY AREA MOHALA AL AZIZ FAISAL ABAD TEHSIL FAISAL ABAD CITY D"
    },
    "timestamp": "2024-07-08 16:16:04"
}{
    "0": {
        "Mobile": "3081350070",
        "Name": "MUHAMMAD ZAIN UL ABIDEEN .",
        "CNIC": "3310072502449",
        "ADDRESS": "House No p-437 new civil line , khoti no 17 City FAISALABAD Tehsil FAISALABAD CITY Dist"
    },
    "timestamp": "2024-07-08 16:16:49"
}{
    "0": {
        "Mobile": "3048564150",
        "Name": "ARBEELO KHAN .",
        "CNIC": "4350203898529",
        "ADDRESS": "GOTH ALLAH BAKHASH TANGWATI DISTRICT KA ASHMOR KASHMOR"
    },
    "timestamp": "2024-07-08 16:17:19"
}{
    "0": {
        "Mobile": "3065899301",
        "Name": "RASHADA PARVEEN .",
        "CNIC": "3660157874770",
        "ADDRESS": "MOHALA GHALA MANDI GUGGU TEHSIL BUREWAL LA DISTRICT VEHARI WAH"
    },
    "timestamp": "2024-07-08 16:18:00"
}{
    "0": {
        "Mobile": "3073331366",
        "Name": "ALLIED BANK Branches",
        "CNIC": "0",
        "ADDRESS": "MOHALA KAMAL KHAIL  PO COLONY S Mardan"
    },
    "1": {
        "Mobile": "3080255441",
        "Name": "JSK Feeds Limited",
        "CNIC": "0",
        "ADDRESS": "House No.12, Street No.34, F-7\/1, Islamabad Islamabad"
    },
    "2": {
        "Mobile": "3073331366",
        "Name": "ALLIED BANK Branches",
        "CNIC": "0",
        "ADDRESS": "MOHALA KAMAL KHAIL  PO COLONY S Mardan"
    },
    "3": {
        "Mobile": "3080255441",
        "Name": "JSK Feeds Limited",
        "CNIC": "0",
        "ADDRESS": "House No.12, Street No.34, F-7\/1, Islamabad Islamabad"
    },
    "4": {
        "Mobile": "3081274063",
        "Name": "Bykea Technologies-Riders 178966",
        "CNIC": "0",
        "ADDRESS": "14th Floor Chapal Plaza hasrat  Mohani road Karachi"
    },
    "5": {
        "Mobile": "3081272202",
        "Name": "Bykea Technologies-Riders-178963",
        "CNIC": "0",
        "ADDRESS": "14th Floor Chapal Plaza hasrat Mohani road Karachi. Karachi"
    },
    "6": {
        "Mobile": "3081273317",
        "Name": "Bykea Technologies-Riders-178965",
        "CNIC": "0",
        "ADDRESS": "4th Floor Chapal Plaza hasrat  Mohani road Karachi... Karachi"
    },
    "7": {
        "Mobile": "3081274063",
        "Name": "Bykea Technologies-Riders 178966",
        "CNIC": "0",
        "ADDRESS": "14th Floor Chapal Plaza hasrat  Mohani road Karachi"
    },
    "8": {
        "Mobile": "3081272202",
        "Name": "Bykea Technologies-Riders-178963",
        "CNIC": "0",
        "ADDRESS": "14th Floor Chapal Plaza hasrat Mohani road Karachi. Karachi"
    },
    "9": {
        "Mobile": "3081273317",
        "Name": "Bykea Technologies-Riders-178965",
        "CNIC": "0",
        "ADDRESS": "4th Floor Chapal Plaza hasrat  Mohani road Karachi... Karachi"
    },
    "10": {
        "Mobile": "2134810180",
        "Name": "SYED AHMED ZEESHAN JAFRI",
        "ADDRESS": "A\/2 PLOT-14 FL-4 G\/FLOOR, BLOCK-5, GULSHAN-E-IQBAL KARACHI, NOT IN ID FILE",
        "CNIC": "0"
    },
    "11": {
        "Mobile": "715623080",
        "Name": "S SHAIKH NASEEM AHMED SHAMSI",
        "ADDRESS": "C-337\/16, MUNICIPALITY ROAD, ISLAM GUNJ, SUKKUR",
        "CNIC": "00"
    },
    "12": {
        "Mobile": "715624787",
        "Name": "NADRA SWIFT REGISTRATION CENTRE",
        "ADDRESS": "HOUSE: DISTRICT COUNCIL LOCAL BOARD, STREET\/BLOCK: SUKKUR",
        "CNIC": "00"
    },
    "13": {
        "Mobile": "715617154",
        "Name": "ENGINEER (OPS) SUKKUR (BNCC)",
        "ADDRESS": "HOUSE: CENT:I BUILDING, STREET\/BLOCK: SUKKUR",
        "CNIC": "00"
    },
    "14": {
        "Mobile": "723616343",
        "Name": "TNB LIBERTY POWER LIMITED",
        "ADDRESS": "HOUSE: TNBE LIBERTY POWER , STREET\/BLOCK: MIRPURMATHELO",
        "CNIC": "00"
    },
    "15": {
        "Mobile": "2134810180",
        "Name": "SYED AHMED ZEESHAN JAFRI",
        "ADDRESS": "A\/2 PLOT-14 FL-4 G\/FLOOR, BLOCK-5, GULSHAN-E-IQBAL KARACHI, NOT IN ID FILE",
        "CNIC": "0"
    },
    "timestamp": "2024-07-08 16:18:06"
}{
    "0": {
        "Mobile": "3207487972",
        "Name": "MARI H ABBAS .",
        "CNIC": "3310251129774",
        "ADDRESS": "107 13 FAISAL ABAD CITY FAREED GANJ FAI ISAL ABAD FAISALABAD G.P.O."
    },
    "timestamp": "2024-07-08 16:18:21"
}{
    "0": {
        "Mobile": "3065899301",
        "Name": "RASHADA PARVEEN .",
        "CNIC": "3660157874770",
        "ADDRESS": "MOHALA GHALA MANDI GUGGU TEHSIL BUREWAL LA DISTRICT VEHARI WAH"
    },
    "1": {
        "Mobile": "3070095301",
        "Name": "RASHADA PARVEEN .",
        "CNIC": "3660157874770",
        "ADDRESS": "MOHALA GHALA MANDI GUGGU TEHSIL BUREWAL LA DISTRICT VEHARI WAH"
    },
    "2": {
        "Mobile": "3071909435",
        "Name": "RASHADA PARVEEN .",
        "CNIC": "3660157874770",
        "ADDRESS": "MOHALA GHALA MANDI GUGGU TEHSIL BUREWAL LA DISTRICT VEHARI WAH"
    },
    "3": {
        "Mobile": "3320714818",
        "Name": "RASHADA PARVEEN .",
        "CNIC": "3660157874770",
        "ADDRESS": "MOHALA GHALA MANDI GUGGU TEHSIL BUREWAL LA DISTRICT VEHARI WAH"
    },
    "timestamp": "2024-07-08 16:18:26"
}{
    "0": {
        "Mobile": "3451034247",
        "Name": "ZAHID MAQBOOL",
        "CNIC": "3310037044533",
        "ADDRESS": "P-437 FAISAL ABAD NEW CIVIL LINE KOTHI NUMBER 17 F"
    },
    "1": {
        "Mobile": "3451034247",
        "Name": "ZAHID MAQBOOL",
        "CNIC": "3310037044533",
        "ADDRESS": "P-437 FAISAL ABAD NEW CIVIL LINE KOTHI NUMBER 17 F"
    },
    "timestamp": "2024-07-08 16:20:21"
}