{
    "0": {
        "Mobile": "3418601164",
        "Name": "AIMAN IFTIKHAR",
        "CNIC": "3330291786552",
        "ADDRESS": "POST OFFICE KHAS CHAK 319 G B KAHO C TEHSIL PEER MEHAL ZILAH TOBA TEK SINGH"
    },
    "1": {
        "Mobile": "3418601164",
        "Name": "AIMAN IFTIKHAR",
        "CNIC": "3330291786552",
        "ADDRESS": "POST OFFICE KHAS CHAK 319 G B KAHO C TEHSIL PEER MEHAL ZILAH TOBA TEK SINGH"
    },
    "timestamp": "2024-07-09 05:09:58"
}{
    "0": {
        "Mobile": "3418601164",
        "Name": "AIMAN IFTIKHAR",
        "CNIC": "3330291786552",
        "ADDRESS": "POST OFFICE KHAS CHAK 319 G B KAHO C TEHSIL PEER MEHAL ZILAH TOBA TEK SINGH"
    },
    "1": {
        "Mobile": "3156348319",
        "Name": "aeman  iftikhar",
        "CNIC": "3330291786552",
        "ADDRESS": "no"
    },
    "timestamp": "2024-07-09 05:10:10"
}{
    "0": {
        "Mobile": "3053821759",
        "Name": "JAMAN .",
        "CNIC": "4110454295542",
        "ADDRESS": "W MUHAMMAD SIDDIQUE DAAK KHANA PANGIO FEHARI TEHSIL TANDO BAAGO DISTRICT BADEEN  BADIN"
    },
    "timestamp": "2024-07-09 05:49:08"
}{
    "0": {
        "Mobile": "3053821759",
        "Name": "JAMAN .",
        "CNIC": "4110454295542",
        "ADDRESS": "W MUHAMMAD SIDDIQUE DAAK KHANA PANGIO FEHARI TEHSIL TANDO BAAGO DISTRICT BADEEN  BADIN"
    },
    "timestamp": "2024-07-09 05:50:23"
}{
    "0": {
        "Mobile": "3073331366",
        "Name": "ALLIED BANK Branches",
        "CNIC": "0",
        "ADDRESS": "MOHALA KAMAL KHAIL  PO COLONY S Mardan"
    },
    "1": {
        "Mobile": "3080255441",
        "Name": "JSK Feeds Limited",
        "CNIC": "0",
        "ADDRESS": "House No.12, Street No.34, F-7\/1, Islamabad Islamabad"
    },
    "2": {
        "Mobile": "3073331366",
        "Name": "ALLIED BANK Branches",
        "CNIC": "0",
        "ADDRESS": "MOHALA KAMAL KHAIL  PO COLONY S Mardan"
    },
    "3": {
        "Mobile": "3080255441",
        "Name": "JSK Feeds Limited",
        "CNIC": "0",
        "ADDRESS": "House No.12, Street No.34, F-7\/1, Islamabad Islamabad"
    },
    "4": {
        "Mobile": "3081274063",
        "Name": "Bykea Technologies-Riders 178966",
        "CNIC": "0",
        "ADDRESS": "14th Floor Chapal Plaza hasrat  Mohani road Karachi"
    },
    "5": {
        "Mobile": "3081272202",
        "Name": "Bykea Technologies-Riders-178963",
        "CNIC": "0",
        "ADDRESS": "14th Floor Chapal Plaza hasrat Mohani road Karachi. Karachi"
    },
    "6": {
        "Mobile": "3081273317",
        "Name": "Bykea Technologies-Riders-178965",
        "CNIC": "0",
        "ADDRESS": "4th Floor Chapal Plaza hasrat  Mohani road Karachi... Karachi"
    },
    "7": {
        "Mobile": "3081274063",
        "Name": "Bykea Technologies-Riders 178966",
        "CNIC": "0",
        "ADDRESS": "14th Floor Chapal Plaza hasrat  Mohani road Karachi"
    },
    "8": {
        "Mobile": "3081272202",
        "Name": "Bykea Technologies-Riders-178963",
        "CNIC": "0",
        "ADDRESS": "14th Floor Chapal Plaza hasrat Mohani road Karachi. Karachi"
    },
    "9": {
        "Mobile": "3081273317",
        "Name": "Bykea Technologies-Riders-178965",
        "CNIC": "0",
        "ADDRESS": "4th Floor Chapal Plaza hasrat  Mohani road Karachi... Karachi"
    },
    "10": {
        "Mobile": "3334354116",
        "Name": "SHAHID BASHIR BUTT",
        "ADDRESS": "",
        "CNIC": ""
    },
    "11": {
        "Mobile": "3332141824",
        "Name": "PREM CHAND",
        "ADDRESS": "",
        "CNIC": ""
    },
    "12": {
        "Mobile": "3339625227",
        "Name": "TAJ MOHAMMAD",
        "ADDRESS": "VILLA GE SANIBUNHAT",
        "CNIC": ""
    },
    "13": {
        "Mobile": "3332273381",
        "Name": "MAJEED SHARF",
        "ADDRESS": "",
        "CNIC": ""
    },
    "14": {
        "Mobile": "3339161307",
        "Name": "ILYAS KHAN",
        "ADDRESS": "MUZOW P\/O TARANGZAI",
        "CNIC": ""
    },
    "15": {
        "Mobile": "3332186785",
        "Name": "MUHAMMAD SHAKIL",
        "ADDRESS": "",
        "CNIC": ""
    },
    "16": {
        "Mobile": "3339625743",
        "Name": "SAJEED GUL",
        "ADDRESS": "CADET COOLLGEPINDI ROAD",
        "CNIC": ""
    },
    "17": {
        "Mobile": "2134810180",
        "Name": "SYED AHMED ZEESHAN JAFRI",
        "ADDRESS": "A\/2 PLOT-14 FL-4 G\/FLOOR, BLOCK-5, GULSHAN-E-IQBAL KARACHI, NOT IN ID FILE",
        "CNIC": "0"
    },
    "18": {
        "Mobile": "2134810180",
        "Name": "SYED AHMED ZEESHAN JAFRI",
        "ADDRESS": "A\/2 PLOT-14 FL-4 G\/FLOOR, BLOCK-5, GULSHAN-E-IQBAL KARACHI, NOT IN ID FILE",
        "CNIC": "0"
    },
    "timestamp": "2024-07-09 07:13:05"
}{
    "0": {
        "Mobile": "3414132886",
        "Name": "MUHAMMAD AKRAM",
        "CNIC": "3630207427273",
        "ADDRESS": "200-D MULTAN MUMTAZ ABAD COLONY MULTAN MULTAN"
    },
    "timestamp": "2024-07-09 07:15:21"
}{
    "0": {
        "Mobile": "3497815254",
        "Name": "MUHAMMAD SAJJAD",
        "CNIC": "3230409689093",
        "ADDRESS": "BASTI QASAI WALI JHALAR DANRHIEN MUZAFFAR GARH MAT"
    },
    "1": {
        "Mobile": "3497815254",
        "Name": "MUHAMMAD SAJJAD",
        "CNIC": "3230409689093",
        "ADDRESS": "BASTI QASAI WALI JHALAR DANRHIEN MUZAFFAR GARH MAT"
    },
    "timestamp": "2024-07-09 23:06:24"
}