{
    "0": {
        "Mobile": "3078162900",
        "Name": "MUHAMMAD NABEEL .",
        "CNIC": "3460343005269",
        "ADDRESS": "marian , near pul aik SIALKOT  PAKISTAN"
    },
    "timestamp": "2024-07-10 05:19:13"
}{
    "0": {
        "Mobile": "3002994597",
        "Name": "A SAMAD",
        "CNIC": "4250111529043",
        "ADDRESS": "AV 556 ST NO 1 BAKRA PIRI KHI  Bahawal Nagar"
    },
    "timestamp": "2024-07-10 05:56:08"
}{
    "0": {
        "Mobile": "3002994597",
        "Name": "A SAMAD",
        "CNIC": "4250111529043",
        "ADDRESS": "AV 556 ST NO 1 BAKRA PIRI KHI  Bahawal Nagar"
    },
    "1": {
        "Mobile": "3061864522",
        "Name": "A SAMAD",
        "CNIC": "4250111529043",
        "ADDRESS": "AV 556 ST NO 1 BAKRA PIRI KHI  Bahawal Nagar"
    },
    "2": {
        "Mobile": "3080586093",
        "Name": "A SAMAD",
        "CNIC": "4250111529043",
        "ADDRESS": "AV 556 ST NO 1 BAKRA PIRI KHI  Bahawal Nagar"
    },
    "3": {
        "Mobile": "3222237619",
        "Name": "A SAMAD",
        "CNIC": "4250111529043",
        "ADDRESS": "AV 556 ST NO 1 BAKRA PIRI KHI  Bahawal Nagar"
    },
    "4": {
        "Mobile": "3232653171",
        "Name": "A SAMAD",
        "CNIC": "4250111529043",
        "ADDRESS": "AV 556 ST NO 1 BAKRA PIRI KHI  Bahawal Nagar"
    },
    "5": {
        "Mobile": "3453381884",
        "Name": "ABDUL SAMAD",
        "CNIC": "4250111529043",
        "ADDRESS": "A V - 556 1 MALEER ASO GOTA BAKRA PERHI MALEER CIT"
    },
    "timestamp": "2024-07-10 05:56:33"
}{
    "0": {
        "Mobile": "3247642420",
        "Name": "MUHAMMAD ALEEM SHAFQAT .",
        "CNIC": "3310283265021",
        "ADDRESS": "Gali No 7 rasheed abad , jhang road City FAISALABAD Tehsil FAISALABAD CITY District FAISA"
    },
    "timestamp": "2024-07-10 07:41:53"
}{
    "0": {
        "Mobile": "3211173241",
        "Name": "MUHAMMAD ALEEM SHAFQAT .",
        "CNIC": "3310283265021",
        "ADDRESS": "Gali No 7 rasheed abad , jhang road City FAISALABAD Tehsil FAISALABAD CITY District FAISA"
    },
    "1": {
        "Mobile": "3247642420",
        "Name": "MUHAMMAD ALEEM SHAFQAT .",
        "CNIC": "3310283265021",
        "ADDRESS": "Gali No 7 rasheed abad , jhang road City FAISALABAD Tehsil FAISALABAD CITY District FAISA"
    },
    "2": {
        "Mobile": "3247642301",
        "Name": "MUHAMMAD ALEEM SHAFQAT .",
        "CNIC": "3310283265021",
        "ADDRESS": "Gali No 7 rasheed abad , jhang road City FAISALABAD Tehsil FAISALABAD CITY District FAISA"
    },
    "3": {
        "Mobile": "3247642302",
        "Name": "MUHAMMAD ALEEM SHAFQAT .",
        "CNIC": "3310283265021",
        "ADDRESS": "Gali No 7 rasheed abad , jhang road City FAISALABAD Tehsil FAISALABAD CITY District FAISA"
    },
    "timestamp": "2024-07-10 07:42:09"
}{
    "0": {
        "Mobile": "3430218369",
        "Name": "SOHAIL GUL",
        "CNIC": "3420279554167",
        "ADDRESS": "MIL D POST OFFICE CHIBAAN KHARIAN DISTRICT GUJRAT"
    },
    "timestamp": "2024-07-10 12:00:16"
}{
    "0": {
        "Mobile": "3075844537",
        "Name": "SOHAIL GUL .",
        "CNIC": "3420279554167",
        "ADDRESS": "MIL D POST OFFICE CHIBAAN KHARIAN DISTR RICT GUJRAT GUJRAT G.P.O."
    },
    "1": {
        "Mobile": "3078178919",
        "Name": "SOHAIL GUL .",
        "CNIC": "3420279554167",
        "ADDRESS": "MIL D POST OFFICE CHIBAAN KHARIAN DISTR RICT GUJRAT GUJRAT G.P.O."
    },
    "2": {
        "Mobile": "3430507078",
        "Name": "SOHAIL GUL",
        "CNIC": "3420279554167",
        "ADDRESS": "MIL D POST OFFICE CHIBAAN KHARIAN DISTRICT GUJRAT"
    },
    "3": {
        "Mobile": "3430218369",
        "Name": "SOHAIL GUL",
        "CNIC": "3420279554167",
        "ADDRESS": "MIL D POST OFFICE CHIBAAN KHARIAN DISTRICT GUJRAT"
    },
    "timestamp": "2024-07-10 12:00:26"
}{
    "0": {
        "Mobile": "3055565113",
        "Name": "ATTIA WAHEED .",
        "CNIC": "3740209659308",
        "ADDRESS": "HOUSE NUMBER 9 STREET NUMBER 7 FACTORY AREA MOHALA AL AZIZ FAISAL ABAD TEHSIL FAISAL ABAD CITY DIST"
    },
    "timestamp": "2024-07-10 12:01:55"
}{
    "0": {
        "Mobile": "3217592991",
        "Name": "ALI IMRAN .",
        "CNIC": "3310241392733",
        "ADDRESS": "HOUSE NUMBER 510 STREET NUMBER 3 JHAL KHANWANA MOHALA FATEHABAD GHARBI FAISALABAD TEHSIL FAISALABAD CI"
    },
    "timestamp": "2024-07-10 12:02:20"
}{
    "0": {
        "Mobile": "3215107052",
        "Name": "ASGHAR ALI .",
        "CNIC": "3740508264345",
        "ADDRESS": "HOUSE NUMBER 2511-14 MOHALA POLICE STAT TION ROAD SADAR RAWALPINDI RAWALPINDI G.P.O."
    },
    "timestamp": "2024-07-10 12:04:45"
}{
    "0": {
        "Mobile": "3328004124",
        "CNIC": null
    },
    "timestamp": "2024-07-10 12:08:07"
}{
    "0": {
        "Mobile": "3215340841",
        "Name": "ATTIA WAHEED .",
        "CNIC": "3740209659308",
        "ADDRESS": "HOUSE NUMBER 9 STREET NUMBER 7 FACTORY AREA MOHALA AL AZIZ FAISAL ABAD TEHSIL FAISAL ABAD CITY DIST"
    },
    "timestamp": "2024-07-10 12:10:41"
}{
    "0": {
        "Mobile": "3027671547",
        "Name": "HUSNAIN MEHMOOD .",
        "CNIC": "3310421817821",
        "ADDRESS": "City CHAK 077\/RB LOHKA KALAN Tehsil JARANWALA District FAISALABAD  Faisalabad"
    },
    "timestamp": "2024-07-10 12:12:22"
}{
    "0": {
        "Mobile": "3132896088",
        "Name": "DATA NOT RECIEVED FROM NADRA",
        "CNIC": "4220131562152",
        "ADDRESS": "no"
    },
    "timestamp": "2024-07-10 12:13:30"
}{
    "0": {
        "Mobile": "3143023887",
        "Name": "shamsa  kanwal",
        "CNIC": "3310238034676",
        "ADDRESS": "no"
    },
    "timestamp": "2024-07-10 12:38:46"
}{
    "0": {
        "Mobile": "3009650980",
        "Name": "MUHAMMAD NISAR .",
        "CNIC": "3310027567325",
        "ADDRESS": "2 FAISAL ABAD CITY AL FAYYAZ COLONY FAI ISAL ABAD FAISALABAD G.P.O."
    },
    "timestamp": "2024-07-10 12:39:08"
}{
    "0": {
        "Mobile": "3008452135",
        "Name": "MAQSOOD ALTAF",
        "CNIC": "3520218182839",
        "ADDRESS": "H# 45, MOHALA CHARAGH PARK SHAD BAGH LAHORE Lahore"
    },
    "timestamp": "2024-07-10 12:39:44"
}{
    "0": {
        "Mobile": "3218454454",
        "Name": "ALMERA NAZ .",
        "CNIC": "3320224237140",
        "ADDRESS": "HOUSE NUMBER 398 MOHALA MACHINE WALI STREET BAGH JHANG  LAHORE G.P.O."
    },
    "timestamp": "2024-07-10 14:53:38"
}{
    "0": {
        "Mobile": "3095655348",
        "Name": "ALMERA NAZ .",
        "CNIC": "3320224237140",
        "ADDRESS": "HOUSE NUMBER 398 MOHALA MACHINE WALI STREET BAGH JHANG  LAHORE G.P.O."
    },
    "1": {
        "Mobile": "3218454454",
        "Name": "ALMERA NAZ .",
        "CNIC": "3320224237140",
        "ADDRESS": "HOUSE NUMBER 398 MOHALA MACHINE WALI STREET BAGH JHANG  LAHORE G.P.O."
    },
    "timestamp": "2024-07-10 14:54:02"
}{
    "0": {
        "Mobile": "3069197797",
        "Name": "JAMILA SHAFI",
        "CNIC": "3330189171764",
        "ADDRESS": "P\/732 GUJARAH HAFIZ PARK GUJRAH TOBAH Sheikhupura"
    },
    "timestamp": "2024-07-10 18:43:54"
}