{
    "0": {
        "Mobile": "3226555558",
        "Name": "ARSHAD MEHMOOD .",
        "CNIC": "3520179760167",
        "ADDRESS": "60-A-5 LAHORE CANTT ANGORI BAGH SCHEME NUMBER 2 BAGHBANPURA LAHORE LAHORE G.P.O"
    },
    "timestamp": "2024-07-11 00:09:23"
}{
    "0": {
        "Mobile": "3410429989",
        "Name": "IBRAR UL HAQ",
        "CNIC": "3520249029271",
        "ADDRESS": "HOUSE NUMBER 2 STREET NUMBER 2 MOHALA RASHEED PARK SCHEME MOR MULTAN ROAD LAHORE"
    },
    "1": {
        "Mobile": "3410429989",
        "Name": "IBRAR UL HAQ",
        "CNIC": "3520249029271",
        "ADDRESS": "HOUSE NUMBER 2 STREET NUMBER 2 MOHALA RASHEED PARK SCHEME MOR MULTAN ROAD LAHORE"
    },
    "timestamp": "2024-07-11 00:11:17"
}{
    "0": {
        "Mobile": "3129650980",
        "Name": "muhammadnisar  cust",
        "CNIC": "3310027567325",
        "ADDRESS": "no"
    },
    "timestamp": "2024-07-11 00:11:39"
}{
    "0": {
        "Mobile": "3226555558",
        "Name": "ARSHAD MEHMOOD .",
        "CNIC": "3520179760167",
        "ADDRESS": "60-A-5 LAHORE CANTT ANGORI BAGH SCHEME NUMBER 2 BAGHBANPURA LAHORE LAHORE G.P.O"
    },
    "timestamp": "2024-07-11 00:12:13"
}{
    "0": {
        "Mobile": "3214094910",
        "Name": "MUHAMMAD ASAD",
        "CNIC": "3520248024133",
        "ADDRESS": "HOUSE NUMBER A\/2 STREET NUMBER 16 PREM STREET MOHALA DIL MUHAMMAD ROAD LAHORE  LAHORE G.P.O."
    },
    "timestamp": "2024-07-11 00:18:33"
}{
    "0": {
        "Mobile": "3000417356",
        "Name": "FAHMIDA KHALID",
        "CNIC": "3430116611018",
        "ADDRESS": "SUIT # 40  Memon  Hafizabad"
    },
    "timestamp": "2024-07-11 00:21:29"
}{
    "0": {
        "Mobile": "3414918843",
        "Name": "FAROOQ AHMAD",
        "CNIC": "3730123574487",
        "ADDRESS": "DINA JHELUM BEHRAAM PUR JHELUM"
    },
    "1": {
        "Mobile": "3414918843",
        "Name": "FAROOQ AHMAD",
        "CNIC": "3730123574487",
        "ADDRESS": "DINA JHELUM BEHRAAM PUR JHELUM"
    },
    "timestamp": "2024-07-11 00:22:23"
}{
    "0": {
        "Mobile": "3102325195",
        "Name": "DATA NOT RECIEVED FROM NADRA",
        "CNIC": "4210126491819",
        "ADDRESS": "no"
    },
    "timestamp": "2024-07-11 00:22:59"
}{
    "0": {
        "Mobile": "3438563529",
        "Name": "NIGHAT YASMIN",
        "CNIC": "3740505272874",
        "ADDRESS": "KHAS PALANDRI MANG SADHONTI"
    },
    "1": {
        "Mobile": "3438563529",
        "Name": "NIGHAT YASMIN",
        "CNIC": "3740505272874",
        "ADDRESS": "KHAS PALANDRI MANG SADHONTI"
    },
    "timestamp": "2024-07-11 00:24:06"
}{
    "0": {
        "Mobile": "3117840073",
        "Name": "tuba",
        "CNIC": "3310070813858",
        "ADDRESS": "no"
    },
    "timestamp": "2024-07-11 00:26:56"
}{
    "0": {
        "Mobile": "3211626931",
        "Name": "M DILBAR IFTIKHAR",
        "CNIC": "3310045094049",
        "ADDRESS": "CHAK NO 425 GB TANDLIAWALA FSD Faisalabad"
    },
    "timestamp": "2024-07-11 00:30:31"
}{
    "0": {
        "Mobile": "3094778477",
        "Name": "HARIS MAQSOOD",
        "CNIC": "3520261714201",
        "ADDRESS": "HOUSE NUMBER 45 MOHALA CHIRAGH PARK SHAAD BAGH LAHORE  LAHORE G.P.O."
    },
    "timestamp": "2024-07-11 00:31:16"
}{
    "0": {
        "Mobile": "3094589544",
        "Name": "SABA ASGHAR .",
        "CNIC": "3110431608420",
        "ADDRESS": "DAAK KHANA FAQEER WALI CHAK NUMBER 110\/6 AAR TEHSIL HAROON ABAD DISTRICT BAHAWALNAGAR  PAKISTAN"
    },
    "timestamp": "2024-07-11 00:32:11"
}{
    "0": {
        "Mobile": "3244478432",
        "Name": "HUMAIRA RAFEEQ",
        "CNIC": "3520255282390",
        "ADDRESS": "594-N LAHORE CITY SUMANABAD LAHORE LAHOR E Lahore"
    },
    "timestamp": "2024-07-11 00:33:51"
}{
    "0": {
        "Mobile": "3377533246",
        "Name": "akash bari",
        "ADDRESS": "chak 296 jb",
        "CNIC": "3330164730415"
    },
    "timestamp": "2024-07-11 00:34:35"
}{
    "0": {
        "Mobile": "3042795665",
        "Name": "HINA SHOAIB .",
        "CNIC": "3520281260928",
        "ADDRESS": "HOUSE NUMBER A\/2 STREET NUMBER 16 PREM STREET MOHALA KHAWAJA DIL MUHAMMAD ROAD LAHORE  PAKISTAN"
    },
    "timestamp": "2024-07-11 00:35:06"
}{
    "0": {
        "Mobile": "3350202132",
        "Name": "ASMAA ISHTIAQ KHAN",
        "ADDRESS": "HOUSE NUMBER R-6 MOHALA RIZWAN",
        "CNIC": "4250104835382"
    },
    "timestamp": "2024-07-11 00:37:56"
}{
    "0": {
        "Mobile": "3027770488",
        "Name": "ESHA AKMAL .",
        "CNIC": "3450245869334",
        "ADDRESS": "afzal pura , near masque gosianoor kot road  Pakistan"
    },
    "timestamp": "2024-07-11 00:38:47"
}{
    "0": {
        "Mobile": "3076039959",
        "Name": "AKHTAR ALI .",
        "CNIC": "3310383197309",
        "ADDRESS": "DAAK KHANA KHAS CHAK NUMBER 63 J B MAHTA TEHSIL FAISAL ABAD SADAR DISTRICT FAISAL ABAD  FAISALABAD G."
    },
    "timestamp": "2024-07-11 00:40:50"
}{
    "0": {
        "Mobile": "3201838238",
        "Name": "ROBINA BIBI .",
        "CNIC": "3210258345870",
        "ADDRESS": "NARI DHAMARIA DAAK KHANA KOT CHATTA MOHALA BAIG WALA DERA GHAZI KHAN  PAKISTAN"
    },
    "timestamp": "2024-07-11 00:41:43"
}{
    "0": {
        "Mobile": "3143023887",
        "Name": "shamsa  kanwal",
        "CNIC": "3310238034676",
        "ADDRESS": "no"
    },
    "timestamp": "2024-07-11 00:42:08"
}{
    "0": {
        "Mobile": "3069875931",
        "Name": "MATEEN YOUSAF .",
        "CNIC": "3310243687505",
        "ADDRESS": "MIN BAZAAR SATIYANA ROAD MOHALA YOUSAF TOWN FAISAL ABAD TEHSIL FAISAL ABAD CITY DISTRICT FAISAL AB"
    },
    "timestamp": "2024-07-11 00:42:31"
}{
    "0": {
        "Mobile": "3125617288",
        "Name": "DATA NOT RECIEVED FROM NADRA",
        "CNIC": "3740703491369",
        "ADDRESS": "no"
    },
    "timestamp": "2024-07-11 00:43:19"
}{
    "0": {
        "Mobile": "3448646482",
        "Name": "MUHAMMAD IHSAN",
        "CNIC": "3660270789171",
        "ADDRESS": "POST OFFICE TABBA SULTAN PUR SAANDHA TEHSIL MAILSI ZILAH VEHARI"
    },
    "1": {
        "Mobile": "3448646482",
        "Name": "MUHAMMAD IHSAN",
        "CNIC": "3660270789171",
        "ADDRESS": "POST OFFICE TABBA SULTAN PUR SAANDHA TEHSIL MAILSI ZILAH VEHARI"
    },
    "timestamp": "2024-07-11 07:16:20"
}{
    "0": {
        "Mobile": "3056551766",
        "Name": "MUHAMMAD IHSAN .",
        "CNIC": "3660270789171",
        "ADDRESS": "DAAK KHANA TABBA SULTAN PUR SANDHA TEHSIL MAILSI DISTRICT VEHARI  VEHARI G.P.O."
    },
    "1": {
        "Mobile": "3065701962",
        "Name": "MUHAMMAD IHSAN .",
        "CNIC": "3660270789171",
        "ADDRESS": "DAAK KHANA TABBA SULTAN PUR SANDHA TEHSIL MAILSI DISTRICT VEHARI  VEHARI G.P.O."
    },
    "2": {
        "Mobile": "3208848870",
        "Name": "MUHAMMAD IHSAN .",
        "CNIC": "3660270789171",
        "ADDRESS": "DAAK KHANA TABBA SULTAN PUR SANDHA TEHSIL MAILSI DISTRICT VEHARI  VEHARI G.P.O."
    },
    "3": {
        "Mobile": "3037589403",
        "Name": "MUHAMMAD IHSAN .",
        "CNIC": "3660270789171",
        "ADDRESS": "DAAK KHANA TABBA SULTAN PUR SANDHA TEHSIL MAILSI DISTRICT VEHARI  VEHARI G.P.O."
    },
    "4": {
        "Mobile": "3448646482",
        "Name": "MUHAMMAD IHSAN",
        "CNIC": "3660270789171",
        "ADDRESS": "POST OFFICE TABBA SULTAN PUR SAANDHA TEHSIL MAILSI ZILAH VEHARI"
    },
    "timestamp": "2024-07-11 07:16:29"
}{
    "0": {
        "Mobile": "3109632467",
        "Name": "GUL  KHAN",
        "CNIC": "1730111668185",
        "ADDRESS": "no"
    },
    "timestamp": "2024-07-11 08:51:37"
}{
    "0": {
        "Mobile": "3335119166",
        "Name": "GUL KHAN",
        "ADDRESS": "MOH SHAMOZAI CITY SARBAND TEHS",
        "CNIC": "1730111668185"
    },
    "1": {
        "Mobile": "3139671230",
        "Name": "GUL  KHAN",
        "CNIC": "1730111668185",
        "ADDRESS": "no"
    },
    "2": {
        "Mobile": "3109632467",
        "Name": "GUL  KHAN",
        "CNIC": "1730111668185",
        "ADDRESS": "no"
    },
    "timestamp": "2024-07-11 08:51:47"
}{
    "0": {
        "Mobile": "3417591430",
        "Name": "IRFAN AHMAD",
        "CNIC": "1210110651819",
        "ADDRESS": "274 DERA ISMAIL KHAN CHAH NAI WALA DERA ISMAIL KHA"
    },
    "1": {
        "Mobile": "3417591430",
        "Name": "IRFAN AHMAD",
        "CNIC": "1210110651819",
        "ADDRESS": "274 DERA ISMAIL KHAN CHAH NAI WALA DERA ISMAIL KHA"
    },
    "timestamp": "2024-07-11 14:04:12"
}{
    "0": {
        "Mobile": "3220962470",
        "Name": "IRFAN AHMAD .",
        "CNIC": "1210110651819",
        "ADDRESS": "House No 274 madni town  Pakistan"
    },
    "1": {
        "Mobile": "3028887703",
        "Name": "IRFAN AHMAD .",
        "CNIC": "1210110651819",
        "ADDRESS": "House No 274 madni town  Pakistan"
    },
    "2": {
        "Mobile": "3417591430",
        "Name": "IRFAN AHMAD",
        "CNIC": "1210110651819",
        "ADDRESS": "274 DERA ISMAIL KHAN CHAH NAI WALA DERA ISMAIL KHA"
    },
    "timestamp": "2024-07-11 14:04:23"
}{
    "0": {
        "Mobile": "3360023553",
        "Name": "gul muhammad",
        "ADDRESS": "goth kamal rasheedani City ABR",
        "CNIC": "4160106768675"
    },
    "timestamp": "2024-07-11 14:41:36"
}{
    "0": {
        "Mobile": "3360023553",
        "Name": "gul muhammad",
        "ADDRESS": "goth kamal rasheedani City ABR",
        "CNIC": "4160106768675"
    },
    "timestamp": "2024-07-11 14:42:54"
}