{
    "0": {
        "Mobile": "3068604757",
        "Name": "MUSHTAQ ALI",
        "CNIC": "3540352908875",
        "ADDRESS": "WARD # 7, 12RB GOBANDGHAR SAFDARABAD Sheikhupura"
    },
    "timestamp": "2024-07-12 01:50:50"
}{
    "0": {
        "Mobile": "3068604757",
        "Name": "MUSHTAQ ALI",
        "CNIC": "3540352908875",
        "ADDRESS": "WARD # 7, 12RB GOBANDGHAR SAFDARABAD Sheikhupura"
    },
    "1": {
        "Mobile": "3006679842",
        "Name": "MUSHTAQ ALI",
        "CNIC": "3540352908875",
        "ADDRESS": "WARD 7 KHAS SAFDARABAD CHAK NUMBER 12 AAR B GOBAND"
    },
    "timestamp": "2024-07-12 01:51:05"
}{
    "0": {
        "Mobile": "3336132125",
        "Name": "JALEEL AHMAD",
        "ADDRESS": "HOUSE NO E-258 ST NO 1 MOHALA",
        "CNIC": "3130389034469"
    },
    "timestamp": "2024-07-12 02:51:54"
}{
    "0": {
        "Mobile": "3051208980",
        "Name": "JALEEL AHMAD",
        "CNIC": "3130389034469",
        "ADDRESS": "ABBOTABAD ABBOTABAD Abbotabad"
    },
    "1": {
        "Mobile": "3336132125",
        "Name": "JALEEL AHMAD",
        "ADDRESS": "HOUSE NO E-258 ST NO 1 MOHALA",
        "CNIC": "3130389034469"
    },
    "timestamp": "2024-07-12 02:52:04"
}{
    "0": {
        "Mobile": "3095449475",
        "Name": "MUHAMMAD FAROOQ .",
        "CNIC": "9040301662885",
        "ADDRESS": "P.O.Box No.15596 Riyadh Saudi Arabia  PAKISTAN"
    },
    "timestamp": "2024-07-12 08:06:11"
}{
    "0": {
        "Mobile": "3156774797",
        "Name": "DATA NOT RECIEVED FROM NADRA",
        "CNIC": "4110569086649",
        "ADDRESS": "no"
    },
    "timestamp": "2024-07-12 10:49:16"
}{
    "0": {
        "Mobile": "3156774797",
        "Name": "DATA NOT RECIEVED FROM NADRA",
        "CNIC": "4110569086649",
        "ADDRESS": "no"
    },
    "timestamp": "2024-07-12 10:52:36"
}{
    "0": {
        "Mobile": "3226420549",
        "Name": "M USMAN",
        "CNIC": "3420120823755",
        "ADDRESS": "4\/326 GUJRAT QILA NTH. GUJRAT GUJRAT  Gujrat"
    },
    "timestamp": "2024-07-12 12:38:21"
}{
    "0": {
        "Mobile": "3484470432",
        "Name": "BILQEES BI BI",
        "CNIC": "3440245409910",
        "ADDRESS": "MOHALA MUGHAL PURA D NAGA TEHSIL KHARIAN DISTRICT"
    },
    "timestamp": "2024-07-12 15:48:51"
}{
    "0": {
        "Mobile": "3336132125",
        "Name": "JALEEL AHMAD",
        "ADDRESS": "HOUSE NO E-258 ST NO 1 MOHALA",
        "CNIC": "3130389034469"
    },
    "timestamp": "2024-07-12 15:50:28"
}