{
    "0": {
        "Mobile": "3416348651",
        "Name": "KANEEZ BIBI",
        "CNIC": "3660260572670",
        "ADDRESS": "POST OFFICE KHAS BULAND PUR TEHSIL MAILSI ZILAH VEHARI"
    },
    "1": {
        "Mobile": "3416348651",
        "Name": "KANEEZ BIBI",
        "CNIC": "3660260572670",
        "ADDRESS": "POST OFFICE KHAS BULAND PUR TEHSIL MAILSI ZILAH VEHARI"
    },
    "timestamp": "2024-07-13 07:40:23"
}{
    "0": {
        "Mobile": "3416348651",
        "Name": "KANEEZ BIBI",
        "CNIC": "3660260572670",
        "ADDRESS": "POST OFFICE KHAS BULAND PUR TEHSIL MAILSI ZILAH VEHARI"
    },
    "timestamp": "2024-07-13 07:40:56"
}{
    "0": {
        "Mobile": "3138742546",
        "Name": "abdul  hayat",
        "CNIC": "4220135025603",
        "ADDRESS": "no"
    },
    "1": {
        "Mobile": "3110836221",
        "Name": "abdul  hayat",
        "CNIC": "4220135025603",
        "ADDRESS": "no"
    },
    "timestamp": "2024-07-13 08:20:27"
}{
    "0": {
        "Mobile": "3209713892",
        "Name": "HAYAT KHAN",
        "CNIC": "1570345663555",
        "ADDRESS": "DAAK KHANA KALKO T BYARH TEHSIL KALKO T ( KWHSTAN ) DISTRICT UPPER  DIR  DIR"
    },
    "1": {
        "Mobile": "3239211531",
        "Name": "HAYAT KHAN",
        "CNIC": "1570345663555",
        "ADDRESS": "DAAK KHANA KALKO T BYARH TEHSIL KALKO T ( KWHSTAN ) DISTRICT UPPER  DIR  DIR"
    },
    "2": {
        "Mobile": "3488455162",
        "Name": "HAYAT KHAN",
        "CNIC": "1570345663555",
        "ADDRESS": "DAAK KHANA KALKOT BYARH TEHSIL KALKOT ( KOHISTAN )"
    },
    "3": {
        "Mobile": "3178502062",
        "Name": "Hayat  Khan",
        "CNIC": "1570345663555",
        "ADDRESS": "no"
    },
    "timestamp": "2024-07-13 10:04:07"
}{
    "0": {
        "Mobile": "3044556121",
        "Name": "MOHD NADEEM",
        "CNIC": "4220154812987",
        "ADDRESS": "SUIT # 41  Memon  Bahawal Nagar"
    },
    "1": {
        "Mobile": "3492739539",
        "Name": "MUHAMMAD NADEEM ZAFAR",
        "CNIC": "4220154812987",
        "ADDRESS": "BLOCK 2 P E C H S KARACHI SHARQI KARACHI SHARKI"
    },
    "2": {
        "Mobile": "3453359454",
        "Name": "MUHAMMAD NADEEM ZAFAR",
        "CNIC": "4220154812987",
        "ADDRESS": "BLOCK 2 P E C H S KARACHI SHARQI KARACHI SHARKI"
    },
    "timestamp": "2024-07-13 15:10:50"
}{
    "0": {
        "Mobile": "3243310651",
        "Name": "MEHWISH .",
        "CNIC": "4230175095634",
        "ADDRESS": "Flat No 602 Syed Mehmood Shah Rd Punjabi , Gulshan E Falah Building  Pakistan"
    },
    "timestamp": "2024-07-13 16:04:47"
}{
    "0": {
        "Mobile": "3369657016",
        "CNIC": null
    },
    "timestamp": "2024-07-13 16:09:52"
}{
    "0": {
        "Mobile": "3369657016",
        "CNIC": null
    },
    "timestamp": "2024-07-13 16:10:13"
}{
    "0": {
        "Mobile": "3080490177",
        "Name": "MUHAMMAD FARIYAD .",
        "CNIC": "3520286709153",
        "ADDRESS": "DAAK KHANA RAIWAND BHAI KOT TEHSIL RAIWAND DISTRICT LAHORE  LAHORE G.P.O."
    },
    "1": {
        "Mobile": "3047604485",
        "Name": "MUHAMMAD FARIYAD .",
        "CNIC": "3520286709153",
        "ADDRESS": "DAAK KHANA RAIWAND BHAI KOT TEHSIL RAIWAND DISTRICT LAHORE  LAHORE G.P.O."
    },
    "2": {
        "Mobile": "3418432737",
        "Name": "MUHAMMAD FARIYAD",
        "CNIC": "3520286709153",
        "ADDRESS": "DAAK KHANA RAIWAND BHAI KOT TEHSIL RAIWAND DISTRIC"
    },
    "timestamp": "2024-07-13 16:11:56"
}{
    "0": {
        "Mobile": "3451518565",
        "Name": "SAJJAD AHMAD",
        "CNIC": "3710453399719",
        "ADDRESS": "DAAK KHANA HADO WALI KOTAY WALI TEHSIL JAND DISTRI"
    },
    "timestamp": "2024-07-13 21:19:46"
}{
    "0": {
        "Mobile": "3079130430",
        "Name": "SAJJAD AHMAD",
        "CNIC": "3710453399719",
        "ADDRESS": "HADO WALI JAND KOTAY WALI ATTO CK Attock"
    },
    "timestamp": "2024-07-13 21:20:53"
}