{
    "0": {
        "Mobile": "3095540129",
        "Name": "MUHAMMAD IQBAL",
        "CNIC": "3510230534235",
        "ADDRESS": "KHADIYAAN KHAS KASUR JATYAN KA SUR Lahore"
    },
    "timestamp": "2024-07-14 00:48:38"
}{
    "0": {
        "Mobile": "3336065288",
        "Name": "ADNAN RASHEED",
        "ADDRESS": "65 KHUSHAB GREEN MARKET JOHAR",
        "CNIC": "3820184685435"
    },
    "timestamp": "2024-07-14 00:50:29"
}{
    "0": {
        "Mobile": "3008609528",
        "Name": "ADNAN RASHEED .",
        "CNIC": "3820184685435",
        "ADDRESS": "S\/O ABDUL RASHEED H#65 GREEN MKT JOHARABAD Khushab"
    },
    "1": {
        "Mobile": "3024834872",
        "Name": "ADNAN RASHEED .",
        "CNIC": "3820184685435",
        "ADDRESS": "65 2 KHUSHAB GREEN MARKET MKT JOHARABAD KHUSHAB Khushab"
    },
    "2": {
        "Mobile": "3035985399",
        "Name": "ADNAN RASHEED .",
        "CNIC": "3820184685435",
        "ADDRESS": "65 2 KHUSHAB GREEN MARKET MKT JOHARABAD KHUSHAB Khushab"
    },
    "3": {
        "Mobile": "3046975754",
        "Name": "ADNAN RASHEED .",
        "CNIC": "3820184685435",
        "ADDRESS": "65 2 KHUSHAB GREEN MARKET MKT JOHARABAD KHUSHAB Khushab"
    },
    "4": {
        "Mobile": "3336065288",
        "Name": "ADNAN RASHEED",
        "ADDRESS": "65 KHUSHAB GREEN MARKET JOHAR",
        "CNIC": "3820184685435"
    },
    "timestamp": "2024-07-14 00:50:38"
}{
    "0": {
        "Mobile": "3016806441",
        "Name": "SHAZIA SHAKEELA .",
        "CNIC": "3650267930108",
        "ADDRESS": "HUSSAIN ABAD COLONY DAAK KHANA KHAS CHAK NUMBER 85\/6 AAR Sahiwaal"
    },
    "timestamp": "2024-07-14 04:34:50"
}{
    "0": {
        "Mobile": "3066905065",
        "Name": "SHAZIA SHAKEELA .",
        "CNIC": "3650267930108",
        "ADDRESS": "HUSSAIN ABAD COLONY DAAK KHANA KHAS CHAK NUMBER 85\/6 AAR Sahiwaal"
    },
    "1": {
        "Mobile": "3016806441",
        "Name": "SHAZIA SHAKEELA .",
        "CNIC": "3650267930108",
        "ADDRESS": "HUSSAIN ABAD COLONY DAAK KHANA KHAS CHAK NUMBER 85\/6 AAR Sahiwaal"
    },
    "2": {
        "Mobile": "3037887622",
        "Name": "SHAZIA SHAKEELA .",
        "CNIC": "3650267930108",
        "ADDRESS": "HUSSAIN ABAD COLONY DAAK KHANA KHAS CHAK NUMBER 85\/6 AAR Sahiwaal"
    },
    "timestamp": "2024-07-14 04:35:03"
}{
    "0": {
        "Mobile": "3043963187",
        "Name": "MUHAMMAD ASIF .",
        "CNIC": "3130427391371",
        "ADDRESS": "CHAK NUMBER 24 N P SADIQ ABAD CHAK NUMB B RAHIMYAR KHAN G.P.O."
    },
    "timestamp": "2024-07-14 04:50:19"
}{
    "0": {
        "Mobile": "3214462578",
        "Name": "ASHIA BIBI .",
        "CNIC": "3660229073524",
        "ADDRESS": "AHMED RAZA COLONY MAILSI VEHARI  VEHARI G.P.O."
    },
    "timestamp": "2024-07-14 04:54:58"
}{
    "0": {
        "Mobile": "3036794176",
        "Name": "KAUSAR B B .",
        "CNIC": "3660288577328",
        "ADDRESS": "NAZD COLONY CHOWK MOHALA ISLAM ABAD MAI ILSI DISTRICT VEHARI WAH"
    },
    "timestamp": "2024-07-14 04:55:37"
}{
    "0": {
        "Mobile": "3069153596",
        "Name": "KAUSAR B B .",
        "CNIC": "3660288577328",
        "ADDRESS": "NAZD COLONY CHOWK MOHALA ISLAM ABAD MAI ILSI DISTRICT VEHARI WAH"
    },
    "1": {
        "Mobile": "3072325096",
        "Name": "KAUSAR B B .",
        "CNIC": "3660288577328",
        "ADDRESS": "NAZD COLONY CHOWK MOHALA ISLAM ABAD MAI ILSI DISTRICT VEHARI WAH"
    },
    "2": {
        "Mobile": "3084991606",
        "Name": "KAUSAR B B .",
        "CNIC": "3660288577328",
        "ADDRESS": "NAZD COLONY CHOWK MOHALA ISLAM ABAD MAI ILSI DISTRICT VEHARI WAH"
    },
    "3": {
        "Mobile": "3085618471",
        "Name": "KAUSAR B B .",
        "CNIC": "3660288577328",
        "ADDRESS": "NAZD COLONY CHOWK MOHALA ISLAM ABAD MAI ILSI DISTRICT VEHARI WAH"
    },
    "4": {
        "Mobile": "3036794176",
        "Name": "KAUSAR B B .",
        "CNIC": "3660288577328",
        "ADDRESS": "NAZD COLONY CHOWK MOHALA ISLAM ABAD MAI ILSI DISTRICT VEHARI WAH"
    },
    "timestamp": "2024-07-14 04:56:03"
}{
    "0": {
        "Mobile": "3095528129",
        "Name": "PARVEEN .",
        "CNIC": "3520242109168",
        "ADDRESS": "DAAK KHANA KHAS MANAK TEHSIL LAHORE DIS STRICT LAHORE PAKISTAN"
    },
    "timestamp": "2024-07-14 11:33:18"
}{
    "0": {
        "Mobile": "3440955686",
        "Name": "SHAMS SHAMS",
        "CNIC": "1610132849336",
        "ADDRESS": "BAGHICHA DHERI MARDAN MOHALA ADAB HOUSE BAGHICHA D"
    },
    "1": {
        "Mobile": "3440955686",
        "Name": "SHAMS SHAMS",
        "CNIC": "1610132849336",
        "ADDRESS": "BAGHICHA DHERI MARDAN MOHALA ADAB HOUSE BAGHICHA D"
    },
    "timestamp": "2024-07-14 14:14:28"
}{
    "0": {
        "Mobile": "3146469436",
        "Name": "Mumtaz Bi Bi",
        "CNIC": "3120186250086",
        "ADDRESS": "no"
    },
    "timestamp": "2024-07-14 14:15:56"
}{
    "0": {
        "Mobile": "3079130430",
        "Name": "SAJJAD AHMAD",
        "CNIC": "3710453399719",
        "ADDRESS": "HADO WALI JAND KOTAY WALI ATTO CK Attock"
    },
    "1": {
        "Mobile": "3469592245",
        "Name": "SAJJAD AHMAD",
        "CNIC": "3710453399719",
        "ADDRESS": "DAAK KHANA HADO WALI KOTAY WALI TEHSIL JAND DISTRI"
    },
    "2": {
        "Mobile": "3319162934",
        "Name": "SAJJAD AHMAD",
        "CNIC": "3710453399719",
        "ADDRESS": "DAAK KHANA HADO WALI KOTAY WALI TEHSIL JAND DISTRI"
    },
    "3": {
        "Mobile": "3431558880",
        "Name": "SAJJAD AHMAD",
        "CNIC": "3710453399719",
        "ADDRESS": "DAAK KHANA HADO WALI KOTAY WALI TEHSIL JAND DISTRI"
    },
    "4": {
        "Mobile": "3451518565",
        "Name": "SAJJAD AHMAD",
        "CNIC": "3710453399719",
        "ADDRESS": "DAAK KHANA HADO WALI KOTAY WALI TEHSIL JAND DISTRI"
    },
    "5": {
        "Mobile": "3475114205",
        "Name": "SAJJAD AHMAD",
        "CNIC": "3710453399719",
        "ADDRESS": "DAAK KHANA HADO WALI KOTAY WALI TEHSIL JAND DISTRI"
    },
    "timestamp": "2024-07-14 14:18:43"
}{
    "0": {
        "Mobile": "3440955686",
        "Name": "SHAMS SHAMS",
        "CNIC": "1610132849336",
        "ADDRESS": "BAGHICHA DHERI MARDAN MOHALA ADAB HOUSE BAGHICHA D"
    },
    "1": {
        "Mobile": "3440955686",
        "Name": "SHAMS SHAMS",
        "CNIC": "1610132849336",
        "ADDRESS": "BAGHICHA DHERI MARDAN MOHALA ADAB HOUSE BAGHICHA D"
    },
    "timestamp": "2024-07-14 14:19:10"
}{
    "0": {
        "Mobile": "3405812532",
        "Name": "SHAMS SHAMS",
        "CNIC": "1610132849336",
        "ADDRESS": "BAGHICHA DHERI MARDAN MOHALA ADAB HOUSE BAGHICHA D"
    },
    "1": {
        "Mobile": "3483352812",
        "Name": "SHAMS SHAMS",
        "CNIC": "1610132849336",
        "ADDRESS": "BAGHICHA DHERI MARDAN MOHALA ADAB HOUSE BAGHICHA D"
    },
    "2": {
        "Mobile": "3440955686",
        "Name": "SHAMS SHAMS",
        "CNIC": "1610132849336",
        "ADDRESS": "BAGHICHA DHERI MARDAN MOHALA ADAB HOUSE BAGHICHA D"
    },
    "3": {
        "Mobile": "3165950120",
        "Name": "Shams  cust",
        "CNIC": "1610132849336",
        "ADDRESS": "no"
    },
    "timestamp": "2024-07-14 14:19:31"
}{
    "0": {
        "Mobile": "3146469436",
        "Name": "Mumtaz Bi Bi",
        "CNIC": "3120186250086",
        "ADDRESS": "no"
    },
    "timestamp": "2024-07-14 14:20:31"
}{
    "0": {
        "Mobile": "3084682654",
        "Name": "MUMTAZ BI BI .",
        "CNIC": "3120186250086",
        "ADDRESS": "Sial Colony , Nasir Shaheed Road  Pakistan"
    },
    "1": {
        "Mobile": "3090826431",
        "Name": "MUMTAZ BI BI .",
        "CNIC": "3120186250086",
        "ADDRESS": "Sial Colony , Nasir Shaheed Road  Pakistan"
    },
    "2": {
        "Mobile": "3146469436",
        "Name": "Mumtaz Bi Bi",
        "CNIC": "3120186250086",
        "ADDRESS": "no"
    },
    "timestamp": "2024-07-14 14:20:49"
}{
    "0": {
        "Mobile": "3228739225",
        "Name": "SHAISTA PARVEEN .",
        "CNIC": "3660270926384",
        "ADDRESS": "RASOOL PURA NAZD IQBAL OIL MILLS MAILSI VEHARI  VEHARI G.P.O."
    },
    "timestamp": "2024-07-14 15:31:25"
}{
    "0": {
        "Mobile": "3228739225",
        "Name": "SHAISTA PARVEEN .",
        "CNIC": "3660270926384",
        "ADDRESS": "RASOOL PURA NAZD IQBAL OIL MILLS MAILSI VEHARI  VEHARI G.P.O."
    },
    "timestamp": "2024-07-14 15:31:42"
}{
    "0": {
        "Mobile": "3067622100",
        "Name": "SAJIDA AKHTAR",
        "CNIC": "3630278596916",
        "ADDRESS": "1284\/33-C12 MULTAN QADEER ABAD KACHAHRI ROAD MULTAN MULTAN Lahore"
    },
    "timestamp": "2024-07-14 15:32:12"
}{
    "0": {
        "Mobile": "3067622100",
        "Name": "SAJIDA AKHTAR",
        "CNIC": "3630278596916",
        "ADDRESS": "1284\/33-C12 MULTAN QADEER ABAD KACHAHRI ROAD MULTAN MULTAN Lahore"
    },
    "1": {
        "Mobile": "3027392117",
        "Name": "SAJIDA AKHTAR",
        "CNIC": "3630278596916",
        "ADDRESS": "1284\/33-C12 MULTAN QADEER ABAD KACHAHRI ROAD MULTAN MULTAN Lahore"
    },
    "timestamp": "2024-07-14 15:32:30"
}{
    "0": {
        "Mobile": "3010713667",
        "Name": "SONIA SHAHZADI .",
        "CNIC": "3410115437392",
        "ADDRESS": "GUJRANWALA DHALAY MIN BAZAAR GUJRANWALA  GUJRANWALA G.P.O."
    },
    "1": {
        "Mobile": "3010713819",
        "Name": "SONIA SHAHZADI .",
        "CNIC": "3410115437392",
        "ADDRESS": "GUJRANWALA DHALAY MIN BAZAAR GUJRANWALA  GUJRANWALA G.P.O."
    },
    "2": {
        "Mobile": "3010713661",
        "Name": "SONIA SHAHZADI .",
        "CNIC": "3410115437392",
        "ADDRESS": "GUJRANWALA DHALAY MIN BAZAAR GUJRANWALA  GUJRANWALA G.P.O."
    },
    "timestamp": "2024-07-14 15:57:00"
}{
    "0": {
        "Mobile": "3328004124",
        "CNIC": null
    },
    "timestamp": "2024-07-14 17:19:10"
}{
    "timestamp": "2024-07-14 17:30:29"
}{
    "timestamp": "2024-07-14 17:44:36"
}{
    "timestamp": "2024-07-14 17:56:03"
}{
    "timestamp": "2024-07-14 18:02:00"
}{
    "timestamp": "2024-07-14 18:12:11"
}{
    "timestamp": "2024-07-14 18:12:20"
}{
    "0": {
        "Mobile": "3328323987",
        "Name": "SHABANA KAUSAR",
        "ADDRESS": "DAAK KHANA BEGWALA DO BURJI CH",
        "CNIC": "3460107872590"
    },
    "timestamp": "2024-07-14 18:12:47"
}{
    "0": {
        "Mobile": "3328323987",
        "Name": "SHABANA KAUSAR",
        "ADDRESS": "DAAK KHANA BEGWALA DO BURJI CH",
        "CNIC": "3460107872590"
    },
    "timestamp": "2024-07-14 18:13:00"
}{
    "0": {
        "Mobile": "3055565113",
        "Name": "ATTIA WAHEED .",
        "CNIC": "3740209659308",
        "ADDRESS": "HOUSE NUMBER 9 STREET NUMBER 7 FACTORY AREA MOHALA AL AZIZ FAISAL ABAD TEHSIL FAISAL ABAD CITY DIST"
    },
    "timestamp": "2024-07-14 18:15:24"
}{
    "0": {
        "Mobile": "3328004124",
        "CNIC": null
    },
    "timestamp": "2024-07-14 18:19:46"
}{
    "0": {
        "Mobile": "3328004124",
        "CNIC": null
    },
    "timestamp": "2024-07-14 18:20:41"
}{
    "timestamp": "2024-07-14 18:20:52"
}{
    "timestamp": "2024-07-14 18:21:03"
}{
    "0": {
        "Mobile": "3319714796",
        "Name": "RIAZ HUSSAIN",
        "ADDRESS": "UMER KWTRWJHANQADRHRAJN PUR",
        "CNIC": "3240413936407"
    },
    "timestamp": "2024-07-14 18:21:53"
}{
    "0": {
        "Mobile": "3124332188",
        "Name": "muhammad usman saleem",
        "CNIC": "3520227715309",
        "ADDRESS": "no"
    },
    "timestamp": "2024-07-14 18:22:02"
}{
    "0": {
        "Mobile": "3116528656",
        "Name": "kaleem  ullah",
        "CNIC": "3240333672691",
        "ADDRESS": "no"
    },
    "timestamp": "2024-07-14 18:22:15"
}{
    "0": {
        "Mobile": "3055565113",
        "Name": "ATTIA WAHEED .",
        "CNIC": "3740209659308",
        "ADDRESS": "HOUSE NUMBER 9 STREET NUMBER 7 FACTORY AREA MOHALA AL AZIZ FAISAL ABAD TEHSIL FAISAL ABAD CITY DIST"
    },
    "timestamp": "2024-07-14 18:22:24"
}{
    "0": {
        "Mobile": "3116528656",
        "Name": "kaleem  ullah",
        "CNIC": "3240333672691",
        "ADDRESS": "no"
    },
    "timestamp": "2024-07-14 18:22:46"
}{
    "0": {
        "Mobile": "3055565113",
        "Name": "ATTIA WAHEED .",
        "CNIC": "3740209659308",
        "ADDRESS": "HOUSE NUMBER 9 STREET NUMBER 7 FACTORY AREA MOHALA AL AZIZ FAISAL ABAD TEHSIL FAISAL ABAD CITY DIST"
    },
    "timestamp": "2024-07-14 18:32:15"
}{
    "0": {
        "Mobile": "3124332188",
        "Name": "muhammad usman saleem",
        "CNIC": "3520227715309",
        "ADDRESS": "no"
    },
    "timestamp": "2024-07-14 18:32:35"
}{
    "0": {
        "Mobile": "3338135520",
        "Name": "IMC PMO",
        "CNIC": "3740615752053",
        "ADDRESS": "no"
    },
    "timestamp": "2024-07-14 18:34:53"
}{
    "0": {
        "Mobile": "3124332188",
        "Name": "muhammad usman saleem",
        "CNIC": "3520227715309",
        "ADDRESS": "no"
    },
    "timestamp": "2024-07-14 18:48:57"
}{
    "0": {
        "Mobile": "3124332188",
        "Name": "muhammad usman saleem",
        "CNIC": "3520227715309",
        "ADDRESS": "no"
    },
    "timestamp": "2024-07-14 18:49:56"
}{
    "0": {
        "Mobile": "3124332188",
        "Name": "muhammad usman saleem",
        "CNIC": "3520227715309",
        "ADDRESS": "no"
    },
    "timestamp": "2024-07-14 18:50:45"
}{
    "0": {
        "Mobile": "3328004124",
        "CNIC": null
    },
    "timestamp": "2024-07-14 18:51:52"
}{
    "0": {
        "Mobile": "3338135520",
        "Name": "IMC PMO",
        "CNIC": "3740615752053",
        "ADDRESS": "no"
    },
    "timestamp": "2024-07-14 18:52:27"
}{
    "0": {
        "Mobile": "3055565113",
        "Name": "ATTIA WAHEED .",
        "CNIC": "3740209659308",
        "ADDRESS": "HOUSE NUMBER 9 STREET NUMBER 7 FACTORY AREA MOHALA AL AZIZ FAISAL ABAD TEHSIL FAISAL ABAD CITY DIST"
    },
    "timestamp": "2024-07-14 19:17:28"
}{
    "0": {
        "Mobile": "3055565113",
        "Name": "ATTIA WAHEED .",
        "CNIC": "3740209659308",
        "ADDRESS": "HOUSE NUMBER 9 STREET NUMBER 7 FACTORY AREA MOHALA AL AZIZ FAISAL ABAD TEHSIL FAISAL ABAD CITY DIST"
    },
    "timestamp": "2024-07-14 19:18:08"
}{
    "0": {
        "Mobile": "3055565113",
        "Name": "ATTIA WAHEED .",
        "CNIC": "3740209659308",
        "ADDRESS": "HOUSE NUMBER 9 STREET NUMBER 7 FACTORY AREA MOHALA AL AZIZ FAISAL ABAD TEHSIL FAISAL ABAD CITY DIST"
    },
    "timestamp": "2024-07-14 19:22:23"
}{
    "0": {
        "Mobile": "3055565113",
        "Name": "ATTIA WAHEED .",
        "CNIC": "3740209659308",
        "ADDRESS": "HOUSE NUMBER 9 STREET NUMBER 7 FACTORY AREA MOHALA AL AZIZ FAISAL ABAD TEHSIL FAISAL ABAD CITY DIST"
    },
    "timestamp": "2024-07-14 19:23:57"
}{
    "0": {
        "Mobile": "3124332188",
        "Name": "muhammad usman saleem",
        "CNIC": "3520227715309",
        "ADDRESS": "no"
    },
    "timestamp": "2024-07-14 19:30:36"
}{
    "0": {
        "Mobile": "3055565113",
        "Name": "ATTIA WAHEED .",
        "CNIC": "3740209659308",
        "ADDRESS": "HOUSE NUMBER 9 STREET NUMBER 7 FACTORY AREA MOHALA AL AZIZ FAISAL ABAD TEHSIL FAISAL ABAD CITY DIST"
    },
    "timestamp": "2024-07-14 19:31:03"
}{
    "0": {
        "Mobile": "3055565113",
        "Name": "ATTIA WAHEED .",
        "CNIC": "3740209659308",
        "ADDRESS": "HOUSE NUMBER 9 STREET NUMBER 7 FACTORY AREA MOHALA AL AZIZ FAISAL ABAD TEHSIL FAISAL ABAD CITY DIST"
    },
    "timestamp": "2024-07-14 19:31:32"
}{
    "0": {
        "Mobile": "3055565114",
        "Name": "SHAHID IMRAN .",
        "CNIC": "3840353735899",
        "ADDRESS": "DAAK KHANA KHAS CHAK NUMBER 114 S B TEH HSIL SARGODHA DISTRICT SARGODHA G.P.O"
    },
    "timestamp": "2024-07-14 19:35:29"
}