{
    "0": {
        "Mobile": "3329714796",
        "Name": "RAZ MUHAMMAD\",,\"1710103793103",
        "ADDRESS": null,
        "CNIC": null
    },
    "timestamp": "2024-07-15 02:14:23"
}{
    "0": {
        "Mobile": "3319714796",
        "Name": "RIAZ HUSSAIN",
        "ADDRESS": "UMER KWTRWJHANQADRHRAJN PUR",
        "CNIC": "3240413936407"
    },
    "timestamp": "2024-07-15 02:14:59"
}{
    "0": {
        "Mobile": "3319714796",
        "Name": "RIAZ HUSSAIN",
        "ADDRESS": "UMER KWTRWJHANQADRHRAJN PUR",
        "CNIC": "3240413936407"
    },
    "timestamp": "2024-07-15 02:15:16"
}{
    "0": {
        "Mobile": "3098439092",
        "Name": "RAMZANA B B .",
        "CNIC": "3610363510396",
        "ADDRESS": "DAAK KHANA KHANEWAL CHAK NUMBER  KHANEWAL G.P.O."
    },
    "timestamp": "2024-07-15 03:18:06"
}{
    "0": {
        "Mobile": "3053268426",
        "Name": "ABID HUSSAIN .",
        "CNIC": "4250193976209",
        "ADDRESS": "9140001981696 NA  PAKISTAN"
    },
    "timestamp": "2024-07-15 07:51:36"
}{
    "0": {
        "Mobile": "3055565113",
        "Name": "ATTIA WAHEED .",
        "CNIC": "3740209659308",
        "ADDRESS": "HOUSE NUMBER 9 STREET NUMBER 7 FACTORY AREA MOHALA AL AZIZ FAISAL ABAD TEHSIL FAISAL ABAD CITY DIST"
    },
    "timestamp": "2024-07-15 09:11:44"
}{
    "0": {
        "Mobile": "3124332188",
        "Name": "muhammad usman saleem",
        "CNIC": "3520227715309",
        "ADDRESS": "no"
    },
    "timestamp": "2024-07-15 09:33:39"
}{
    "0": {
        "Mobile": "3124332188",
        "Name": "muhammad usman saleem",
        "CNIC": "3520227715309",
        "ADDRESS": "no"
    },
    "timestamp": "2024-07-15 09:34:05"
}{
    "0": {
        "Mobile": "3328004124",
        "CNIC": null
    },
    "timestamp": "2024-07-15 09:51:34"
}{
    "0": {
        "Mobile": "3215340841",
        "Name": "ATTIA WAHEED .",
        "CNIC": "3740209659308",
        "ADDRESS": "HOUSE NUMBER 9 STREET NUMBER 7 FACTORY AREA MOHALA AL AZIZ FAISAL ABAD TEHSIL FAISAL ABAD CITY DIST"
    },
    "timestamp": "2024-07-15 10:02:51"
}{
    "0": {
        "Mobile": "3088530188",
        "Name": "RASHID MEHMOOD .",
        "CNIC": "3730118861489",
        "ADDRESS": "KALA GJRANJHLMKWTH PRANHJHLM KALA GJRANJHLMKWTH PRANHJHLM Jhelum"
    },
    "1": {
        "Mobile": "3009533997",
        "Name": "RASHID MEHMOOD .",
        "CNIC": "3730118861489",
        "ADDRESS": "KALA GJRANJHLMKWTH PRANHJHLM KALA GJRANJHLMKWTH PRANHJHLM Jhelum"
    },
    "2": {
        "Mobile": "3339969181",
        "Name": "Rashid Mehmood",
        "ADDRESS": "City Kotha Praina Tehsil\/Distr",
        "CNIC": "3730118861489"
    },
    "timestamp": "2024-07-15 10:31:13"
}{
    "0": {
        "Mobile": "3036448912",
        "Name": "KALEEM ALLAH",
        "CNIC": "3240333672691",
        "ADDRESS": "ROJHAAN ROJHAAN QADIRA RAJAN PUR"
    },
    "timestamp": "2024-07-15 10:31:57"
}{
    "0": {
        "Mobile": "3132155300",
        "Name": "DATA NOT RECIEVED FROM NADRA",
        "CNIC": "4210173125119",
        "ADDRESS": "no"
    },
    "timestamp": "2024-07-15 10:33:52"
}{
    "0": {
        "Mobile": "3004170406",
        "Name": "KHIZAR AMEER .",
        "CNIC": "3720161789045",
        "ADDRESS": "KHAS CHAKWAL DOLHA  CHAKWAL G.P.O."
    },
    "timestamp": "2024-07-15 10:36:18"
}{
    "0": {
        "Mobile": "3318544312",
        "CNIC": null
    },
    "timestamp": "2024-07-15 10:38:20"
}{
    "timestamp": "2024-07-15 10:40:38"
}{
    "0": {
        "Mobile": "3035841789",
        "Name": "ZAIN AL ABADEEN .",
        "CNIC": "3740703955381",
        "ADDRESS": "HOUSE NUMBER 9 STREET NUMBER 7 FACTORY AREA MOHALA AL AZIZ FAISAL ABAD TEHSIL FAISAL ABAD CITY D"
    },
    "timestamp": "2024-07-15 10:41:20"
}{
    "timestamp": "2024-07-15 10:42:04"
}{
    "timestamp": "2024-07-15 10:44:42"
}{
    "timestamp": "2024-07-15 10:48:39"
}{
    "timestamp": "2024-07-15 10:52:03"
}{
    "timestamp": "2024-07-15 10:53:00"
}{
    "timestamp": "2024-07-15 10:58:00"
}{
    "timestamp": "2024-07-15 11:05:54"
}{
    "timestamp": "2024-07-15 11:07:59"
}{
    "timestamp": "2024-07-15 11:09:26"
}{
    "timestamp": "2024-07-15 11:10:07"
}{
    "timestamp": "2024-07-15 11:10:19"
}{
    "timestamp": "2024-07-15 11:20:46"
}{
    "timestamp": "2024-07-15 11:20:57"
}{
    "timestamp": "2024-07-15 11:21:25"
}{
    "timestamp": "2024-07-15 11:21:47"
}{
    "timestamp": "2024-07-15 11:22:41"
}{
    "timestamp": "2024-07-15 11:23:11"
}{
    "timestamp": "2024-07-15 11:23:28"
}{
    "timestamp": "2024-07-15 11:23:42"
}{
    "timestamp": "2024-07-15 11:23:47"
}{
    "timestamp": "2024-07-15 11:24:09"
}{
    "timestamp": "2024-07-15 11:24:13"
}{
    "timestamp": "2024-07-15 11:26:00"
}{
    "timestamp": "2024-07-15 11:26:20"
}{
    "timestamp": "2024-07-15 11:26:40"
}{
    "timestamp": "2024-07-15 11:29:26"
}{
    "timestamp": "2024-07-15 11:29:49"
}{
    "timestamp": "2024-07-15 11:29:51"
}{
    "timestamp": "2024-07-15 11:29:53"
}{
    "timestamp": "2024-07-15 11:29:55"
}{
    "timestamp": "2024-07-15 11:29:55"
}{
    "timestamp": "2024-07-15 11:30:27"
}{
    "timestamp": "2024-07-15 11:30:46"
}{
    "timestamp": "2024-07-15 11:31:00"
}{
    "timestamp": "2024-07-15 11:31:17"
}{
    "timestamp": "2024-07-15 11:31:20"
}{
    "0": {
        "Mobile": "3101909932",
        "Name": "DATA NOT RECIEVED FROM NADRA",
        "CNIC": "1730189472683",
        "ADDRESS": "no"
    },
    "timestamp": "2024-07-15 11:35:56"
}{
    "0": {
        "Mobile": "3132155300",
        "Name": "DATA NOT RECIEVED FROM NADRA",
        "CNIC": "4210173125119",
        "ADDRESS": "no"
    },
    "timestamp": "2024-07-15 11:36:24"
}{
    "0": {
        "Mobile": "3132155300",
        "Name": "DATA NOT RECIEVED FROM NADRA",
        "CNIC": "4210173125119",
        "ADDRESS": "no"
    },
    "timestamp": "2024-07-15 11:36:37"
}{
    "0": {
        "Mobile": "3070368851",
        "Name": "TASWER IQBAL",
        "CNIC": "4210173125119",
        "ADDRESS": "H # 421 SEC # 11-E ORANGI TOWN Karachi"
    },
    "1": {
        "Mobile": "3452897339",
        "Name": "TASAWWAR IQBAL",
        "CNIC": "4210173125119",
        "ADDRESS": "THOHA BAHADUR CHAKWAL THOHA BAHADUR CHAKWAL"
    },
    "2": {
        "Mobile": "3132155300",
        "Name": "DATA NOT RECIEVED FROM NADRA",
        "CNIC": "4210173125119",
        "ADDRESS": "no"
    },
    "3": {
        "Mobile": "3166699127",
        "Name": "DATA NOT RECIEVED FROM NADRA",
        "CNIC": "4210173125119",
        "ADDRESS": "no"
    },
    "timestamp": "2024-07-15 11:36:46"
}{
    "timestamp": "2024-07-15 11:40:22"
}{
    "timestamp": "2024-07-15 11:40:55"
}{
    "timestamp": "2024-07-15 11:41:04"
}{
    "timestamp": "2024-07-15 11:41:16"
}{
    "0": {
        "Mobile": "3035841789",
        "Name": "ZAIN AL ABADEEN .",
        "CNIC": "3740703955381",
        "ADDRESS": "HOUSE NUMBER 9 STREET NUMBER 7 FACTORY AREA MOHALA AL AZIZ FAISAL ABAD TEHSIL FAISAL ABAD CITY D"
    },
    "timestamp": "2024-07-15 11:41:56"
}{
    "0": {
        "Mobile": "3373173983",
        "Name": "BANK AL-HABIB LIMITED",
        "ADDRESS": "PRINCIPAL OFFICE: MACKINNONS B",
        "CNIC": "3720103705527"
    },
    "timestamp": "2024-07-15 11:45:05"
}{
    "0": {
        "Mobile": "3373172667",
        "Name": "BANK AL-HABIB LIMITED",
        "ADDRESS": "2ND FLOOR MACKINNONS BUILDING",
        "CNIC": "3720103705527"
    },
    "1": {
        "Mobile": "3373173983",
        "Name": "BANK AL-HABIB LIMITED",
        "ADDRESS": "PRINCIPAL OFFICE: MACKINNONS B",
        "CNIC": "3720103705527"
    },
    "2": {
        "Mobile": "3373173882",
        "Name": "BANK AL-HABIB LIMITED",
        "ADDRESS": "MR. ADEEL RUSTAM 2ND FLOOR MAC",
        "CNIC": "3720103705527"
    },
    "timestamp": "2024-07-15 11:45:42"
}{
    "0": {
        "Mobile": "3319714796",
        "Name": "RIAZ HUSSAIN",
        "ADDRESS": "UMER KWTRWJHANQADRHRAJN PUR",
        "CNIC": "3240413936407"
    },
    "timestamp": "2024-07-15 11:51:09"
}{
    "0": {
        "Mobile": "3319714796",
        "Name": "RIAZ HUSSAIN",
        "ADDRESS": "UMER KWTRWJHANQADRHRAJN PUR",
        "CNIC": "3240413936407"
    },
    "timestamp": "2024-07-15 11:57:29"
}{
    "0": {
        "Mobile": "3116528656",
        "Name": "kaleem  ullah",
        "CNIC": "3240333672691",
        "ADDRESS": "no"
    },
    "timestamp": "2024-07-15 11:57:50"
}{
    "0": {
        "Mobile": "3095540129",
        "Name": "MUHAMMAD IQBAL",
        "CNIC": "3510230534235",
        "ADDRESS": "KHADIYAAN KHAS KASUR JATYAN KA SUR Lahore"
    },
    "timestamp": "2024-07-15 11:59:38"
}{
    "0": {
        "Mobile": "3247025497",
        "Name": "SHAKEELAN .",
        "CNIC": "3640221840872",
        "ADDRESS": "KARKHANA HAJI KHURSHID ROAD MOHALA KACH HI ABADI PAK PATTAN SHARIF PAK PATTAN SHARIF G.P.O."
    },
    "timestamp": "2024-07-15 11:59:53"
}{
    "0": {
        "Mobile": "3319714796",
        "Name": "RIAZ HUSSAIN",
        "ADDRESS": "UMER KWTRWJHANQADRHRAJN PUR",
        "CNIC": "3240413936407"
    },
    "timestamp": "2024-07-15 12:08:53"
}{
    "0": {
        "Mobile": "3116528656",
        "Name": "kaleem  ullah",
        "CNIC": "3240333672691",
        "ADDRESS": "no"
    },
    "timestamp": "2024-07-15 12:09:24"
}{
    "0": {
        "Mobile": "3116528656",
        "Name": "kaleem  ullah",
        "CNIC": "3240333672691",
        "ADDRESS": "no"
    },
    "timestamp": "2024-07-15 12:10:58"
}{
    "0": {
        "Mobile": "3328004124",
        "CNIC": null
    },
    "timestamp": "2024-07-15 12:12:55"
}{
    "0": {
        "Mobile": "3319714796",
        "Name": "RIAZ HUSSAIN",
        "ADDRESS": "UMER KWTRWJHANQADRHRAJN PUR",
        "CNIC": "3240413936407"
    },
    "timestamp": "2024-07-15 12:13:32"
}{
    "0": {
        "Mobile": "3116528656",
        "Name": "kaleem  ullah",
        "CNIC": "3240333672691",
        "ADDRESS": "no"
    },
    "timestamp": "2024-07-15 12:13:54"
}{
    "0": {
        "Mobile": "3095528129",
        "Name": "PARVEEN .",
        "CNIC": "3520242109168",
        "ADDRESS": "DAAK KHANA KHAS MANAK TEHSIL LAHORE DIS STRICT LAHORE PAKISTAN"
    },
    "timestamp": "2024-07-15 12:14:18"
}{
    "0": {
        "Mobile": "3247026497",
        "Name": "ALI AKHTAR",
        "CNIC": "3240429776625",
        "ADDRESS": "KHAS UMER KOT THL ROJHAN DIST RAJANPUR  Pakistan"
    },
    "timestamp": "2024-07-15 12:14:54"
}{
    "0": {
        "Mobile": "3445528645",
        "Name": "MUNEER AHMAD",
        "CNIC": "1330275870839",
        "ADDRESS": "KOT NAJEEB ALLAH HARI PUR MOTIAN HARI PUR"
    },
    "timestamp": "2024-07-15 12:15:05"
}{
    "0": {
        "Mobile": "3055565113",
        "Name": "ATTIA WAHEED .",
        "CNIC": "3740209659308",
        "ADDRESS": "HOUSE NUMBER 9 STREET NUMBER 7 FACTORY AREA MOHALA AL AZIZ FAISAL ABAD TEHSIL FAISAL ABAD CITY DIST"
    },
    "timestamp": "2024-07-15 12:31:49"
}{
    "timestamp": "2024-07-15 12:32:12"
}{
    "timestamp": "2024-07-15 12:41:29"
}{
    "timestamp": "2024-07-15 12:41:39"
}{
    "timestamp": "2024-07-15 12:41:47"
}{
    "timestamp": "2024-07-15 12:49:08"
}{
    "timestamp": "2024-07-15 12:49:21"
}{
    "timestamp": "2024-07-15 12:50:08"
}{
    "timestamp": "2024-07-15 12:50:12"
}{
    "timestamp": "2024-07-15 12:50:52"
}{
    "timestamp": "2024-07-15 13:03:30"
}{
    "timestamp": "2024-07-15 13:36:06"
}{
    "0": {
        "Mobile": "3055565113",
        "Name": "ATTIA WAHEED .",
        "CNIC": "3740209659308",
        "ADDRESS": "HOUSE NUMBER 9 STREET NUMBER 7 FACTORY AREA MOHALA AL AZIZ FAISAL ABAD TEHSIL FAISAL ABAD CITY DIST"
    },
    "timestamp": "2024-07-15 13:43:39"
}{
    "0": {
        "Mobile": "3328004124",
        "CNIC": null
    },
    "timestamp": "2024-07-15 13:45:06"
}{
    "0": {
        "Mobile": "3055565113",
        "Name": "ATTIA WAHEED .",
        "CNIC": "3740209659308",
        "ADDRESS": "HOUSE NUMBER 9 STREET NUMBER 7 FACTORY AREA MOHALA AL AZIZ FAISAL ABAD TEHSIL FAISAL ABAD CITY DIST"
    },
    "timestamp": "2024-07-15 13:48:06"
}{
    "0": {
        "Mobile": "3027172698",
        "Name": "AIRISH RIAZ .",
        "CNIC": "3310269678735",
        "ADDRESS": "HOUSE NUMBER 1073-P STREET NUMBER 1 MOHALA CHAMAN ZAR COLONY FAISALABAD TEHSIL FAISALABAD CITY DISTR"
    },
    "timestamp": "2024-07-15 13:49:16"
}{
    "0": {
        "Mobile": "3055565113",
        "Name": "ATTIA WAHEED .",
        "CNIC": "3740209659308",
        "ADDRESS": "HOUSE NUMBER 9 STREET NUMBER 7 FACTORY AREA MOHALA AL AZIZ FAISAL ABAD TEHSIL FAISAL ABAD CITY DIST"
    },
    "timestamp": "2024-07-15 13:56:21"
}{
    "0": {
        "Mobile": "3055565113",
        "Name": "ATTIA WAHEED .",
        "CNIC": "3740209659308",
        "ADDRESS": "HOUSE NUMBER 9 STREET NUMBER 7 FACTORY AREA MOHALA AL AZIZ FAISAL ABAD TEHSIL FAISAL ABAD CITY DIST"
    },
    "timestamp": "2024-07-15 13:58:22"
}{
    "0": {
        "Mobile": "3055565113",
        "Name": "ATTIA WAHEED .",
        "CNIC": "3740209659308",
        "ADDRESS": "HOUSE NUMBER 9 STREET NUMBER 7 FACTORY AREA MOHALA AL AZIZ FAISAL ABAD TEHSIL FAISAL ABAD CITY DIST"
    },
    "timestamp": "2024-07-15 14:02:35"
}{
    "0": {
        "Mobile": "3124332188",
        "Name": "muhammad usman saleem",
        "CNIC": "3520227715309",
        "ADDRESS": "no"
    },
    "timestamp": "2024-07-15 14:03:35"
}{
    "0": {
        "Mobile": "3217592991",
        "Name": "ALI IMRAN .",
        "CNIC": "3310241392733",
        "ADDRESS": "HOUSE NUMBER 510 STREET NUMBER 3 JHAL KHANWANA MOHALA FATEHABAD GHARBI FAISALABAD TEHSIL FAISALABAD CI"
    },
    "timestamp": "2024-07-15 14:05:44"
}