{
    "status": 100,
    "data": [
        {
            "mobile": "3367878529",
            "name": "ahtesham ud din",
            "cnic": "1730104679871",
            "address": "House No 2 Street No 4 d PESHA"
        },
        {
            "mobile": "3229200747",
            "name": "AHTESHAM UD DIN .",
            "cnic": "1730104679871",
            "address": null
        }
    ],
    "timestamp": "2024-03-15 00:53:49"
}{
    "status": 100,
    "data": [
        {
            "mobile": "3170235521",
            "name": "Muhammad  Gulzar",
            "cnic": "3660339986993",
            "address": null
        },
        {
            "mobile": "3170235521",
            "name": "shah  bibi",
            "cnic": "5120217390424",
            "address": null
        }
    ],
    "timestamp": "2024-03-15 01:47:24"
}{
    "status": 100,
    "data": [
        {
            "mobile": "3087354635",
            "name": "NASIRA BIBI .",
            "cnic": "3610266708508",
            "address": null
        }
    ],
    "timestamp": "2024-03-15 01:59:29"
}{
    "status": 100,
    "data": [
        {
            "mobile": "3073254548",
            "name": "MUHAMMAD NAUMAN TAUQEER .",
            "cnic": "3330303684295",
            "address": "DAAK KHANA CHAK NUMBER 316 G B CHAK 303 G B NOORAN PUR Tooba Tek Singh"
        },
        {
            "mobile": "3073254548",
            "name": "SIKANDAR ALI .",
            "cnic": "4420693583675",
            "address": "GOTH KHAIRU KALOIE DAAK KHANA DATRO SHARIF BANN TEHSIL TANDO ADAM DISTRICT SANGHAR  SANGHAR G.P.O."
        }
    ],
    "timestamp": "2024-03-15 03:36:59"
}{
    "status": 100,
    "message": "No record Found",
    "timestamp": "2024-03-15 04:34:32"
}{
    "status": 100,
    "data": [
        {
            "mobile": "3164585340",
            "name": "hanifan  bibi",
            "cnic": "3510312637002",
            "address": null
        },
        {
            "mobile": "3170435115",
            "name": "hanifan  bibi",
            "cnic": "3510312637002",
            "address": null
        },
        {
            "mobile": "3034054627",
            "name": "HANEEFAN B B .",
            "cnic": "3510312637002",
            "address": null
        },
        {
            "mobile": "3408240918",
            "name": "HANEEFAN B B",
            "cnic": "3510312637002",
            "address": "JHAGIYAN DHANA SINGH DAAK KHANA KHAS GOHARRH GULAB"
        },
        {
            "mobile": "3403716640",
            "name": "HANEEFAN B B",
            "cnic": "3510312637002",
            "address": "JHAGIYAN DHANA SINGH DAAK KHANA KHAS GOHARRH GULAB"
        },
        {
            "mobile": "3094291518",
            "name": "HANEEFAN B B .",
            "cnic": "3510312637002",
            "address": "JHAGIYAN DHANA SINGH DAAK KHANA KHAS GOHARRH GULAB SINGH TEHSIL PATTOKI DISTRICT KASUR  KASUR G.P.O"
        },
        {
            "mobile": "3164583292",
            "name": "hanifan  bibi",
            "cnic": "3510312637002",
            "address": null
        },
        {
            "mobile": "3094289470",
            "name": "HANEEFAN B B .",
            "cnic": "3510312637002",
            "address": "JHAGIYAN DHANA SINGH DAAK KHANA KHAS GOHARRH GULAB SINGH TEHSIL PATTOKI DISTRICT KASUR  KASUR G.P.O"
        }
    ],
    "timestamp": "2024-03-15 04:49:39"
}{
    "status": 100,
    "message": "No record Found",
    "timestamp": "2024-03-15 04:51:25"
}{
    "status": 100,
    "message": "No record Found",
    "timestamp": "2024-03-15 05:10:44"
}{
    "status": 100,
    "data": [
        {
            "mobile": "3447979904",
            "name": "HUSSNAIN SAGHEER",
            "cnic": "3840142632537",
            "address": "HOUSE NUMBER 385 GALAI NUMBER 13 MOHALA SULEMAN PURA BHALWAAL ZILAH SARGODHA"
        }
    ],
    "timestamp": "2024-03-15 05:10:56"
}{
    "status": 100,
    "message": "No record Found",
    "timestamp": "2024-03-15 05:11:49"
}{
    "status": 100,
    "data": [
        {
            "mobile": "3037274666",
            "name": "MUSTAEEN UR REHMAN .",
            "cnic": "3430128392827",
            "address": null
        }
    ],
    "timestamp": "2024-03-15 05:12:38"
}{
    "status": 100,
    "message": "No record Found",
    "timestamp": "2024-03-15 05:12:59"
}{
    "status": 100,
    "data": [
        {
            "mobile": "3082900467",
            "name": "KASHIF BILAL .",
            "cnic": "3830276878627",
            "address": null
        }
    ],
    "timestamp": "2024-03-15 05:14:31"
}{
    "status": 100,
    "message": "No record Found",
    "timestamp": "2024-03-15 05:16:26"
}{
    "status": 100,
    "data": [
        {
            "mobile": "3248938464",
            "name": "MARIA .",
            "cnic": "EL21794146365",
            "address": null
        }
    ],
    "timestamp": "2024-03-15 05:16:45"
}{
    "status": 100,
    "message": "No record Found",
    "timestamp": "2024-03-15 05:20:03"
}{
    "status": 100,
    "message": "No record Found",
    "timestamp": "2024-03-15 05:26:50"
}{
    "status": 100,
    "message": "No record Found",
    "timestamp": "2024-03-15 05:27:01"
}{
    "status": 100,
    "data": [
        {
            "mobile": "3110451119",
            "name": "DATA NOT RECIEVED FROM NADRA",
            "cnic": "3710325354425",
            "address": null
        }
    ],
    "timestamp": "2024-03-15 05:27:57"
}{
    "status": 100,
    "data": [
        {
            "mobile": "3429553415",
            "name": "SHEIR NAWAB",
            "cnic": "1540216111681",
            "address": "DAAK KHANA THANA KAFAR KOT TEHSIL SAWAT RANIZAI DI"
        }
    ],
    "timestamp": "2024-03-15 05:45:16"
}{
    "status": 100,
    "data": [
        {
            "mobile": "3456516617",
            "name": null,
            "cnic": "1560143560287",
            "address": null
        },
        {
            "mobile": "3456516617",
            "name": "MUHAMMAD HAFEEZ",
            "cnic": "3540105493327",
            "address": "MUREEDKAY MUSLIM PARK NARANG SHEKHUPURA"
        }
    ],
    "timestamp": "2024-03-15 06:00:08"
}{
    "status": 100,
    "message": "No record Found",
    "timestamp": "2024-03-15 06:06:54"
}{
    "status": 100,
    "message": "No record Found",
    "timestamp": "2024-03-15 06:25:52"
}{
    "status": 100,
    "data": [
        {
            "mobile": "3011326190",
            "name": "LAL KHAN .",
            "cnic": "3610404979019",
            "address": null
        }
    ],
    "timestamp": "2024-03-15 06:25:59"
}{
    "status": 100,
    "message": "No record Found",
    "timestamp": "2024-03-15 06:27:08"
}{
    "status": 100,
    "data": [
        {
            "mobile": "3404636073",
            "name": null,
            "cnic": "3210380452622",
            "address": null
        },
        {
            "mobile": "3404636073",
            "name": "HARIS ZADA",
            "cnic": "4210176956789",
            "address": "KARACHI NAZIMABAD WASTI U DIR COLONY NARTH NAZIM ABAD KARACHI WASTI"
        }
    ],
    "timestamp": "2024-03-15 06:29:55"
}{
    "status": 100,
    "data": [
        {
            "mobile": "3355821907",
            "name": "naseeb ullah",
            "cnic": "5440116272685",
            "address": "almanzoor SANGHAR"
        },
        {
            "mobile": "3332577134",
            "name": "naseeb ullah",
            "cnic": "5440116272685",
            "address": "jinnah QUETTA"
        },
        {
            "mobile": "3362597816",
            "name": "naseeb ullah",
            "cnic": "5440116272685",
            "address": "almanzoor SANGHAR"
        },
        {
            "mobile": "3312095304",
            "name": "naseeb ullah",
            "cnic": "5440116272685",
            "address": "almanzoor SANGHAR"
        }
    ],
    "timestamp": "2024-03-15 06:32:42"
}{
    "status": 100,
    "data": [
        {
            "mobile": "3240816035",
            "name": "TABASUM BATOOL .",
            "cnic": "4230141976538",
            "address": null
        },
        {
            "mobile": "3067814066",
            "name": "TABASUM BATOOL .",
            "cnic": "4230141976538",
            "address": "FLAT NUMBER 89 SINDH CLUB MOHALA FATIMA A JINNAH ROAD KARACHI SOUTH PAKISTAN"
        }
    ],
    "timestamp": "2024-03-15 06:45:35"
}{
    "status": 100,
    "message": "No record Found",
    "timestamp": "2024-03-15 06:48:05"
}{
    "status": 100,
    "data": [
        {
            "mobile": "3369891534",
            "name": "momin zafar",
            "cnic": "3520268041191",
            "address": "House No 356 muhammad City LAH"
        }
    ],
    "timestamp": "2024-03-15 07:07:07"
}{
    "status": 100,
    "message": "No record Found",
    "timestamp": "2024-03-15 07:09:56"
}{
    "status": 100,
    "message": "No record Found",
    "timestamp": "2024-03-15 07:12:37"
}{
    "status": 100,
    "message": "No record Found",
    "timestamp": "2024-03-15 07:13:05"
}{
    "status": 100,
    "message": "No record Found",
    "timestamp": "2024-03-15 07:13:15"
}{
    "status": 100,
    "data": [
        {
            "mobile": "3402878474",
            "name": "SAHIB JAAN",
            "cnic": "5440004656081",
            "address": "KILLI NOHSAR SAMANGLI ROAD QUETTA QUETTA QUETTA QU"
        },
        {
            "mobile": "3322721283",
            "name": "SAHIB JAAN",
            "cnic": "5440004656081",
            "address": "KILLI NOHSAR SAMANGLI ROAD QUE"
        },
        {
            "mobile": "3378206886",
            "name": "SAHIB JAAN",
            "cnic": "5440004656081",
            "address": "KILLI NOHSAR SAMANGLI ROAD QUE"
        },
        {
            "mobile": "3175480770",
            "name": "DATA NOT RECIEVED FROM NADRA",
            "cnic": "5440004656081",
            "address": null
        },
        {
            "mobile": "3175482818",
            "name": "new  cust",
            "cnic": "5440004656081",
            "address": "Post-PAID"
        }
    ],
    "timestamp": "2024-03-15 07:15:30"
}{
    "status": 100,
    "data": [
        {
            "mobile": "3067931153",
            "name": "NOOR B B .",
            "cnic": "3120438625330",
            "address": "BADHI JANAZAH GHA KHAIRPUR MIRS TAMIWAL LI DISTRICT BAHAWALPUR BAHAWALPUR G.P.O."
        }
    ],
    "timestamp": "2024-03-15 07:23:16"
}{
    "status": 100,
    "data": [
        {
            "mobile": "3030745363",
            "name": "MANZOOR HUSSAIN",
            "cnic": "3610219251321",
            "address": "BASTI NO NAR PUR ABDUL KAREEM KABEER WAL A CHABASTI NO NAR PUR ABDUL KAREEM KABEE Khanewal"
        }
    ],
    "timestamp": "2024-03-15 07:33:28"
}{
    "status": 100,
    "data": [
        {
            "mobile": "3090182105",
            "name": "TOTO .",
            "cnic": "4410363763055",
            "address": null
        }
    ],
    "timestamp": "2024-03-15 07:34:22"
}{
    "status": 100,
    "message": "No record Found",
    "timestamp": "2024-03-15 07:45:18"
}{
    "status": 100,
    "data": [
        {
            "mobile": "3032917248",
            "name": "AFZAL KHAN .",
            "cnic": "4130690615147",
            "address": "SAKHI DAD WAHI BHARYA GOTH MUHAMMAD JAR RIL BAAT DALIPOTA NOSHERO FEROZ NOWSHERA FEROZ"
        },
        {
            "mobile": "3032917248",
            "name": "SYED MUHAMMAD IMRAN SHAH .",
            "cnic": "4220185590585",
            "address": null
        }
    ],
    "timestamp": "2024-03-15 07:45:31"
}{
    "status": 100,
    "message": "No record Found",
    "timestamp": "2024-03-15 07:45:44"
}{
    "status": 100,
    "data": [
        {
            "mobile": "3334852017",
            "name": "MUHAMMAD TAHIR BODLA",
            "cnic": "3520202497591",
            "address": ""
        }
    ],
    "timestamp": "2024-03-15 08:09:25"
}{
    "status": 100,
    "data": [
        {
            "mobile": "3334852017",
            "name": "MUHAMMAD TAHIR BODLA",
            "cnic": "3520202497591",
            "address": ""
        },
        {
            "mobile": "3444995805",
            "name": "MUHAMMAD TAHIR BODLA",
            "cnic": "3520202497591",
            "address": "KHAS SAHIWAL TAJ MANZIL CHAK NUMBER 61\/4 AAR SAHIW"
        },
        {
            "mobile": "3059617306",
            "name": "MUHAMMAD TAHIR BODLA",
            "cnic": "3520202497591",
            "address": null
        },
        {
            "mobile": "3364513198",
            "name": "MUHAMMAD TAHIR BODLA",
            "cnic": "3520202497591",
            "address": ""
        },
        {
            "mobile": "3334849969",
            "name": "MUHAMMAD TAHIR BODLA",
            "cnic": "3520202497591",
            "address": null
        },
        {
            "mobile": "3364511150",
            "name": "MUHAMMAD TAHIR BODLA",
            "cnic": "3520202497591",
            "address": null
        },
        {
            "mobile": "3104386417",
            "name": "muhammad tahir bodla",
            "cnic": "3520202497591",
            "address": null
        },
        {
            "mobile": "3059615258",
            "name": "MUHAMMAD TAHIR BODLA",
            "cnic": "3520202497591",
            "address": "277 E-1 LAHORE CITY WAPDA TOWN LAHORE LAHORE Lahore"
        }
    ],
    "timestamp": "2024-03-15 08:10:36"
}{
    "status": 100,
    "data": [
        {
            "mobile": "3044866340",
            "name": "MUHAMMAD HAMZA .",
            "cnic": "3650137396675",
            "address": "CHICHA WATNI SHEIKH TAYYAB SAHIWAL  SAHIWAL G.P.O."
        },
        {
            "mobile": "3056720794",
            "name": "MUHAMMAD HAMZA .",
            "cnic": "3650137396675",
            "address": "CHICHA WATNI SHEIKH TAYYAB SAHIWAL  SAHIWAL G.P.O."
        },
        {
            "mobile": "3492138756",
            "name": "MUHAMMAD HAMZA",
            "cnic": "3650137396675",
            "address": "SHEIKH TAYYAB MOHALA CHICHA WATNI CHICHA WATNI DIS"
        },
        {
            "mobile": "3249791992",
            "name": "MUHAMMAD HAMZA .",
            "cnic": "3650137396675",
            "address": null
        }
    ],
    "timestamp": "2024-03-15 08:10:59"
}{
    "status": 100,
    "data": [
        {
            "mobile": "3229881767",
            "name": "MUHAMMAD NADEEM .",
            "cnic": "3620188253331",
            "address": null
        }
    ],
    "timestamp": "2024-03-15 08:36:59"
}{
    "status": 100,
    "data": [
        {
            "mobile": "3038737376",
            "name": "MUHAMMAD NADEEM .",
            "cnic": "3620188253331",
            "address": "DUNIA PUR DUNIYAPUR CHAK NUMBER 17 M LOD HRAN Lodhran"
        },
        {
            "mobile": "3479286748",
            "name": "MUHAMMAD NADEEM",
            "cnic": "3620188253331",
            "address": "DUNIA PUR DUNIYAPUR CHAK NUMBER 17 M LODHRAN"
        },
        {
            "mobile": "3447321892",
            "name": "MUHAMMAD NADEEM",
            "cnic": "3620188253331",
            "address": "DUNIA PUR DUNIYAPUR CHAK NUMBER 17 M LODHRAN"
        },
        {
            "mobile": "3417149816",
            "name": "MUHAMMAD NADEEM",
            "cnic": "3620188253331",
            "address": "DUNIA PUR DUNIYAPUR CHAK NUMBER 17 M LODHRAN"
        },
        {
            "mobile": "3229881767",
            "name": "MUHAMMAD NADEEM .",
            "cnic": "3620188253331",
            "address": null
        },
        {
            "mobile": "3464819811",
            "name": "MUHAMMAD NADEEM",
            "cnic": "3620188253331",
            "address": "DUNIA PUR DUNIYAPUR CHAK NUMBER 17 M LODHRAN"
        },
        {
            "mobile": "3447320147",
            "name": null,
            "cnic": "3620188253331",
            "address": null
        },
        {
            "mobile": "3478883918",
            "name": "MUHAMMAD NADEEM",
            "cnic": "3620188253331",
            "address": "DUNIA PUR DUNIYAPUR CHAK NUMBER 17 M LODHRAN"
        },
        {
            "mobile": "3017373384",
            "name": "MUHAMMAD NADEEM .",
            "cnic": "3620188253331",
            "address": "DUNIA PUR DUNIYAPUR CHAK NUMBER 17 M LOD HRAN Lodhran"
        },
        {
            "mobile": "3017375432",
            "name": "MUHAMMAD NADEEM .",
            "cnic": "3620188253331",
            "address": "DUNIA PUR DUNIYAPUR CHAK NUMBER 17 M LOD HRAN Lodhran"
        }
    ],
    "timestamp": "2024-03-15 08:38:07"
}{
    "status": 100,
    "data": [
        {
            "mobile": "3087724756",
            "name": "ASMA JAMAL .",
            "cnic": "3630268162716",
            "address": "village ahmed bhan SAKRAND City SHAHEED BENAZIR ABAD Lahore"
        }
    ],
    "timestamp": "2024-03-15 08:49:48"
}{
    "status": 100,
    "data": [
        {
            "mobile": "3013533350",
            "name": "SAMRA IQBAL .",
            "cnic": "3520209828216",
            "address": null
        },
        {
            "mobile": "3013533350",
            "name": "SAFDAR HUSSAIN",
            "cnic": "4510181159939",
            "address": "DAD LAGARI DHARKI GOTH AGHA ABAD SATIARO CHAK NUMBER 2 GHOTKI Ghotki"
        },
        {
            "mobile": "3013533350",
            "name": "SAUD AHMAD .",
            "cnic": "8220382690579",
            "address": "WARD NUMBER 5 MOHALA MIN BAZAAR CHAKAAR R DISTRICT HATTIYAN BALA HATTIAN BALA"
        }
    ],
    "timestamp": "2024-03-15 08:50:25"
}{
    "status": 100,
    "data": [
        {
            "mobile": "3016111040",
            "name": "IHSAN ALI",
            "cnic": "5320252641155",
            "address": "OSTA MUHAMMAD OSTA MUHAMMAD SO"
        },
        {
            "mobile": "3312040954",
            "name": "IHSAN ALI",
            "cnic": "5320252641155",
            "address": "OSTA MUHAMMAD OSTA MUHAMMAD SO"
        },
        {
            "mobile": "3048345450",
            "name": "IHSAN ALI",
            "cnic": "5320252641155",
            "address": "OSTA MUHAMMAD OSTA MHMDSWBHA W AHJAFRABAD Lahore"
        }
    ],
    "timestamp": "2024-03-15 08:53:50"
}{
    "status": 100,
    "data": [
        {
            "mobile": "3026379065",
            "name": "ASAD SHABBIR .",
            "cnic": "3650139105937",
            "address": "1 OKARA ATTA COLONY OKARA  OKARA G.P.O."
        }
    ],
    "timestamp": "2024-03-15 09:13:05"
}{
    "status": 100,
    "message": "No record Found",
    "timestamp": "2024-03-15 09:14:17"
}{
    "status": 100,
    "message": "No record Found",
    "timestamp": "2024-03-15 09:15:07"
}{
    "status": 100,
    "data": [
        {
            "mobile": "3018458783",
            "name": "PAKISTAN ENGINEERING SERVICES PVT LTD",
            "cnic": "3410479110351",
            "address": "PLOT # 7 SECTOR B STREET # 12 COMMERCIAL AREA PHESE 5 DHA Lahore"
        }
    ],
    "timestamp": "2024-03-15 09:15:25"
}{
    "status": 100,
    "data": [
        {
            "mobile": "3003433300",
            "name": "FAROOQ AHMAD",
            "cnic": "4320366888257",
            "address": "BACHAL MAHESAR LARRKANA GOTH B ACHAL MAHESAR LARRKANA Lahore"
        },
        {
            "mobile": "3147732444",
            "name": "Not Available",
            "cnic": "4320366888257",
            "address": "Post-PAID"
        },
        {
            "mobile": "3337563300",
            "name": "FAROOQ AHMAD",
            "cnic": "4320366888257",
            "address": "BACHAL MUHESIR LARKANA GHOT BA"
        },
        {
            "mobile": "3337561252",
            "name": "FAROOQ AHMAD",
            "cnic": "4320366888257",
            "address": "BACHAL MUHESIR LARKANA GHOT BA"
        },
        {
            "mobile": "3147730396",
            "name": "farooque  ahmed",
            "cnic": "4320366888257",
            "address": null
        },
        {
            "mobile": "3111346120",
            "name": "farooque  ahmed",
            "cnic": "4320366888257",
            "address": null
        },
        {
            "mobile": "3097463186",
            "name": "FAROOQ AHMAD",
            "cnic": "4320366888257",
            "address": "BACHAL MAHESAR LARRKANA GOTH B ACHAL MAHESAR LARRKANA Lahore"
        }
    ],
    "timestamp": "2024-03-15 09:16:43"
}{
    "status": 100,
    "data": [
        {
            "mobile": "3065960952",
            "name": "FAISAL AMEER .",
            "cnic": "3840346823147",
            "address": "LADAY WALA DAAK KHANA SARGODHA CHAK NUM MBER 52 S B TEHSIL \/ DISTRICT SARGODHA SARGODHA G.P.O"
        }
    ],
    "timestamp": "2024-03-15 09:18:12"
}{
    "status": 100,
    "message": "No record Found",
    "timestamp": "2024-03-15 09:26:21"
}{
    "status": 100,
    "message": "No record Found",
    "timestamp": "2024-03-15 09:26:40"
}{
    "status": 100,
    "message": "No record Found",
    "timestamp": "2024-03-15 09:27:23"
}{
    "status": 100,
    "message": "No record Found",
    "timestamp": "2024-03-15 09:27:45"
}{
    "status": 100,
    "data": [
        {
            "mobile": "3047979740",
            "name": "REHAN AHMAD KHAN .",
            "cnic": "3530347433389",
            "address": "KHAS RENALA KHURD CHAK 23\/2 L  OKARA G.P.O."
        }
    ],
    "timestamp": "2024-03-15 09:28:24"
}{
    "status": 100,
    "data": [
        {
            "mobile": "3029794556",
            "name": "REHAN AHMAD KHAN .",
            "cnic": "3530347433389",
            "address": "KHAS RENALA KHURD CHAK 23\/2 L  OKARA G.P.O."
        },
        {
            "mobile": "3047979740",
            "name": "REHAN AHMAD KHAN .",
            "cnic": "3530347433389",
            "address": "KHAS RENALA KHURD CHAK 23\/2 L  OKARA G.P.O."
        },
        {
            "mobile": "3080997586",
            "name": "REHAN AHMAD KHAN .",
            "cnic": "3530347433389",
            "address": "KHAS RENALA KHURD CHAK 23\/2 L  OKARA G.P.O."
        },
        {
            "mobile": "3040361161",
            "name": "Pakistan Air Force",
            "cnic": "3530347433389",
            "address": "2 Comm wing"
        },
        {
            "mobile": "3029792508",
            "name": "REHAN AHMAD KHAN .",
            "cnic": "3530347433389",
            "address": "KHAS RENALA KHURD CHAK 23\/2 L  OKARA G.P.O."
        }
    ],
    "timestamp": "2024-03-15 09:28:36"
}{
    "status": 100,
    "data": [
        {
            "mobile": "3029794556",
            "name": "REHAN AHMAD KHAN .",
            "cnic": "3530347433389",
            "address": "KHAS RENALA KHURD CHAK 23\/2 L  OKARA G.P.O."
        },
        {
            "mobile": "3047979740",
            "name": "REHAN AHMAD KHAN .",
            "cnic": "3530347433389",
            "address": "KHAS RENALA KHURD CHAK 23\/2 L  OKARA G.P.O."
        },
        {
            "mobile": "3080997586",
            "name": "REHAN AHMAD KHAN .",
            "cnic": "3530347433389",
            "address": "KHAS RENALA KHURD CHAK 23\/2 L  OKARA G.P.O."
        },
        {
            "mobile": "3040361161",
            "name": "Pakistan Air Force",
            "cnic": "3530347433389",
            "address": "2 Comm wing"
        },
        {
            "mobile": "3029792508",
            "name": "REHAN AHMAD KHAN .",
            "cnic": "3530347433389",
            "address": "KHAS RENALA KHURD CHAK 23\/2 L  OKARA G.P.O."
        }
    ],
    "timestamp": "2024-03-15 09:28:54"
}{
    "status": 100,
    "data": [
        {
            "mobile": "3029794556",
            "name": "REHAN AHMAD KHAN .",
            "cnic": "3530347433389",
            "address": "KHAS RENALA KHURD CHAK 23\/2 L  OKARA G.P.O."
        },
        {
            "mobile": "3047979740",
            "name": "REHAN AHMAD KHAN .",
            "cnic": "3530347433389",
            "address": "KHAS RENALA KHURD CHAK 23\/2 L  OKARA G.P.O."
        },
        {
            "mobile": "3080997586",
            "name": "REHAN AHMAD KHAN .",
            "cnic": "3530347433389",
            "address": "KHAS RENALA KHURD CHAK 23\/2 L  OKARA G.P.O."
        },
        {
            "mobile": "3040361161",
            "name": "Pakistan Air Force",
            "cnic": "3530347433389",
            "address": "2 Comm wing"
        },
        {
            "mobile": "3029792508",
            "name": "REHAN AHMAD KHAN .",
            "cnic": "3530347433389",
            "address": "KHAS RENALA KHURD CHAK 23\/2 L  OKARA G.P.O."
        }
    ],
    "timestamp": "2024-03-15 09:29:00"
}{
    "status": 100,
    "data": [
        {
            "mobile": "3029794556",
            "name": "REHAN AHMAD KHAN .",
            "cnic": "3530347433389",
            "address": "KHAS RENALA KHURD CHAK 23\/2 L  OKARA G.P.O."
        },
        {
            "mobile": "3047979740",
            "name": "REHAN AHMAD KHAN .",
            "cnic": "3530347433389",
            "address": "KHAS RENALA KHURD CHAK 23\/2 L  OKARA G.P.O."
        },
        {
            "mobile": "3080997586",
            "name": "REHAN AHMAD KHAN .",
            "cnic": "3530347433389",
            "address": "KHAS RENALA KHURD CHAK 23\/2 L  OKARA G.P.O."
        },
        {
            "mobile": "3040361161",
            "name": "Pakistan Air Force",
            "cnic": "3530347433389",
            "address": "2 Comm wing"
        },
        {
            "mobile": "3029792508",
            "name": "REHAN AHMAD KHAN .",
            "cnic": "3530347433389",
            "address": "KHAS RENALA KHURD CHAK 23\/2 L  OKARA G.P.O."
        }
    ],
    "timestamp": "2024-03-15 09:29:05"
}{
    "status": 100,
    "data": [
        {
            "mobile": "3029794556",
            "name": "REHAN AHMAD KHAN .",
            "cnic": "3530347433389",
            "address": "KHAS RENALA KHURD CHAK 23\/2 L  OKARA G.P.O."
        },
        {
            "mobile": "3047979740",
            "name": "REHAN AHMAD KHAN .",
            "cnic": "3530347433389",
            "address": "KHAS RENALA KHURD CHAK 23\/2 L  OKARA G.P.O."
        },
        {
            "mobile": "3080997586",
            "name": "REHAN AHMAD KHAN .",
            "cnic": "3530347433389",
            "address": "KHAS RENALA KHURD CHAK 23\/2 L  OKARA G.P.O."
        },
        {
            "mobile": "3040361161",
            "name": "Pakistan Air Force",
            "cnic": "3530347433389",
            "address": "2 Comm wing"
        },
        {
            "mobile": "3029792508",
            "name": "REHAN AHMAD KHAN .",
            "cnic": "3530347433389",
            "address": "KHAS RENALA KHURD CHAK 23\/2 L  OKARA G.P.O."
        }
    ],
    "timestamp": "2024-03-15 09:29:11"
}{
    "status": 100,
    "data": [
        {
            "mobile": "3029794556",
            "name": "REHAN AHMAD KHAN .",
            "cnic": "3530347433389",
            "address": "KHAS RENALA KHURD CHAK 23\/2 L  OKARA G.P.O."
        },
        {
            "mobile": "3047979740",
            "name": "REHAN AHMAD KHAN .",
            "cnic": "3530347433389",
            "address": "KHAS RENALA KHURD CHAK 23\/2 L  OKARA G.P.O."
        },
        {
            "mobile": "3080997586",
            "name": "REHAN AHMAD KHAN .",
            "cnic": "3530347433389",
            "address": "KHAS RENALA KHURD CHAK 23\/2 L  OKARA G.P.O."
        },
        {
            "mobile": "3040361161",
            "name": "Pakistan Air Force",
            "cnic": "3530347433389",
            "address": "2 Comm wing"
        },
        {
            "mobile": "3029792508",
            "name": "REHAN AHMAD KHAN .",
            "cnic": "3530347433389",
            "address": "KHAS RENALA KHURD CHAK 23\/2 L  OKARA G.P.O."
        }
    ],
    "timestamp": "2024-03-15 09:29:16"
}{
    "status": 100,
    "data": [
        {
            "mobile": "3029794556",
            "name": "REHAN AHMAD KHAN .",
            "cnic": "3530347433389",
            "address": "KHAS RENALA KHURD CHAK 23\/2 L  OKARA G.P.O."
        },
        {
            "mobile": "3047979740",
            "name": "REHAN AHMAD KHAN .",
            "cnic": "3530347433389",
            "address": "KHAS RENALA KHURD CHAK 23\/2 L  OKARA G.P.O."
        },
        {
            "mobile": "3080997586",
            "name": "REHAN AHMAD KHAN .",
            "cnic": "3530347433389",
            "address": "KHAS RENALA KHURD CHAK 23\/2 L  OKARA G.P.O."
        },
        {
            "mobile": "3040361161",
            "name": "Pakistan Air Force",
            "cnic": "3530347433389",
            "address": "2 Comm wing"
        },
        {
            "mobile": "3029792508",
            "name": "REHAN AHMAD KHAN .",
            "cnic": "3530347433389",
            "address": "KHAS RENALA KHURD CHAK 23\/2 L  OKARA G.P.O."
        }
    ],
    "timestamp": "2024-03-15 09:29:21"
}{
    "status": 100,
    "data": [
        {
            "mobile": "3029794556",
            "name": "REHAN AHMAD KHAN .",
            "cnic": "3530347433389",
            "address": "KHAS RENALA KHURD CHAK 23\/2 L  OKARA G.P.O."
        },
        {
            "mobile": "3047979740",
            "name": "REHAN AHMAD KHAN .",
            "cnic": "3530347433389",
            "address": "KHAS RENALA KHURD CHAK 23\/2 L  OKARA G.P.O."
        },
        {
            "mobile": "3080997586",
            "name": "REHAN AHMAD KHAN .",
            "cnic": "3530347433389",
            "address": "KHAS RENALA KHURD CHAK 23\/2 L  OKARA G.P.O."
        },
        {
            "mobile": "3040361161",
            "name": "Pakistan Air Force",
            "cnic": "3530347433389",
            "address": "2 Comm wing"
        },
        {
            "mobile": "3029792508",
            "name": "REHAN AHMAD KHAN .",
            "cnic": "3530347433389",
            "address": "KHAS RENALA KHURD CHAK 23\/2 L  OKARA G.P.O."
        }
    ],
    "timestamp": "2024-03-15 09:29:29"
}{
    "status": 100,
    "data": [
        {
            "mobile": "3029794556",
            "name": "REHAN AHMAD KHAN .",
            "cnic": "3530347433389",
            "address": "KHAS RENALA KHURD CHAK 23\/2 L  OKARA G.P.O."
        },
        {
            "mobile": "3047979740",
            "name": "REHAN AHMAD KHAN .",
            "cnic": "3530347433389",
            "address": "KHAS RENALA KHURD CHAK 23\/2 L  OKARA G.P.O."
        },
        {
            "mobile": "3080997586",
            "name": "REHAN AHMAD KHAN .",
            "cnic": "3530347433389",
            "address": "KHAS RENALA KHURD CHAK 23\/2 L  OKARA G.P.O."
        },
        {
            "mobile": "3040361161",
            "name": "Pakistan Air Force",
            "cnic": "3530347433389",
            "address": "2 Comm wing"
        },
        {
            "mobile": "3029792508",
            "name": "REHAN AHMAD KHAN .",
            "cnic": "3530347433389",
            "address": "KHAS RENALA KHURD CHAK 23\/2 L  OKARA G.P.O."
        }
    ],
    "timestamp": "2024-03-15 09:29:34"
}{
    "status": 100,
    "data": [
        {
            "mobile": "3029794556",
            "name": "REHAN AHMAD KHAN .",
            "cnic": "3530347433389",
            "address": "KHAS RENALA KHURD CHAK 23\/2 L  OKARA G.P.O."
        },
        {
            "mobile": "3047979740",
            "name": "REHAN AHMAD KHAN .",
            "cnic": "3530347433389",
            "address": "KHAS RENALA KHURD CHAK 23\/2 L  OKARA G.P.O."
        },
        {
            "mobile": "3080997586",
            "name": "REHAN AHMAD KHAN .",
            "cnic": "3530347433389",
            "address": "KHAS RENALA KHURD CHAK 23\/2 L  OKARA G.P.O."
        },
        {
            "mobile": "3040361161",
            "name": "Pakistan Air Force",
            "cnic": "3530347433389",
            "address": "2 Comm wing"
        },
        {
            "mobile": "3029792508",
            "name": "REHAN AHMAD KHAN .",
            "cnic": "3530347433389",
            "address": "KHAS RENALA KHURD CHAK 23\/2 L  OKARA G.P.O."
        }
    ],
    "timestamp": "2024-03-15 09:29:38"
}{
    "status": 100,
    "data": [
        {
            "mobile": "3029794556",
            "name": "REHAN AHMAD KHAN .",
            "cnic": "3530347433389",
            "address": "KHAS RENALA KHURD CHAK 23\/2 L  OKARA G.P.O."
        },
        {
            "mobile": "3047979740",
            "name": "REHAN AHMAD KHAN .",
            "cnic": "3530347433389",
            "address": "KHAS RENALA KHURD CHAK 23\/2 L  OKARA G.P.O."
        },
        {
            "mobile": "3080997586",
            "name": "REHAN AHMAD KHAN .",
            "cnic": "3530347433389",
            "address": "KHAS RENALA KHURD CHAK 23\/2 L  OKARA G.P.O."
        },
        {
            "mobile": "3040361161",
            "name": "Pakistan Air Force",
            "cnic": "3530347433389",
            "address": "2 Comm wing"
        },
        {
            "mobile": "3029792508",
            "name": "REHAN AHMAD KHAN .",
            "cnic": "3530347433389",
            "address": "KHAS RENALA KHURD CHAK 23\/2 L  OKARA G.P.O."
        }
    ],
    "timestamp": "2024-03-15 09:29:46"
}{
    "status": 100,
    "data": [
        {
            "mobile": "3029794556",
            "name": "REHAN AHMAD KHAN .",
            "cnic": "3530347433389",
            "address": "KHAS RENALA KHURD CHAK 23\/2 L  OKARA G.P.O."
        },
        {
            "mobile": "3047979740",
            "name": "REHAN AHMAD KHAN .",
            "cnic": "3530347433389",
            "address": "KHAS RENALA KHURD CHAK 23\/2 L  OKARA G.P.O."
        },
        {
            "mobile": "3080997586",
            "name": "REHAN AHMAD KHAN .",
            "cnic": "3530347433389",
            "address": "KHAS RENALA KHURD CHAK 23\/2 L  OKARA G.P.O."
        },
        {
            "mobile": "3040361161",
            "name": "Pakistan Air Force",
            "cnic": "3530347433389",
            "address": "2 Comm wing"
        },
        {
            "mobile": "3029792508",
            "name": "REHAN AHMAD KHAN .",
            "cnic": "3530347433389",
            "address": "KHAS RENALA KHURD CHAK 23\/2 L  OKARA G.P.O."
        }
    ],
    "timestamp": "2024-03-15 09:29:51"
}{
    "status": 100,
    "data": [
        {
            "mobile": "3029794556",
            "name": "REHAN AHMAD KHAN .",
            "cnic": "3530347433389",
            "address": "KHAS RENALA KHURD CHAK 23\/2 L  OKARA G.P.O."
        },
        {
            "mobile": "3047979740",
            "name": "REHAN AHMAD KHAN .",
            "cnic": "3530347433389",
            "address": "KHAS RENALA KHURD CHAK 23\/2 L  OKARA G.P.O."
        },
        {
            "mobile": "3080997586",
            "name": "REHAN AHMAD KHAN .",
            "cnic": "3530347433389",
            "address": "KHAS RENALA KHURD CHAK 23\/2 L  OKARA G.P.O."
        },
        {
            "mobile": "3040361161",
            "name": "Pakistan Air Force",
            "cnic": "3530347433389",
            "address": "2 Comm wing"
        },
        {
            "mobile": "3029792508",
            "name": "REHAN AHMAD KHAN .",
            "cnic": "3530347433389",
            "address": "KHAS RENALA KHURD CHAK 23\/2 L  OKARA G.P.O."
        }
    ],
    "timestamp": "2024-03-15 09:29:57"
}{
    "status": 100,
    "message": "No record Found",
    "timestamp": "2024-03-15 09:30:09"
}{
    "status": 100,
    "message": "No record Found",
    "timestamp": "2024-03-15 09:30:17"
}{
    "status": 100,
    "message": "No record Found",
    "timestamp": "2024-03-15 09:30:25"
}{
    "timestamp": "2024-03-15 09:30:28"
}{
    "status": 100,
    "message": "No record Found",
    "timestamp": "2024-03-15 09:30:38"
}{
    "status": 100,
    "data": [
        {
            "mobile": "3029794556",
            "name": "REHAN AHMAD KHAN .",
            "cnic": "3530347433389",
            "address": "KHAS RENALA KHURD CHAK 23\/2 L  OKARA G.P.O."
        },
        {
            "mobile": "3047979740",
            "name": "REHAN AHMAD KHAN .",
            "cnic": "3530347433389",
            "address": "KHAS RENALA KHURD CHAK 23\/2 L  OKARA G.P.O."
        },
        {
            "mobile": "3080997586",
            "name": "REHAN AHMAD KHAN .",
            "cnic": "3530347433389",
            "address": "KHAS RENALA KHURD CHAK 23\/2 L  OKARA G.P.O."
        },
        {
            "mobile": "3040361161",
            "name": "Pakistan Air Force",
            "cnic": "3530347433389",
            "address": "2 Comm wing"
        },
        {
            "mobile": "3029792508",
            "name": "REHAN AHMAD KHAN .",
            "cnic": "3530347433389",
            "address": "KHAS RENALA KHURD CHAK 23\/2 L  OKARA G.P.O."
        }
    ],
    "timestamp": "2024-03-15 09:30:46"
}{
    "status": 100,
    "data": [
        {
            "mobile": "3003713111",
            "name": "MALIK IMTIAZ `",
            "cnic": "3130111116703",
            "address": "CHA CHARRAN SHAREEF KHAN PUR CHACRHAAN  Rahim Yar Khan"
        },
        {
            "mobile": "3003713111",
            "name": "MUHAMMAD ASIF",
            "cnic": "3640253585919",
            "address": "557\/15-E ZAIDI SHAH WALI PAK P ATTAN SHARIF BASHARAT WALA NAZ Lahore"
        }
    ],
    "timestamp": "2024-03-15 09:34:14"
}{
    "status": 100,
    "data": [
        {
            "mobile": "3002191650",
            "name": "SHAMSUL ISALM",
            "cnic": "4210146972305",
            "address": "H NO R 145 BL 1 SHARIF ABAD F BA REA Karachi"
        },
        {
            "mobile": "3002191650",
            "name": "MUHAMMAD MUSA",
            "cnic": "4220172485901",
            "address": null
        }
    ],
    "timestamp": "2024-03-15 09:34:35"
}{
    "status": 100,
    "data": [
        {
            "mobile": "3457279019",
            "name": "MUHAMMAD NAUMAN JAVED",
            "cnic": "3230346963589",
            "address": "KOT ADDU MOHAMMADI KOT ADDU ROAD CHOWK SARWAR SHAH"
        }
    ],
    "timestamp": "2024-03-15 09:53:30"
}{
    "status": 100,
    "message": "No record Found",
    "timestamp": "2024-03-15 09:59:10"
}{
    "status": 100,
    "message": "No record Found",
    "timestamp": "2024-03-15 10:01:39"
}{
    "status": 100,
    "data": [
        {
            "mobile": "3080486198",
            "name": "HAFEEZAN B B .",
            "cnic": "3660225481106",
            "address": null
        }
    ],
    "timestamp": "2024-03-15 10:02:26"
}{
    "status": 100,
    "data": [
        {
            "mobile": "3030762301",
            "name": "HAFEEZAN B B .",
            "cnic": "3660225481106",
            "address": null
        },
        {
            "mobile": "3047626813",
            "name": "HAFEEZAN B B .",
            "cnic": "3660225481106",
            "address": "DAAK KHANA TAB H SULTAN PUR CHAK NUMBER R WAH"
        },
        {
            "mobile": "3067847582",
            "name": "HAFEEZAN B B .",
            "cnic": "3660225481106",
            "address": "DAAK KHANA TAB H SULTAN PUR CHAK NUMBER R WAH"
        },
        {
            "mobile": "3080486198",
            "name": "HAFEEZAN B B .",
            "cnic": "3660225481106",
            "address": null
        },
        {
            "mobile": "3090816820",
            "name": "HAFEEZAN B B .",
            "cnic": "3660225481106",
            "address": null
        }
    ],
    "timestamp": "2024-03-15 10:02:56"
}{
    "status": 100,
    "data": [
        {
            "mobile": "3446312938",
            "name": "WAQAR JAHANGIR",
            "cnic": "3740295474867",
            "address": "DAAK KHANA THOHA MOHRHA TEHSIL KAHUTA DISTRICT RAW"
        }
    ],
    "timestamp": "2024-03-15 10:16:26"
}{
    "status": 100,
    "data": [
        {
            "mobile": "3420990511",
            "name": null,
            "cnic": "3610414127035",
            "address": null
        }
    ],
    "timestamp": "2024-03-15 10:16:49"
}{
    "status": 100,
    "data": [
        {
            "mobile": "3416264872",
            "name": "MUHAMMAD NADEEM",
            "cnic": "3620120335263",
            "address": "DUNIA PUR DUNIYAPUR CHAK NUMBER 327 W B LODHRAN"
        }
    ],
    "timestamp": "2024-03-15 10:24:37"
}{
    "status": 100,
    "data": [
        {
            "mobile": "3016509348",
            "name": "SAIF AL RAHMAN .",
            "cnic": "3330169233939",
            "address": "STREET NUMBER 6 MOHALA HAIDER PARK GOJR RA DISTRICT TOBA TEK SINGH TOBA TAKE SINGH  G.P.O."
        },
        {
            "mobile": "3016509348",
            "name": "ABDUL RASHEED",
            "cnic": "3620179659779",
            "address": null
        }
    ],
    "timestamp": "2024-03-15 10:30:56"
}{
    "status": 100,
    "data": [
        {
            "mobile": "3016509348",
            "name": "ABDUL RASHEED",
            "cnic": "3620179659779",
            "address": null
        },
        {
            "mobile": "3447565132",
            "name": "ABDUL RASHEED",
            "cnic": "3620179659779",
            "address": "DUNIYAPUR DUNIYAPUR CHAK NUMBER 7 M LODHRAN"
        },
        {
            "mobile": "3464807768",
            "name": "ABDUL RASHEED",
            "cnic": "3620179659779",
            "address": "DUNIYAPUR DUNIYAPUR CHAK NUMBER 7 M LODHRAN"
        },
        {
            "mobile": "3471339809",
            "name": "ABDUL RASHEED",
            "cnic": "3620179659779",
            "address": "DUNIYAPUR DUNIYAPUR CHAK NUMBER 7 M LODHRAN"
        },
        {
            "mobile": "3227083032",
            "name": "ABDUL RASHEED",
            "cnic": "3620179659779",
            "address": "DAAK KHANA DUNIYAPUR CHAK NUMBER 7 M TEHSIL DUNIYAPUR DISTRICT LODHRAN"
        },
        {
            "mobile": "3471339808",
            "name": "ABDUL RASHEED",
            "cnic": "3620179659779",
            "address": "DUNIYAPUR DUNIYAPUR CHAK NUMBER 7 M LODHRAN"
        },
        {
            "mobile": "3016507300",
            "name": "ABDUL RASHEED",
            "cnic": "3620179659779",
            "address": "DUNIYAPUR DUNIYAPUR CHAK NUMBER 7 M LODH RAN Lodhran"
        }
    ],
    "timestamp": "2024-03-15 10:31:18"
}{
    "status": 100,
    "data": [
        {
            "mobile": "3449197403",
            "name": "OMAR ZADAH",
            "cnic": "1550238859445",
            "address": "KOT SIR DAAK KHANA MEERAH MERA TEHSIL BASHAAM DIST"
        }
    ],
    "timestamp": "2024-03-15 10:33:57"
}{
    "status": 100,
    "data": [
        {
            "mobile": "3423470774",
            "name": "OMAR ZADAH",
            "cnic": "1550238859445",
            "address": "KOT SIR DAAK KHANA MEERAH MERA TEHSIL BASHAAM DIST"
        },
        {
            "mobile": "3445837409",
            "name": "OMAR ZADAH",
            "cnic": "1550238859445",
            "address": "KOT SIR DAAK KHANA MEERAH MERA TEHSIL BASHAAM DIST"
        },
        {
            "mobile": "3449197403",
            "name": "OMAR ZADAH",
            "cnic": "1550238859445",
            "address": "KOT SIR DAAK KHANA MEERAH MERA TEHSIL BASHAAM DIST"
        },
        {
            "mobile": "3480885568",
            "name": null,
            "cnic": "1550238859445",
            "address": null
        },
        {
            "mobile": "3448922794",
            "name": "OMAR ZADAH",
            "cnic": "1550238859445",
            "address": "KOT SIR DAAK KHANA MEERAH MERA TEHSIL BASHAAM DIST"
        }
    ],
    "timestamp": "2024-03-15 10:34:08"
}{
    "status": 100,
    "data": [
        {
            "mobile": "3171108459",
            "name": "Muhammad Kausar Khan",
            "cnic": "4240173883871",
            "address": null
        },
        {
            "mobile": "3003787871",
            "name": "MUHAMMAD KAUSAR",
            "cnic": "4240173883871",
            "address": "h no 126  Batgram"
        },
        {
            "mobile": "3009280779",
            "name": "MUHAMMAD KAUSAR",
            "cnic": "4240173883871",
            "address": "h no 126  Batgram"
        },
        {
            "mobile": "3159229229",
            "name": "Muhammad Kausar Khan",
            "cnic": "4240173883871",
            "address": "Post-PAID"
        },
        {
            "mobile": "3212182390",
            "name": "MUHAMMAD KOUSER KHAN",
            "cnic": "4240173883871",
            "address": "BANSEHRA ISLAM ABAD KASHMIRI MEHAL BANSEHRA STREET ISLAM ABAD"
        },
        {
            "mobile": "3171106411",
            "name": "Muhammad Kausar Khan",
            "cnic": "4240173883871",
            "address": null
        },
        {
            "mobile": "3022250342",
            "name": "Muhammad Kausar Khan",
            "cnic": "4240173883871",
            "address": null
        },
        {
            "mobile": "3111305305",
            "name": "Muhammad Kausar Khan",
            "cnic": "4240173883871",
            "address": null
        }
    ],
    "timestamp": "2024-03-15 10:38:30"
}{
    "status": 100,
    "data": [
        {
            "mobile": "3095540129",
            "name": "MUHAMMAD IQBAL",
            "cnic": "3510230534235",
            "address": "KHADIYAAN KHAS KASUR JATYAN KA SUR Lahore"
        }
    ],
    "timestamp": "2024-03-15 10:45:51"
}{
    "status": 100,
    "message": "No record Found",
    "timestamp": "2024-03-15 10:46:41"
}{
    "status": 100,
    "message": "No record Found",
    "timestamp": "2024-03-15 10:51:35"
}{
    "status": 100,
    "message": "No record Found",
    "timestamp": "2024-03-15 10:51:39"
}{
    "status": 100,
    "data": [
        {
            "mobile": "3241842402",
            "name": "MANZORAN .",
            "cnic": "3120316416630",
            "address": null
        }
    ],
    "timestamp": "2024-03-15 10:51:49"
}{
    "status": 100,
    "data": [
        {
            "mobile": "3034718656",
            "name": "KALEEM ALLAH .",
            "cnic": "3240333672691",
            "address": "ROJHAAN QADIRA RAJAN PUR  RAJAN PUR"
        }
    ],
    "timestamp": "2024-03-15 10:52:32"
}{
    "status": 100,
    "message": "No record Found",
    "timestamp": "2024-03-15 10:54:29"
}{
    "status": 100,
    "data": [
        {
            "mobile": "3075507070",
            "name": "HUMA KARIM",
            "cnic": "3630243832786",
            "address": null
        },
        {
            "mobile": "3075507070",
            "name": "MUHAMMAD BASHEER MALIK",
            "cnic": "3720315314653",
            "address": "MADHWAL HOUSE FATIMA JINNAH ROAD TALA GANG TALA GA"
        }
    ],
    "timestamp": "2024-03-15 11:04:20"
}{
    "status": 100,
    "data": [
        {
            "mobile": "3075507070",
            "name": "HUMA KARIM",
            "cnic": "3630243832786",
            "address": null
        },
        {
            "mobile": "3075507070",
            "name": "MUHAMMAD BASHEER MALIK",
            "cnic": "3720315314653",
            "address": "MADHWAL HOUSE FATIMA JINNAH ROAD TALA GANG TALA GA"
        }
    ],
    "timestamp": "2024-03-15 11:04:44"
}{
    "status": 100,
    "message": "No record Found",
    "timestamp": "2024-03-15 11:09:19"
}{
    "status": 100,
    "message": "No record Found",
    "timestamp": "2024-03-15 11:11:33"
}{
    "status": 100,
    "message": "No record Found",
    "timestamp": "2024-03-15 11:12:18"
}{
    "status": 100,
    "message": "No record Found",
    "timestamp": "2024-03-15 11:12:49"
}{
    "status": 100,
    "data": [
        {
            "mobile": "3055685720",
            "name": "RAZIA BIBI .",
            "cnic": "3620333597634",
            "address": null
        }
    ],
    "timestamp": "2024-03-15 11:12:56"
}{
    "status": 100,
    "data": [
        {
            "mobile": "3337827776",
            "name": "ABDUL HAY",
            "cnic": "5160211240487",
            "address": "GOTH GEHORANI BHA G TEHSIL BHA"
        }
    ],
    "timestamp": "2024-03-15 11:15:38"
}{
    "status": 100,
    "data": [
        {
            "mobile": "3337827776",
            "name": "ABDUL HAY",
            "cnic": "5160211240487",
            "address": "GOTH GEHORANI BHA G TEHSIL BHA"
        }
    ],
    "timestamp": "2024-03-15 11:15:48"
}{
    "status": 100,
    "message": "No record Found",
    "timestamp": "2024-03-15 11:45:32"
}{
    "status": 100,
    "data": [
        {
            "mobile": "3036448912",
            "name": "KALEEM ALLAH",
            "cnic": "3240333672691",
            "address": "ROJHAAN ROJHAAN QADIRA RAJAN PUR"
        }
    ],
    "timestamp": "2024-03-15 11:45:41"
}{
    "status": 100,
    "message": "No record Found",
    "timestamp": "2024-03-15 11:45:52"
}{
    "status": 100,
    "message": "No record Found",
    "timestamp": "2024-03-15 11:46:22"
}{
    "status": 100,
    "data": [
        {
            "mobile": "3335176558",
            "name": "zubair riaz",
            "cnic": "6110182508083",
            "address": "House No B2-12 mola general iq"
        }
    ],
    "timestamp": "2024-03-15 11:47:59"
}{
    "status": 100,
    "message": "No record Found",
    "timestamp": "2024-03-15 12:05:54"
}{
    "status": 100,
    "message": "No record Found",
    "timestamp": "2024-03-15 12:06:18"
}{
    "status": 100,
    "message": "No record Found",
    "timestamp": "2024-03-15 12:06:47"
}{
    "status": 100,
    "message": "No record Found",
    "timestamp": "2024-03-15 12:07:18"
}{
    "status": 100,
    "message": "No record Found",
    "timestamp": "2024-03-15 12:07:19"
}{
    "status": 100,
    "data": [
        {
            "mobile": "3221715644",
            "name": "MUHAMMAD ABU TALHA ZUBAIR .",
            "cnic": "3310258085277",
            "address": null
        }
    ],
    "timestamp": "2024-03-15 12:10:04"
}{
    "timestamp": "2024-03-15 12:11:43"
}{
    "status": 100,
    "data": [
        {
            "mobile": "3068193724",
            "name": "RAAZIA BATOOL .",
            "cnic": "3630172161626",
            "address": null
        }
    ],
    "timestamp": "2024-03-15 12:12:12"
}{
    "status": 100,
    "data": [
        {
            "mobile": "3214002529",
            "name": "SADAF HUSSAIN",
            "cnic": "3520222592010",
            "address": null
        }
    ],
    "timestamp": "2024-03-15 12:13:07"
}{
    "status": 100,
    "data": [
        {
            "mobile": "3097424429",
            "name": "SEHRISH KANWAL .",
            "cnic": "3630448445028",
            "address": ", smae City KOTLI NAJABATT Tehsil SHUJABAD District MULTAN  PAKISTAN"
        }
    ],
    "timestamp": "2024-03-15 12:13:23"
}{
    "status": 100,
    "data": [
        {
            "mobile": "3097424429",
            "name": "SEHRISH KANWAL .",
            "cnic": "3630448445028",
            "address": ", smae City KOTLI NAJABATT Tehsil SHUJABAD District MULTAN  PAKISTAN"
        }
    ],
    "timestamp": "2024-03-15 12:13:27"
}{
    "status": 100,
    "message": "No record Found",
    "timestamp": "2024-03-15 13:10:23"
}{
    "status": 100,
    "data": [
        {
            "mobile": "3036448912",
            "name": "KALEEM ALLAH",
            "cnic": "3240333672691",
            "address": "ROJHAAN ROJHAAN QADIRA RAJAN PUR"
        }
    ],
    "timestamp": "2024-03-15 13:15:01"
}{
    "status": 100,
    "data": [
        {
            "mobile": "3093270567",
            "name": "BILLAL NAWAZ .",
            "cnic": "4320522994321",
            "address": null
        }
    ],
    "timestamp": "2024-03-15 13:17:31"
}{
    "status": 100,
    "data": [
        {
            "mobile": "3062964794",
            "name": "M Kashif .",
            "cnic": "3660290188171",
            "address": "CHAK # 194 WB POBOX MATRO MELSI Vehari"
        }
    ],
    "timestamp": "2024-03-15 13:32:26"
}{
    "status": 100,
    "data": [
        {
            "mobile": "3000058967",
            "name": "HABIB ALREHMAN .",
            "cnic": "3530219849343",
            "address": "HOUSE NUMBER 172 THANA MANDI AHMEDABAD TEHSIL DEPALPUR DISTRICT OKARA OKARA G.P.O."
        },
        {
            "mobile": "3000058967",
            "name": "MUHAMMAD ASIF .",
            "cnic": "3660290467817",
            "address": null
        }
    ],
    "timestamp": "2024-03-15 13:33:46"
}{
    "status": 100,
    "message": "No record Found",
    "timestamp": "2024-03-15 13:48:16"
}{
    "status": 100,
    "data": [
        {
            "mobile": "3175770636",
            "name": "Riaz  Rasool",
            "cnic": "8220365401031",
            "address": null
        }
    ],
    "timestamp": "2024-03-15 13:53:26"
}{
    "status": 100,
    "data": [
        {
            "mobile": "3175770636",
            "name": "Riaz  Rasool",
            "cnic": "8220365401031",
            "address": null
        },
        {
            "mobile": "3130588669",
            "name": "Riaz  Rasool",
            "cnic": "8220365401031",
            "address": null
        },
        {
            "mobile": "3045172533",
            "name": "RIAZ RASOOL .",
            "cnic": "8220365401031",
            "address": null
        },
        {
            "mobile": "3463994201",
            "name": "RIAZ RASOOL",
            "cnic": "8220365401031",
            "address": "MOHALA BELA NOOR SHAH MUZAFFARABAD"
        },
        {
            "mobile": "3130586621",
            "name": "Riaz  Rasool",
            "cnic": "8220365401031",
            "address": null
        },
        {
            "mobile": "3045170485",
            "name": "RIAZ RASOOL .",
            "cnic": "8220365401031",
            "address": "MOHALA BELA NOOR SHAH MUZAFFARABAD  MUZAFFARABAD G.P.O."
        }
    ],
    "timestamp": "2024-03-15 13:53:38"
}{
    "status": 100,
    "data": [
        {
            "mobile": "3130588669",
            "name": "hamza rashid malik",
            "cnic": "1310153458545",
            "address": null
        },
        {
            "mobile": "3130588669",
            "name": "Riaz  Rasool",
            "cnic": "8220365401031",
            "address": null
        }
    ],
    "timestamp": "2024-03-15 13:53:58"
}{
    "status": 100,
    "data": [
        {
            "mobile": "3015877486",
            "name": "HAMZA RASHEED MALIK .",
            "cnic": "1310153458545",
            "address": null
        },
        {
            "mobile": "3080055346",
            "name": "HAMZA RASHEED MALIK .",
            "cnic": "1310153458545",
            "address": null
        },
        {
            "mobile": "3085036138",
            "name": "HAMZA RASHEED MALIK .",
            "cnic": "1310153458545",
            "address": null
        },
        {
            "mobile": "3085939993",
            "name": "HAMZA RASHEED MALIK .",
            "cnic": "1310153458545",
            "address": null
        },
        {
            "mobile": "3353799926",
            "name": "hamza rashid malik",
            "cnic": "1310153458545",
            "address": null
        },
        {
            "mobile": "3130588669",
            "name": "hamza rashid malik",
            "cnic": "1310153458545",
            "address": null
        },
        {
            "mobile": "3155904477",
            "name": "hamza rashid malik",
            "cnic": "1310153458545",
            "address": "Post-PAID"
        },
        {
            "mobile": "3051480029",
            "name": "HAMZA RASHEED MALIK .",
            "cnic": "1310153458545",
            "address": "TARHANA GHAREBA DAAK KHANA ZAFAR MARKET BANDA PEER KHAN TEHSIL \/ DISTRICT ABBOT ABAD  ABBOTT"
        },
        {
            "mobile": "3085937945",
            "name": "HAMZA RASHEED MALIK .",
            "cnic": "1310153458545",
            "address": "TARHANA GHAREBA DAAK KHANA ZAFAR MARKET BANDA PEER KHAN TEHSIL \/ DISTRICT ABBOT ABAD  ABBOTT"
        }
    ],
    "timestamp": "2024-03-15 13:54:06"
}{
    "status": 100,
    "data": [
        {
            "mobile": "3079227749",
            "name": "RIZWANA BIBI .",
            "cnic": "3130225522964",
            "address": null
        }
    ],
    "timestamp": "2024-03-15 13:59:45"
}{
    "status": 100,
    "data": [
        {
            "mobile": "3209833903",
            "name": "WAZIRAAN BIBI .",
            "cnic": "3810220343032",
            "address": null
        }
    ],
    "timestamp": "2024-03-15 14:00:31"
}{
    "status": 100,
    "message": "No record Found",
    "timestamp": "2024-03-15 14:05:47"
}{
    "status": 100,
    "data": [
        {
            "mobile": "3321458002",
            "name": "Dost Muhammad",
            "cnic": "3210233086561",
            "address": "City Akani Shah Tehsil\/Distric"
        }
    ],
    "timestamp": "2024-03-15 14:08:18"
}{
    "status": 100,
    "data": [
        {
            "mobile": "3034743725",
            "name": "MUHAMMAD AMIR .",
            "cnic": "3130275768499",
            "address": null
        },
        {
            "mobile": "3035052561",
            "name": "MUHAMMAD AMIR .",
            "cnic": "3130275768499",
            "address": null
        },
        {
            "mobile": "3059096173",
            "name": "MUHAMMAD AMIR .",
            "cnic": "3130275768499",
            "address": null
        },
        {
            "mobile": "3061649321",
            "name": "MUHAMMAD AMIR .",
            "cnic": "3130275768499",
            "address": null
        },
        {
            "mobile": "3088816471",
            "name": "MUHAMMAD AMIR .",
            "cnic": "3130275768499",
            "address": null
        }
    ],
    "timestamp": "2024-03-15 14:11:30"
}{
    "status": 100,
    "message": "No record Found",
    "timestamp": "2024-03-15 14:32:47"
}{
    "status": 100,
    "data": [
        {
            "mobile": "3049814380",
            "name": "RAZIA BIBI .",
            "cnic": "3620333597634",
            "address": "village ahmed bhan SAKRAND City SHAHEED BENAZIR ABAD Lahore"
        },
        {
            "mobile": "3055685720",
            "name": "RAZIA BIBI .",
            "cnic": "3620333597634",
            "address": null
        }
    ],
    "timestamp": "2024-03-15 14:33:55"
}{
    "status": 100,
    "message": "No record Found",
    "timestamp": "2024-03-15 14:38:45"
}{
    "status": 100,
    "data": [
        {
            "mobile": "3327686688",
            "name": "MUHAMMAD IRFAN",
            "cnic": "3320331596667",
            "address": "HUSSAIN ABAD PATAN ROAD SHAURK"
        },
        {
            "mobile": "3088741679",
            "name": "MOTOROLA LIMITED PAKISTAN",
            "cnic": "3320331596667",
            "address": "N\/A N\/A Jhang"
        }
    ],
    "timestamp": "2024-03-15 14:40:45"
}{
    "status": 100,
    "data": [
        {
            "mobile": "3081992489",
            "name": "SADIA KANWAL .",
            "cnic": "3320364137818",
            "address": "village ahmed bhan SAKRAND City SHAHEED BENAZIR ABAD Lahore"
        },
        {
            "mobile": "3326956134",
            "name": "sadia kanwal",
            "cnic": "3320364137818",
            "address": "hussain abad , pattan road"
        },
        {
            "mobile": "3350743489",
            "name": "sadia kanwal",
            "cnic": "3320364137818",
            "address": "hussain abad "
        }
    ],
    "timestamp": "2024-03-15 14:41:06"
}{
    "status": 100,
    "message": "No record Found",
    "timestamp": "2024-03-15 14:41:29"
}{
    "status": 100,
    "message": "No record Found",
    "timestamp": "2024-03-15 14:41:41"
}{
    "status": 100,
    "message": "No record Found",
    "timestamp": "2024-03-15 14:41:54"
}{
    "status": 100,
    "message": "No record Found",
    "timestamp": "2024-03-15 14:44:09"
}{
    "status": 100,
    "data": [
        {
            "mobile": "3159963190",
            "name": "new  cust",
            "cnic": "1710254493774",
            "address": "Post-PAID"
        },
        {
            "mobile": "3464887016",
            "name": null,
            "cnic": "1710254493774",
            "address": null
        }
    ],
    "timestamp": "2024-03-15 14:44:33"
}{
    "status": 100,
    "data": [
        {
            "mobile": "3156218574",
            "name": "DATA NOT RECIEVED FROM NADRA",
            "cnic": "3240421256443",
            "address": null
        }
    ],
    "timestamp": "2024-03-15 14:53:46"
}{
    "status": 100,
    "data": [
        {
            "mobile": "3095528129",
            "name": "PARVEEN .",
            "cnic": "3520242109168",
            "address": "village ahmed bhan SAKRAND City SHAHEED BENAZIR ABAD Lahore"
        }
    ],
    "timestamp": "2024-03-15 14:56:40"
}{
    "status": 100,
    "data": [
        {
            "mobile": "3319714796",
            "name": "RIAZ HUSSAIN",
            "cnic": "3240413936407",
            "address": "UMER KWTRWJHANQADRHRAJN PUR"
        }
    ],
    "timestamp": "2024-03-15 15:00:18"
}{
    "status": 100,
    "message": "No record Found",
    "timestamp": "2024-03-15 15:02:49"
}{
    "status": 100,
    "message": "No record Found",
    "timestamp": "2024-03-15 15:08:05"
}{
    "status": 100,
    "message": "No record Found",
    "timestamp": "2024-03-15 15:14:39"
}{
    "status": 100,
    "message": "No record Found",
    "timestamp": "2024-03-15 15:25:07"
}{
    "status": 100,
    "data": [
        {
            "mobile": "3319714796",
            "name": "RIAZ HUSSAIN",
            "cnic": "3240413936407",
            "address": "UMER KWTRWJHANQADRHRAJN PUR"
        }
    ],
    "timestamp": "2024-03-15 15:25:33"
}{
    "status": 100,
    "data": [
        {
            "mobile": "3040591012",
            "name": "ALLAH DITTA .",
            "cnic": "3110268741499",
            "address": "KHAS CHISHTIAN BASTI SHER GARH SAHAR FA AREED BAHAWALNAGAR BAHAWALNAGAR G.P.O."
        },
        {
            "mobile": "3040591012",
            "name": "ABDUL MAJEED",
            "cnic": "3660250884493",
            "address": null
        }
    ],
    "timestamp": "2024-03-15 15:27:08"
}{
    "status": 100,
    "data": [
        {
            "mobile": "3040591012",
            "name": "ALLAH DITTA .",
            "cnic": "3110268741499",
            "address": "KHAS CHISHTIAN BASTI SHER GARH SAHAR FA AREED BAHAWALNAGAR BAHAWALNAGAR G.P.O."
        },
        {
            "mobile": "3040591012",
            "name": "ABDUL MAJEED",
            "cnic": "3660250884493",
            "address": null
        }
    ],
    "timestamp": "2024-03-15 15:27:09"
}{
    "status": 100,
    "data": [
        {
            "mobile": "3146506159",
            "name": "shahzad  iqbal",
            "cnic": "3230312209451",
            "address": null
        },
        {
            "mobile": "3146504111",
            "name": "shahzad  iqbal",
            "cnic": "3230312209451",
            "address": null
        }
    ],
    "timestamp": "2024-03-15 15:39:41"
}{
    "timestamp": "2024-03-15 15:42:49"
}{
    "timestamp": "2024-03-15 15:43:11"
}{
    "status": 100,
    "data": [
        {
            "mobile": "3095540129",
            "name": "MUHAMMAD IQBAL",
            "cnic": "3510230534235",
            "address": "KHADIYAAN KHAS KASUR JATYAN KA SUR Lahore"
        }
    ],
    "timestamp": "2024-03-15 15:44:24"
}{
    "status": 100,
    "data": [
        {
            "mobile": "3011104545",
            "name": "MUHAMMAD IKRAM .",
            "cnic": "3650178305683",
            "address": null
        }
    ],
    "timestamp": "2024-03-15 15:54:04"
}{
    "status": 100,
    "data": [
        {
            "mobile": "3011104545",
            "name": "MUHAMMAD IKRAM .",
            "cnic": "3650178305683",
            "address": null
        }
    ],
    "timestamp": "2024-03-15 15:54:21"
}{
    "status": 100,
    "data": [
        {
            "mobile": "3011104545",
            "name": "MUHAMMAD IKRAM .",
            "cnic": "3650178305683",
            "address": null
        }
    ],
    "timestamp": "2024-03-15 15:58:26"
}{
    "status": 100,
    "data": [
        {
            "mobile": "3009514770",
            "name": "SAJID ALI .",
            "cnic": "1730118273271",
            "address": "CHAMAKNI PESHAWAR MOHALA YASIN KHAIL CHA MAKNI PESHAWAR Peshawer"
        },
        {
            "mobile": "3009514770",
            "name": "SHAUKAT ELAHI CH",
            "cnic": "3420278545523",
            "address": null
        }
    ],
    "timestamp": "2024-03-15 15:58:27"
}{
    "status": 100,
    "message": "No record Found",
    "timestamp": "2024-03-15 15:59:05"
}{
    "status": 100,
    "message": "No record Found",
    "timestamp": "2024-03-15 15:59:11"
}{
    "status": 100,
    "data": [
        {
            "mobile": "3011104545",
            "name": "MUHAMMAD IKRAM .",
            "cnic": "3650178305683",
            "address": null
        }
    ],
    "timestamp": "2024-03-15 16:32:22"
}{
    "status": 100,
    "data": [
        {
            "mobile": "3103266575",
            "name": "DATA NOT RECIEVED FROM NADRA",
            "cnic": "4320368064915",
            "address": null
        }
    ],
    "timestamp": "2024-03-15 16:47:21"
}{
    "status": 100,
    "data": [
        {
            "mobile": "3071263237",
            "name": "IKRAM ALI .",
            "cnic": "3530360333003",
            "address": null
        }
    ],
    "timestamp": "2024-03-15 16:48:32"
}{
    "status": 100,
    "data": [
        {
            "mobile": "3062499615",
            "name": "MISBAH NAHEED .",
            "cnic": "3110316498964",
            "address": null
        }
    ],
    "timestamp": "2024-03-15 17:01:26"
}{
    "status": 100,
    "message": "No record Found",
    "timestamp": "2024-03-15 17:02:38"
}{
    "status": 100,
    "data": [
        {
            "mobile": "3036448912",
            "name": "KALEEM ALLAH",
            "cnic": "3240333672691",
            "address": "ROJHAAN ROJHAAN QADIRA RAJAN PUR"
        }
    ],
    "timestamp": "2024-03-15 17:25:43"
}{
    "timestamp": "2024-03-15 17:26:17"
}{
    "status": 100,
    "data": [
        {
            "mobile": "3036448912",
            "name": "KALEEM ALLAH",
            "cnic": "3240333672691",
            "address": "ROJHAAN ROJHAAN QADIRA RAJAN PUR"
        }
    ],
    "timestamp": "2024-03-15 17:40:00"
}{
    "status": 100,
    "data": [
        {
            "mobile": "3179900095",
            "name": "KAUSAR B B",
            "cnic": "3630386833712",
            "address": null
        }
    ],
    "timestamp": "2024-03-15 17:40:57"
}{
    "status": 100,
    "message": "No record Found",
    "timestamp": "2024-03-15 17:41:02"
}{
    "status": 100,
    "data": [
        {
            "mobile": "3010545300",
            "name": "MUHAMMAD IMRAN `",
            "cnic": "3630372489049",
            "address": null
        },
        {
            "mobile": "3131414110",
            "name": "muhammad  imran",
            "cnic": "3630372489049",
            "address": null
        },
        {
            "mobile": "3020919198",
            "name": "MUHAMMAD IMRAN `",
            "cnic": "3630372489049",
            "address": null
        },
        {
            "mobile": "3051073971",
            "name": "MUHAMMAD IMRAN `",
            "cnic": "3630372489049",
            "address": null
        },
        {
            "mobile": "3127000018",
            "name": "MUHAMMAD IMRAN",
            "cnic": "3630372489049",
            "address": "CHAH TOBA WALA BOSAN ROAD DAAK KHANA BASTI NO BAHA"
        },
        {
            "mobile": "3447053200",
            "name": null,
            "cnic": "3630372489049",
            "address": null
        },
        {
            "mobile": "3116825214",
            "name": "muhammad  imran",
            "cnic": "3630372489049",
            "address": null
        },
        {
            "mobile": "3156111769",
            "name": "muhammad  imran",
            "cnic": "3630372489049",
            "address": "Post-PAID"
        },
        {
            "mobile": "3335153455",
            "name": "MUHAMMAD IMRAN `",
            "cnic": "3630372489049",
            "address": "BASTI NO MULTAN SADAR BAHADUR PUR MULTAN BASTI NO MULTAN SADAR BAHADUR PUR MULTAN Multan"
        }
    ],
    "timestamp": "2024-03-15 17:41:29"
}{
    "status": 100,
    "data": [
        {
            "mobile": "3004606914",
            "name": "MUHAMMAD IQBAL",
            "cnic": "3630341229973",
            "address": "Lahore N\/A Lahore"
        },
        {
            "mobile": "3010545314",
            "name": "MUHAMMAD IQBAL",
            "cnic": "3630341229973",
            "address": null
        },
        {
            "mobile": "3336114289",
            "name": "M  IQBAL",
            "cnic": "3630341229973",
            "address": null
        },
        {
            "mobile": "3040538869",
            "name": "MUHAMMAD IQBAL",
            "cnic": "3630341229973",
            "address": "Lahore N\/A Lahore"
        }
    ],
    "timestamp": "2024-03-15 17:42:13"
}{
    "status": 100,
    "message": "No record Found",
    "timestamp": "2024-03-15 17:45:19"
}{
    "status": 100,
    "data": [
        {
            "mobile": "3471923732",
            "name": "FARHANA B B",
            "cnic": "1560162954084",
            "address": "MATTA MATTA BARPALO MATTA KHARERHI SAWAT"
        },
        {
            "mobile": "3479618396",
            "name": "FARHANA B B",
            "cnic": "1560162954084",
            "address": "MATTA MATTA BARPALO MATTA KHARERHI SAWAT"
        }
    ],
    "timestamp": "2024-03-15 17:45:33"
}{
    "status": 100,
    "data": [
        {
            "mobile": "3412198416",
            "name": "MUHAMMAD USMAN",
            "cnic": "2240168816955",
            "address": "QAUM TOOR CHAPER DARAH ADAM KHAIL QABAILI ILAQA MO"
        }
    ],
    "timestamp": "2024-03-15 17:51:01"
}{
    "timestamp": "2024-03-15 18:05:48"
}{
    "status": 100,
    "message": "No record Found",
    "timestamp": "2024-03-15 18:12:51"
}{
    "status": 100,
    "data": [
        {
            "mobile": "3062428240",
            "name": "MUHAMMAD RASHEED .",
            "cnic": "3650203054545",
            "address": "DAAK KHANA KHAS CHAK NUMBER 334- G B TEHSIL TOBA TEK SINGH DISTRICT TOBA TEK SINGH  TOBA TAKE S"
        }
    ],
    "timestamp": "2024-03-15 18:17:26"
}{
    "status": 100,
    "data": [
        {
            "mobile": "3004324481",
            "name": "RIFAT FATIMA .",
            "cnic": "3520282807610",
            "address": "HOUSE NUMBER 84 BISM ALLAH HOUSE MOHALA 3 QARI ROAD RAJGHARH LAHORE CITY TEHSIL DISTRICT  LAHORE G."
        }
    ],
    "timestamp": "2024-03-15 18:23:03"
}{
    "status": 100,
    "data": [
        {
            "mobile": "3004324481",
            "name": "RIFAT FATIMA .",
            "cnic": "3520282807610",
            "address": "HOUSE NUMBER 84 BISM ALLAH HOUSE MOHALA 3 QARI ROAD RAJGHARH LAHORE CITY TEHSIL DISTRICT  LAHORE G."
        },
        {
            "mobile": "3316287118",
            "name": "Riffat Fatima",
            "cnic": "3520282807610",
            "address": "House No 84 3 Qari Road Rajgha"
        },
        {
            "mobile": "3009451724",
            "name": "RIFAT FATIMA .",
            "cnic": "3520282807610",
            "address": "HOUSE NUMBER 84 BISM ALLAH HOUSE MOHALA 3 QARI ROAD RAJGHARH LAHORE CITY TEHSIL DISTRICT  LAHORE G."
        },
        {
            "mobile": "3014480053",
            "name": "RIFAT FATIMA .",
            "cnic": "3520282807610",
            "address": "HOUSE NUMBER 84 BISM ALLAH HOUSE MOHALA 3 QARI ROAD RAJGHARH LAHORE CITY TEHSIL DISTRICT  LAHORE G."
        }
    ],
    "timestamp": "2024-03-15 18:23:59"
}{
    "status": 100,
    "message": "No record Found",
    "timestamp": "2024-03-15 18:31:07"
}{
    "status": 100,
    "message": "No record Found",
    "timestamp": "2024-03-15 18:32:06"
}{
    "status": 100,
    "message": "No record Found",
    "timestamp": "2024-03-15 18:32:16"
}{
    "status": 100,
    "data": [
        {
            "mobile": "3117670053",
            "name": "DATA NOT RECIEVED FROM NADRA",
            "cnic": "3230108816188",
            "address": null
        }
    ],
    "timestamp": "2024-03-15 18:47:49"
}{
    "status": 100,
    "data": [
        {
            "mobile": "3353592322",
            "name": "sheraz nawaz",
            "cnic": "3210252429583",
            "address": "House No 1189 umarani , butta"
        },
        {
            "mobile": "3011367665",
            "name": "SHERAZ NAWAZ .",
            "cnic": "3210252429583",
            "address": null
        }
    ],
    "timestamp": "2024-03-15 19:34:06"
}{
    "status": 100,
    "data": [
        {
            "mobile": "3146506159",
            "name": "shahzad  iqbal",
            "cnic": "3230312209451",
            "address": null
        },
        {
            "mobile": "3146504111",
            "name": "shahzad  iqbal",
            "cnic": "3230312209451",
            "address": null
        }
    ],
    "timestamp": "2024-03-15 19:35:03"
}{
    "status": 100,
    "data": [
        {
            "mobile": "3353592322",
            "name": "sheraz nawaz",
            "cnic": "3210252429583",
            "address": "House No 1189 umarani , butta"
        },
        {
            "mobile": "3011367665",
            "name": "SHERAZ NAWAZ .",
            "cnic": "3210252429583",
            "address": null
        }
    ],
    "timestamp": "2024-03-15 19:36:12"
}{
    "status": 100,
    "data": [
        {
            "mobile": "3076703840",
            "name": "ZUFIQAR AHMED",
            "cnic": "3310069307767",
            "address": null
        }
    ],
    "timestamp": "2024-03-15 19:44:52"
}{
    "status": 100,
    "data": [
        {
            "mobile": "3129610063",
            "name": "DATA NOT RECIEVED FROM NADRA",
            "cnic": "3130101509580",
            "address": null
        }
    ],
    "timestamp": "2024-03-15 23:14:17"
}{
    "status": 100,
    "data": [
        {
            "mobile": "3091810308",
            "name": "MUHAMMAD RASHEED KHAN .",
            "cnic": "8210106484947",
            "address": null
        }
    ],
    "timestamp": "2024-03-15 23:23:49"
}{
    "status": 100,
    "data": [
        {
            "mobile": "3215556150",
            "name": "SHAUKAT ALI",
            "cnic": "3520245493909",
            "address": "HOUSE NUMBER 7 STREET NUMBER 85 MOHALA NAZIM ABAD TAJPURA LAHORE"
        }
    ],
    "timestamp": "2024-03-15 23:57:13"
}{
    "status": 100,
    "data": [
        {
            "mobile": "3215556150",
            "name": "SHAUKAT ALI",
            "cnic": "3520245493909",
            "address": "HOUSE NUMBER 7 STREET NUMBER 85 MOHALA NAZIM ABAD TAJPURA LAHORE"
        }
    ],
    "timestamp": "2024-03-15 23:57:32"
}