{
    "status": 100,
    "data": [
        {
            "mobile": "3345324262",
            "name": "MUHD ARSHID",
            "cnic": "3740565004979",
            "address": "98 C SAYED PUR ROAD GUSIA COLO"
        }
    ],
    "timestamp": "2024-03-16 00:01:36"
}{
    "status": 100,
    "message": "No record Found",
    "timestamp": "2024-03-16 00:02:39"
}{
    "status": 100,
    "message": "No record Found",
    "timestamp": "2024-03-16 04:28:21"
}{
    "status": 100,
    "message": "No record Found",
    "timestamp": "2024-03-16 04:28:45"
}{
    "status": 100,
    "data": [
        {
            "mobile": "3049404261",
            "name": "IQBAL MAIE .",
            "cnic": "3630317556202",
            "address": "KHAS MULTAN SADAR BASTI HAMID PUR HAMID  PUR KANOORAH MULTAN. Multan"
        }
    ],
    "timestamp": "2024-03-16 04:49:35"
}{
    "status": 100,
    "data": [
        {
            "mobile": "3012483088",
            "name": "IQBAL MAIE .",
            "cnic": "3630317556202",
            "address": "KHAS MULTAN SADAR BASTI HAMID PUR HAMID  PUR KANOORAH MULTAN. Multan"
        },
        {
            "mobile": "3049404261",
            "name": "IQBAL MAIE .",
            "cnic": "3630317556202",
            "address": "KHAS MULTAN SADAR BASTI HAMID PUR HAMID  PUR KANOORAH MULTAN. Multan"
        },
        {
            "mobile": "3049406309",
            "name": "IQBAL MAIE .",
            "cnic": "3630317556202",
            "address": "KHAS MULTAN SADAR BASTI HAMID PUR HAMID  PUR KANOORAH MULTAN. Multan"
        }
    ],
    "timestamp": "2024-03-16 04:49:58"
}{
    "status": 100,
    "message": "No record Found",
    "timestamp": "2024-03-16 05:11:29"
}{
    "status": 100,
    "message": "No record Found",
    "timestamp": "2024-03-16 05:11:50"
}{
    "status": 100,
    "data": [
        {
            "mobile": "3028028419",
            "name": "amjad  ali",
            "cnic": "1620403425667",
            "address": "Post-PAID"
        }
    ],
    "timestamp": "2024-03-16 05:12:03"
}{
    "status": 100,
    "message": "No record Found",
    "timestamp": "2024-03-16 05:12:53"
}{
    "status": 100,
    "message": "No record Found",
    "timestamp": "2024-03-16 05:13:05"
}{
    "status": 100,
    "data": [
        {
            "mobile": "3332517206",
            "name": "ahmed hussain",
            "cnic": "4220197815033",
            "address": "House No F-2 kekashan , g KARA"
        }
    ],
    "timestamp": "2024-03-16 05:13:17"
}{
    "status": 100,
    "message": "No record Found",
    "timestamp": "2024-03-16 05:13:49"
}{
    "status": 100,
    "data": [
        {
            "mobile": "3475332008",
            "name": "ZAITOON B",
            "cnic": "3720115457248",
            "address": "SHAH PWRSEEDANCHKWALSHAH PUR SYEDAN CHAKWAL"
        },
        {
            "mobile": "3475332008",
            "name": null,
            "cnic": "3740501415743",
            "address": null
        }
    ],
    "timestamp": "2024-03-16 05:14:04"
}{
    "status": 100,
    "data": [
        {
            "mobile": "3006455477",
            "name": "REHMAT ULLAH",
            "cnic": "3460107961541",
            "address": "GALLU GHUMAN  Karachi"
        },
        {
            "mobile": "3010009342",
            "name": "REHMAT ULLAH",
            "cnic": "3460107961541",
            "address": null
        },
        {
            "mobile": "3103361326",
            "name": "rehmat  ullah",
            "cnic": "3460107961541",
            "address": null
        },
        {
            "mobile": "3237411475",
            "name": "REHMAT ULLAH",
            "cnic": "3460107961541",
            "address": null
        },
        {
            "mobile": "3006453429",
            "name": "REHMAT ULLAH",
            "cnic": "3460107961541",
            "address": "GALLU GHUMAN  Karachi"
        }
    ],
    "timestamp": "2024-03-16 05:14:58"
}{
    "status": 100,
    "data": [
        {
            "mobile": "3225690192",
            "name": "HALIMAN MAI .",
            "cnic": "3320394870792",
            "address": null
        }
    ],
    "timestamp": "2024-03-16 05:16:07"
}{
    "status": 100,
    "message": "No record Found",
    "timestamp": "2024-03-16 05:16:18"
}{
    "status": 100,
    "message": "No record Found",
    "timestamp": "2024-03-16 05:18:45"
}{
    "status": 100,
    "data": [
        {
            "mobile": "3000118164",
            "name": "NAUMAN LATIF .",
            "cnic": "3460170531823",
            "address": "DASKA GULISTAN COLONY SALMAN STREET COL LLEGE ROAD DASKA SIALKOT SIALKOT G.P.O."
        },
        {
            "mobile": "3022403909",
            "name": "NAUMAN LATIF .",
            "cnic": "3460170531823",
            "address": null
        },
        {
            "mobile": "3040286042",
            "name": "NAUMAN LATIF .",
            "cnic": "3460170531823",
            "address": "DASKA GULISTAN COLONY SALMAN STREET COL LLEGE ROAD DASKA SIALKOT SIALKOT G.P.O."
        },
        {
            "mobile": "3486027050",
            "name": "NAUMAN LATIF",
            "cnic": "3460170531823",
            "address": "SALMAN STREET COLLEGE ROAD MOHALA GULISTAN COLONY"
        },
        {
            "mobile": "3436384394",
            "name": "NAUMAN LATIF .",
            "cnic": "3460170531823",
            "address": "DASKA GULISTAN COLONY SALMAN STREET COL LLEGE ROAD DASKA SIALKOT SIALKOT G.P.O."
        },
        {
            "mobile": "3157696442",
            "name": "nauman  lateef",
            "cnic": "3460170531823",
            "address": "Post-PAID"
        },
        {
            "mobile": "3039407207",
            "name": "NAUMAN LATIF .",
            "cnic": "3460170531823",
            "address": "DASKA GULISTAN COLONY SALMAN STREET COL LLEGE ROAD DASKA SIALKOT SIALKOT G.P.O."
        },
        {
            "mobile": "3036864571",
            "name": "NAUMAN LATIF .",
            "cnic": "3460170531823",
            "address": "DASKA GULISTAN COLONY SALMAN STREET COL LLEGE ROAD DASKA SIALKOT SIALKOT G.P.O."
        },
        {
            "mobile": "3040283994",
            "name": "NAUMAN LATIF .",
            "cnic": "3460170531823",
            "address": "DASKA GULISTAN COLONY SALMAN STREET COL LLEGE ROAD DASKA SIALKOT SIALKOT G.P.O."
        }
    ],
    "timestamp": "2024-03-16 05:19:18"
}{
    "status": 100,
    "data": [
        {
            "mobile": "3225690192",
            "name": "HALIMAN MAI .",
            "cnic": "3320394870792",
            "address": null
        }
    ],
    "timestamp": "2024-03-16 05:19:54"
}{
    "status": 100,
    "message": "No record Found",
    "timestamp": "2024-03-16 05:20:05"
}{
    "status": 100,
    "data": [
        {
            "mobile": "3062562697",
            "name": "FAQEER HUSSAIN .",
            "cnic": "3330162252769",
            "address": "DAAK KHANA KHAS CHAK NUMBER 53 R B GOBANDPOOR TEHSIL JARANWALA DISTRICT FAISAL ABAD  FAISALABAD G"
        },
        {
            "mobile": "3062562697",
            "name": "MUKHTAR ALI .",
            "cnic": "3660254287245",
            "address": "BASTI MALIK PUR DO KOTA MAILSI LALI PUR  VEHARIBASTI MALIK PUR DO KOTA MAILSI LAL Vehari"
        }
    ],
    "timestamp": "2024-03-16 05:21:07"
}{
    "status": 100,
    "message": "No record Found",
    "timestamp": "2024-03-16 05:23:21"
}{
    "status": 100,
    "data": [
        {
            "mobile": "3316635377",
            "name": "Muhammad Anwar Khan",
            "cnic": "3640276838445",
            "address": "Hotel Royal Dyar, Markaziah Ma"
        },
        {
            "mobile": "4235805500",
            "name": "MUHAMMAD ANWAR KHAN",
            "cnic": "3640276838445",
            "address": null
        },
        {
            "mobile": "3316633329",
            "name": "Muhammad Anwar Khan",
            "cnic": "3640276838445",
            "address": "Hotel Royal Dyar"
        }
    ],
    "timestamp": "2024-03-16 05:23:51"
}{
    "status": 100,
    "message": "No record Found",
    "timestamp": "2024-03-16 05:24:27"
}{
    "status": 100,
    "data": [
        {
            "mobile": "3020687203",
            "name": "PARVEEN AKHTAR .",
            "cnic": "3310013920864",
            "address": null
        }
    ],
    "timestamp": "2024-03-16 05:26:35"
}{
    "status": 100,
    "data": [
        {
            "mobile": "3461929602",
            "name": "MUHAMMAD IRFAN",
            "cnic": "3720137012687",
            "address": "DOLHA CHAKWAL DINGI BALA CHAKWAL"
        }
    ],
    "timestamp": "2024-03-16 05:26:36"
}{
    "status": 100,
    "data": [
        {
            "mobile": "3054471281",
            "name": "ASIYA MUMTAZ .",
            "cnic": "3650170659758",
            "address": "village ahmed bhan SAKRAND City SHAHEED BENAZIR ABAD Lahore"
        }
    ],
    "timestamp": "2024-03-16 05:54:53"
}{
    "timestamp": "2024-03-16 06:10:45"
}{
    "status": 100,
    "message": "No record Found",
    "timestamp": "2024-03-16 06:11:20"
}{
    "status": 100,
    "data": [
        {
            "mobile": "3364006225",
            "name": "abdul ur rehman",
            "cnic": "1350489789215",
            "address": ", Chamnrsi Bandi shungli"
        }
    ],
    "timestamp": "2024-03-16 06:15:59"
}{
    "status": 100,
    "data": [
        {
            "mobile": "3324745179",
            "name": "MUHAMMAD AWAIS",
            "cnic": "3310454520295",
            "address": "KHAS JARANWALA CHAK NUMBER 104 G B SAMRAY FAISAL A"
        }
    ],
    "timestamp": "2024-03-16 06:16:17"
}{
    "status": 100,
    "data": [
        {
            "mobile": "3090540951",
            "name": "SHEHNAZ BIBI .",
            "cnic": "3130217554140",
            "address": null
        },
        {
            "mobile": "3465566024",
            "name": "SHEHNAZ BI BI",
            "cnic": "3130217554140",
            "address": "DAAK KHANA KHAS PAKKA LA RHAN TEHSIL LIAQUAT PUR ZILAH RAHIM YAR KHAN"
        },
        {
            "mobile": "3026753454",
            "name": "SHEHNAZ BIBI .",
            "cnic": "3130217554140",
            "address": "village ahmed bhan SAKRAND City SHAHEED BENAZIR ABAD Lahore"
        },
        {
            "mobile": "3092202973",
            "name": "SHEHNAZ BIBI .",
            "cnic": "3130217554140",
            "address": "village ahmed bhan SAKRAND City SHAHEED BENAZIR ABAD Lahore"
        },
        {
            "mobile": "3040224489",
            "name": "SHEHNAZ BIBI .",
            "cnic": "3130217554140",
            "address": "village ahmed bhan SAKRAND City SHAHEED BENAZIR ABAD Lahore"
        },
        {
            "mobile": "3092205021",
            "name": "SHEHNAZ BIBI .",
            "cnic": "3130217554140",
            "address": "village ahmed bhan SAKRAND City SHAHEED BENAZIR ABAD Lahore"
        },
        {
            "mobile": "3040226537",
            "name": "SHEHNAZ BIBI .",
            "cnic": "3130217554140",
            "address": "village ahmed bhan SAKRAND City SHAHEED BENAZIR ABAD Lahore"
        },
        {
            "mobile": "3026755502",
            "name": "SHEHNAZ BIBI .",
            "cnic": "3130217554140",
            "address": "village ahmed bhan SAKRAND City SHAHEED BENAZIR ABAD Lahore"
        }
    ],
    "timestamp": "2024-03-16 06:42:40"
}{
    "status": 100,
    "message": "No record Found",
    "timestamp": "2024-03-16 06:45:42"
}{
    "status": 100,
    "message": "No record Found",
    "timestamp": "2024-03-16 06:45:55"
}{
    "status": 100,
    "message": "No record Found",
    "timestamp": "2024-03-16 06:46:08"
}{
    "status": 100,
    "data": [
        {
            "mobile": "3126202184",
            "name": "faizan  cust",
            "cnic": "3430209664899",
            "address": null
        }
    ],
    "timestamp": "2024-03-16 06:52:26"
}{
    "status": 100,
    "data": [
        {
            "mobile": "3016201894",
            "name": "FAIZAN .",
            "cnic": "3430209664899",
            "address": null
        },
        {
            "mobile": "3244630049",
            "name": "FAIZAN .",
            "cnic": "3430209664899",
            "address": null
        },
        {
            "mobile": "3403241776",
            "name": null,
            "cnic": "3430209664899",
            "address": null
        },
        {
            "mobile": "3126202184",
            "name": "faizan  cust",
            "cnic": "3430209664899",
            "address": null
        },
        {
            "mobile": "3016199846",
            "name": "FAIZAN .",
            "cnic": "3430209664899",
            "address": "SHARKI MOHALA AQIL WALA PINDI BHATIAN D DISTRICT HAFIZ ABAD HAFIZABAD"
        }
    ],
    "timestamp": "2024-03-16 06:53:23"
}{
    "status": 100,
    "data": [
        {
            "mobile": "3006673088",
            "name": "HISHAM KHALID .",
            "cnic": "3310272107109",
            "address": "H#414 BLOCK-C SHAHBAZ TOWN FAISALABAD"
        },
        {
            "mobile": "3336600736",
            "name": "Hasham  Khalid",
            "cnic": "3310272107109",
            "address": null
        },
        {
            "mobile": "3236670334",
            "name": "HESHAM KHALID",
            "cnic": "3310272107109",
            "address": "CHAK NUMBER 233 R B HAR YE SINGH WALA POST OFFICE KHAS FAISAL ABAD TEHSIL FAISAL ABAD CITY DISTRICT FAISAL ABAD"
        },
        {
            "mobile": "3247731500",
            "name": "HISHAM KHALID .",
            "cnic": "3310272107109",
            "address": null
        },
        {
            "mobile": "3336598688",
            "name": "Hasham  Khalid",
            "cnic": "3310272107109",
            "address": null
        }
    ],
    "timestamp": "2024-03-16 06:54:49"
}{
    "status": 100,
    "message": "No record Found",
    "timestamp": "2024-03-16 06:57:17"
}{
    "status": 100,
    "data": [
        {
            "mobile": "3025099192",
            "name": "MUHAMMAD BUTA .",
            "cnic": "3230323073627",
            "address": "CHAK NUMBER 626 T D A KOT ADDU CHAK  Muzaffar Garh"
        }
    ],
    "timestamp": "2024-03-16 06:57:37"
}{
    "status": 100,
    "data": [
        {
            "mobile": "3070072539",
            "name": "AAMIR SOHAIL .",
            "cnic": "3430250991921",
            "address": null
        },
        {
            "mobile": "3484983843",
            "name": "AMIR SOHAIL",
            "cnic": "3430250991921",
            "address": "DAAK KHANA THATTHI BEHLOL PUR CHAD HARHAN WALA TEH"
        },
        {
            "mobile": "3458949049",
            "name": null,
            "cnic": "3430250991921",
            "address": null
        }
    ],
    "timestamp": "2024-03-16 06:57:59"
}{
    "status": 100,
    "message": "No record Found",
    "timestamp": "2024-03-16 06:58:52"
}{
    "timestamp": "2024-03-16 06:59:10"
}{
    "status": 100,
    "message": "No record Found",
    "timestamp": "2024-03-16 06:59:26"
}{
    "status": 100,
    "data": [
        {
            "mobile": "3078998904",
            "name": "MUHAMMAD ABDULLAH .",
            "cnic": "3740579868831",
            "address": "CB-62 6 RAWALPINDI QUAID AZAM COLONY  Rawalpindi"
        }
    ],
    "timestamp": "2024-03-16 06:59:36"
}{
    "status": 100,
    "message": "No record Found",
    "timestamp": "2024-03-16 06:59:53"
}{
    "status": 100,
    "message": "No record Found",
    "timestamp": "2024-03-16 07:00:18"
}{
    "status": 100,
    "data": [
        {
            "mobile": "3015810263",
            "name": "ISHFAQ AHMAD .",
            "cnic": "3650212285177",
            "address": "148\/B-1 MUSLIM ABAD NAZD GOL CHAKAR HALI  ROAD SAHIWAL SAHIWAL SAHIWAL Sahiwaal"
        }
    ],
    "timestamp": "2024-03-16 07:00:54"
}{
    "status": 100,
    "data": [
        {
            "mobile": "3064867737",
            "name": "SARWAR KHATOON .",
            "cnic": "3820159851714",
            "address": null
        }
    ],
    "timestamp": "2024-03-16 07:01:55"
}{
    "status": 100,
    "data": [
        {
            "mobile": "3064867737",
            "name": "SARWAR KHATOON .",
            "cnic": "3820159851714",
            "address": null
        },
        {
            "mobile": "3066068953",
            "name": "SARWAR KHATOON .",
            "cnic": "3820159851714",
            "address": null
        },
        {
            "mobile": "3098042394",
            "name": "SARWAR KHATOON .",
            "cnic": "3820159851714",
            "address": "Mohallah Union Council  PAKISTAN"
        }
    ],
    "timestamp": "2024-03-16 07:04:51"
}{
    "status": 100,
    "message": "No record Found",
    "timestamp": "2024-03-16 07:06:10"
}{
    "status": 100,
    "data": [
        {
            "mobile": "3090721521",
            "name": "PERVAIZ MUSHARRAF .",
            "cnic": "3820140479433",
            "address": null
        }
    ],
    "timestamp": "2024-03-16 07:06:40"
}{
    "status": 100,
    "message": "No record Found",
    "timestamp": "2024-03-16 07:14:57"
}{
    "status": 100,
    "message": "No record Found",
    "timestamp": "2024-03-16 07:15:44"
}{
    "status": 100,
    "message": "No record Found",
    "timestamp": "2024-03-16 07:16:03"
}{
    "status": 100,
    "data": [
        {
            "mobile": "3440770605",
            "name": "MUHAMMAD AMIN",
            "cnic": "3650196630245",
            "address": "DAAK KHANA KHAS DARSANA TEHSIL KAMALIA DISTRICT TO"
        }
    ],
    "timestamp": "2024-03-16 07:16:50"
}{
    "status": 100,
    "message": "No record Found",
    "timestamp": "2024-03-16 07:29:57"
}{
    "status": 100,
    "message": "No record Found",
    "timestamp": "2024-03-16 07:38:24"
}{
    "status": 100,
    "message": "No record Found",
    "timestamp": "2024-03-16 07:39:15"
}{
    "status": 100,
    "data": [
        {
            "mobile": "3321370944",
            "name": "ahmed hussain",
            "cnic": "4220197815033",
            "address": "House No F-2 kekashan , g KARA"
        },
        {
            "mobile": "3228397010",
            "name": "AHMED HUSSAIN .",
            "cnic": "4220197815033",
            "address": null
        },
        {
            "mobile": "3332517206",
            "name": "ahmed hussain",
            "cnic": "4220197815033",
            "address": "House No F-2 kekashan , g KARA"
        }
    ],
    "timestamp": "2024-03-16 07:39:36"
}{
    "status": 100,
    "message": "No record Found",
    "timestamp": "2024-03-16 07:39:44"
}{
    "status": 100,
    "message": "No record Found",
    "timestamp": "2024-03-16 07:40:09"
}{
    "status": 100,
    "message": "No record Found",
    "timestamp": "2024-03-16 07:42:25"
}{
    "status": 100,
    "message": "No record Found",
    "timestamp": "2024-03-16 07:44:49"
}{
    "status": 100,
    "data": [
        {
            "mobile": "3011227157",
            "name": "SAIF ULLAH .",
            "cnic": "3310135659931",
            "address": null
        }
    ],
    "timestamp": "2024-03-16 07:44:54"
}{
    "status": 100,
    "message": "No record Found",
    "timestamp": "2024-03-16 07:45:05"
}{
    "status": 100,
    "message": "No record Found",
    "timestamp": "2024-03-16 07:45:13"
}{
    "status": 100,
    "data": [
        {
            "mobile": "3075184066",
            "name": "HUMAIRA B B .",
            "cnic": "3310182359440",
            "address": null
        },
        {
            "mobile": "3075184066",
            "name": "QAISAR KHAN",
            "cnic": "3710601376419",
            "address": "GHORGHASHTI HAZRO MOHALA BAGHAT QUTAB  Hazro"
        }
    ],
    "timestamp": "2024-03-16 07:45:30"
}{
    "status": 100,
    "data": [
        {
            "mobile": "3228028636",
            "name": "UBAIDULLAH",
            "cnic": "3310115776391",
            "address": null
        }
    ],
    "timestamp": "2024-03-16 07:46:29"
}{
    "status": 100,
    "message": "No record Found",
    "timestamp": "2024-03-16 07:50:40"
}{
    "status": 100,
    "data": [
        {
            "mobile": "3026794149",
            "name": "ZAHID ABBAS",
            "cnic": "3320404076225",
            "address": null
        }
    ],
    "timestamp": "2024-03-16 08:16:18"
}{
    "status": 100,
    "data": [
        {
            "mobile": "3402244686",
            "name": "ABDUL JALIL",
            "cnic": "3740520514163",
            "address": "ALI ABAD ABBOT ABAD KALA BUN ABBOT ABAD"
        }
    ],
    "timestamp": "2024-03-16 08:16:52"
}{
    "status": 100,
    "message": "No record Found",
    "timestamp": "2024-03-16 08:49:10"
}{
    "status": 100,
    "data": [
        {
            "mobile": "3018709368",
            "name": "MUHAMMAD ASIF .",
            "cnic": "3320404691881",
            "address": "village ahmed bhan SAKRAND City SHAHEED BENAZIR ABAD Lahore"
        }
    ],
    "timestamp": "2024-03-16 09:04:59"
}{
    "status": 100,
    "message": "No record Found",
    "timestamp": "2024-03-16 09:10:14"
}{
    "status": 100,
    "data": [
        {
            "mobile": "3000142881",
            "name": "JAVED ALI BADSHAH .",
            "cnic": "2110367210367",
            "address": null
        },
        {
            "mobile": "3015024446",
            "name": "JAVED ALI BADSHAH .",
            "cnic": "2110367210367",
            "address": null
        },
        {
            "mobile": "3175426665",
            "name": "javid ali badshah",
            "cnic": "2110367210367",
            "address": null
        },
        {
            "mobile": "3471917001",
            "name": "JAVEED ALI BADSHAH",
            "cnic": "2110367210367",
            "address": "LOI SIM TEHSIL KHAAR BAJORH DISTRICT BAJORH AGENCY"
        },
        {
            "mobile": "3015022398",
            "name": "JAVED ALI BADSHAH .",
            "cnic": "2110367210367",
            "address": "LOI SIM TEHSIL KHAAR BAJORH AGENCY DIST TRICT BAJAUR AGENCY"
        }
    ],
    "timestamp": "2024-03-16 09:10:33"
}{
    "status": 100,
    "data": [
        {
            "mobile": "3447166211",
            "name": "MUHAMMAD RAFEEQ",
            "cnic": "3120202675949",
            "address": "KHAS BAHAWALPUR ABBAS NAGR BAHAWALPUR"
        }
    ],
    "timestamp": "2024-03-16 09:12:00"
}{
    "status": 100,
    "data": [
        {
            "mobile": "3136847179",
            "name": "DATA NOT RECIEVED FROM NADRA",
            "cnic": "3120202675949",
            "address": null
        },
        {
            "mobile": "3035296509",
            "name": "MUHAMMAD RAFEEQ",
            "cnic": "3120202675949",
            "address": "KHAS BAHAWALPUR ABBAS NAGR BAH AWALPUR Lahore"
        },
        {
            "mobile": "3042983701",
            "name": "MUHAMMAD RAFEEQ",
            "cnic": "3120202675949",
            "address": null
        },
        {
            "mobile": "3447166211",
            "name": "MUHAMMAD RAFEEQ",
            "cnic": "3120202675949",
            "address": "KHAS BAHAWALPUR ABBAS NAGR BAHAWALPUR"
        },
        {
            "mobile": "3055783210",
            "name": "MUHAMMAD RAFEEQ",
            "cnic": "3120202675949",
            "address": null
        },
        {
            "mobile": "3136845131",
            "name": "DATA NOT RECIEVED FROM NADRA",
            "cnic": "3120202675949",
            "address": null
        },
        {
            "mobile": "3055781162",
            "name": "MUHAMMAD RAFEEQ",
            "cnic": "3120202675949",
            "address": "KHAS BAHAWALPUR ABBAS NAGR BAH AWALPUR Lahore"
        }
    ],
    "timestamp": "2024-03-16 09:12:50"
}{
    "status": 100,
    "data": [
        {
            "mobile": "3144404314",
            "name": "QAISAR KHAN .",
            "cnic": "1710196376721",
            "address": null
        },
        {
            "mobile": "3144404314",
            "name": "DATA NOT RECIEVED FROM NADRA",
            "cnic": "3520251580023",
            "address": null
        }
    ],
    "timestamp": "2024-03-16 09:14:03"
}{
    "status": 100,
    "data": [
        {
            "mobile": "3097658178",
            "name": "QAISAR KHAN .",
            "cnic": "1710196376721",
            "address": "village ahmed bhan SAKRAND City SHAHEED BENAZIR ABAD Lahore"
        },
        {
            "mobile": "3144404314",
            "name": "QAISAR KHAN .",
            "cnic": "1710196376721",
            "address": null
        },
        {
            "mobile": "3249053518",
            "name": "QAISAR KHAN .",
            "cnic": "1710196376721",
            "address": null
        }
    ],
    "timestamp": "2024-03-16 09:15:31"
}{
    "status": 100,
    "message": "No record Found",
    "timestamp": "2024-03-16 09:16:31"
}{
    "status": 100,
    "message": "No record Found",
    "timestamp": "2024-03-16 09:17:02"
}{
    "status": 100,
    "data": [
        {
            "mobile": "3056567599",
            "name": "RUKHSANA BEGUM .",
            "cnic": "3620299692480",
            "address": "KEHRORH PAKKA CHAHARAM KAROORH WALA BER RHA N PO R LODHRAN LODHRAN"
        }
    ],
    "timestamp": "2024-03-16 09:17:58"
}{
    "status": 100,
    "message": "No record Found",
    "timestamp": "2024-03-16 09:18:03"
}{
    "status": 100,
    "data": [
        {
            "mobile": "3076921172",
            "name": "MUHAMMAD RAMZAN",
            "cnic": "3110248099985",
            "address": "BAKSHAN KHAN CHISHTIAN CHAK NU MBER 009 FORD WAH BAHAWALNAGAR Lahore"
        },
        {
            "mobile": "3076921172",
            "name": "MUHAMMAD WAQAS .",
            "cnic": "3630389952315",
            "address": null
        },
        {
            "mobile": "3076921172",
            "name": "SULTAN",
            "cnic": "3640259473921",
            "address": "ARAZI TAIK CHAND HARI PUR PAKPATTAN Pak Patten"
        }
    ],
    "timestamp": "2024-03-16 09:19:46"
}{
    "status": 100,
    "data": [
        {
            "mobile": "3044009222",
            "name": "AYYAZ KHAN .",
            "cnic": "1710115178395",
            "address": null
        },
        {
            "mobile": "3044009222",
            "name": "ALI IJAZ",
            "cnic": "3510138704765",
            "address": "ARZANI PUR CHONIYA SHAMS PURA KASUR ARZANI PUR CHONIYA SHAMS PURA KASUR Kasur"
        }
    ],
    "timestamp": "2024-03-16 09:20:11"
}{
    "timestamp": "2024-03-16 09:20:37"
}{
    "status": 100,
    "data": [
        {
            "mobile": "3071596812",
            "name": "KUBRA MAIE .",
            "cnic": "3120144350114",
            "address": "HATHIJI AHMEDPUR KOTLA BAQIR SHAH BAHAW WALPUR BAHAWALPUR G.P.O."
        }
    ],
    "timestamp": "2024-03-16 09:23:31"
}{
    "status": 100,
    "message": "No record Found",
    "timestamp": "2024-03-16 09:24:03"
}{
    "status": 100,
    "data": [
        {
            "mobile": "3081218640",
            "name": "MUHAMMAD MOHSIN .",
            "cnic": "3120229375177",
            "address": "NAZD JAMAI MASJID ANWAR MUSTAFA MOHALA SABIR COLONY BAHAWALPUR PAKISTAN"
        }
    ],
    "timestamp": "2024-03-16 09:24:33"
}{
    "status": 100,
    "message": "No record Found",
    "timestamp": "2024-03-16 09:26:03"
}{
    "status": 100,
    "message": "No record Found",
    "timestamp": "2024-03-16 09:26:15"
}{
    "status": 100,
    "message": "No record Found",
    "timestamp": "2024-03-16 09:26:37"
}{
    "status": 100,
    "data": [
        {
            "mobile": "3489383799",
            "name": "WALI KHAN",
            "cnic": "1120123949131",
            "address": "SARAI NORANG TEHSIL LUCKY MARWAT DISTRICT LUCKY MA"
        }
    ],
    "timestamp": "2024-03-16 09:28:10"
}{
    "status": 100,
    "data": [
        {
            "mobile": "3056778711",
            "name": "MITTHU .",
            "cnic": "3130430219679",
            "address": "LINK ROAD BASTI ZOR KOT POST OFFICE SAD DIQ ABAD DISTRICT RAHIM YAAR KHAN RAHIMYAR KHAN G.P.O."
        },
        {
            "mobile": "3056778711",
            "name": "SABIR ALI .",
            "cnic": "3630475517787",
            "address": null
        }
    ],
    "timestamp": "2024-03-16 09:29:24"
}{
    "status": 100,
    "data": [
        {
            "mobile": "3027432047",
            "name": "MUHAMMAD JAMSHAID AKMAL .",
            "cnic": "3620248570053",
            "address": "1 HASIL WALA KAROORH PAKKA BAHA D YE WAHAN 3622 Lodhran"
        }
    ],
    "timestamp": "2024-03-16 09:52:48"
}{
    "status": 100,
    "data": [
        {
            "mobile": "3095540129",
            "name": "MUHAMMAD IQBAL",
            "cnic": "3510230534235",
            "address": "KHADIYAAN KHAS KASUR JATYAN KA SUR Lahore"
        }
    ],
    "timestamp": "2024-03-16 09:53:04"
}{
    "status": 100,
    "message": "No record Found",
    "timestamp": "2024-03-16 09:56:36"
}{
    "status": 100,
    "message": "No record Found",
    "timestamp": "2024-03-16 09:56:45"
}{
    "status": 100,
    "message": "No record Found",
    "timestamp": "2024-03-16 09:59:41"
}{
    "status": 100,
    "message": "No record Found",
    "timestamp": "2024-03-16 10:17:06"
}{
    "status": 100,
    "data": [
        {
            "mobile": "3246634156",
            "name": "RUKHSINA AFZAL .",
            "cnic": "3510229892336",
            "address": null
        }
    ],
    "timestamp": "2024-03-16 10:19:35"
}{
    "status": 100,
    "data": [
        {
            "mobile": "3246634156",
            "name": "RUKHSINA AFZAL .",
            "cnic": "3510229892336",
            "address": null
        }
    ],
    "timestamp": "2024-03-16 10:20:29"
}{
    "status": 100,
    "data": [
        {
            "mobile": "3246634156",
            "name": "RUKHSINA AFZAL .",
            "cnic": "3510229892336",
            "address": null
        }
    ],
    "timestamp": "2024-03-16 10:20:37"
}{
    "status": 100,
    "data": [
        {
            "mobile": "3004110751",
            "name": "WASEEM ABBAS JAFRI",
            "cnic": "3450275620585",
            "address": null
        },
        {
            "mobile": "3004110751",
            "name": "MUHAMMAD SHAKEEL .",
            "cnic": "3520137297677",
            "address": "MOHALA WARD NUMBER 7 FEROZ PUR ROAD KAA AHNA NO TEHSIL LAHORE CANTT DISTRICT LAHORE G.P.O"
        }
    ],
    "timestamp": "2024-03-16 10:27:55"
}{
    "status": 100,
    "data": [
        {
            "mobile": "3003433300",
            "name": "FAROOQ AHMAD",
            "cnic": "4320366888257",
            "address": "BACHAL MAHESAR LARRKANA GOTH B ACHAL MAHESAR LARRKANA Lahore"
        },
        {
            "mobile": "3147732444",
            "name": "Not Available",
            "cnic": "4320366888257",
            "address": "Post-PAID"
        },
        {
            "mobile": "3337563300",
            "name": "FAROOQ AHMAD",
            "cnic": "4320366888257",
            "address": "BACHAL MUHESIR LARKANA GHOT BA"
        },
        {
            "mobile": "3337561252",
            "name": "FAROOQ AHMAD",
            "cnic": "4320366888257",
            "address": "BACHAL MUHESIR LARKANA GHOT BA"
        },
        {
            "mobile": "3147730396",
            "name": "farooque  ahmed",
            "cnic": "4320366888257",
            "address": null
        },
        {
            "mobile": "3111346120",
            "name": "farooque  ahmed",
            "cnic": "4320366888257",
            "address": null
        },
        {
            "mobile": "3097463186",
            "name": "FAROOQ AHMAD",
            "cnic": "4320366888257",
            "address": "BACHAL MAHESAR LARRKANA GOTH B ACHAL MAHESAR LARRKANA Lahore"
        }
    ],
    "timestamp": "2024-03-16 10:29:58"
}{
    "status": 100,
    "data": [
        {
            "mobile": "3075209091",
            "name": "MUHAMMAD ZAHID .",
            "cnic": "3620263582111",
            "address": null
        }
    ],
    "timestamp": "2024-03-16 10:32:48"
}{
    "status": 100,
    "data": [
        {
            "mobile": "3484635633",
            "name": "RKHSANH SAGHEER",
            "cnic": "3460261377026",
            "address": "DAAK KHANA BADYANA BOOTER TEHSIL PASROOR DISTRICT"
        }
    ],
    "timestamp": "2024-03-16 10:33:25"
}{
    "status": 100,
    "message": "No record Found",
    "timestamp": "2024-03-16 10:39:08"
}{
    "status": 100,
    "data": [
        {
            "mobile": "3455329881",
            "name": null,
            "cnic": "3520218335965",
            "address": null
        }
    ],
    "timestamp": "2024-03-16 10:47:23"
}{
    "status": 100,
    "message": "No record Found",
    "timestamp": "2024-03-16 10:53:44"
}{
    "status": 100,
    "message": "No record Found",
    "timestamp": "2024-03-16 11:21:18"
}{
    "status": 100,
    "message": "No record Found",
    "timestamp": "2024-03-16 11:21:29"
}{
    "status": 100,
    "message": "No record Found",
    "timestamp": "2024-03-16 11:25:17"
}{
    "status": 100,
    "data": [
        {
            "mobile": "3205064023",
            "name": "GHULAM FATIMA .",
            "cnic": "3720301655766",
            "address": null
        }
    ],
    "timestamp": "2024-03-16 11:30:01"
}{
    "timestamp": "2024-03-16 11:49:55"
}{
    "status": 100,
    "data": [
        {
            "mobile": "3074826009",
            "name": "SARFRAZ AHMAD .",
            "cnic": "3220359859129",
            "address": null
        },
        {
            "mobile": "3074826009",
            "name": "MUHAMMAD SAJJAD",
            "cnic": "3660348544299",
            "address": "CHAK NO 157 DHANGI COLONY  Lahore"
        }
    ],
    "timestamp": "2024-03-16 12:01:38"
}{
    "status": 100,
    "message": "No record Found",
    "timestamp": "2024-03-16 12:17:48"
}{
    "status": 100,
    "data": [
        {
            "mobile": "3416210319",
            "name": "FAREED H KHATOON",
            "cnic": "4320186240110",
            "address": "GOTH ALMAATI DAAK KHANA TATARI KHAIRU JHATHIAL TEH"
        },
        {
            "mobile": "3483363069",
            "name": "FAREED H KHATOON",
            "cnic": "4320186240110",
            "address": "GOTH ALMAATI DAAK KHANA TATARI KHAIRU JHATHIAL TEH"
        }
    ],
    "timestamp": "2024-03-16 12:42:30"
}{
    "status": 100,
    "message": "No record Found",
    "timestamp": "2024-03-16 12:42:52"
}{
    "status": 100,
    "message": "No record Found",
    "timestamp": "2024-03-16 12:52:42"
}{
    "status": 100,
    "message": "No record Found",
    "timestamp": "2024-03-16 12:52:46"
}{
    "status": 100,
    "message": "No record Found",
    "timestamp": "2024-03-16 12:56:02"
}{
    "status": 100,
    "message": "No record Found",
    "timestamp": "2024-03-16 12:56:21"
}{
    "status": 100,
    "data": [
        {
            "mobile": "3325965521",
            "name": "FADBN QAMAR",
            "cnic": "1310134756345",
            "address": "LWRHAEEBT ABAD DILORAH ABBOT A"
        },
        {
            "mobile": "3167320096",
            "name": "new  cust",
            "cnic": "1310134756345",
            "address": "Post-PAID"
        },
        {
            "mobile": "3068495521",
            "name": "FADBN QAMAR .",
            "cnic": "1310134756345",
            "address": null
        },
        {
            "mobile": "3452679096",
            "name": "FADBN QAMAR",
            "cnic": "1310134756345",
            "address": "LORA ABBOT ABAD LORA ABBOT ABAD"
        },
        {
            "mobile": "3325963473",
            "name": "FADBN QAMAR",
            "cnic": "1310134756345",
            "address": "LWRHAEEBT ABAD DILORAH ABBOT A"
        },
        {
            "mobile": "3174909561",
            "name": "DATA NOT RECIEVED FROM NADRA",
            "cnic": "1310134756345",
            "address": null
        }
    ],
    "timestamp": "2024-03-16 13:08:51"
}{
    "status": 100,
    "data": [
        {
            "mobile": "3021757719",
            "name": "MUHAMMAD SAQLAIN SIJAD .",
            "cnic": "3630132578571",
            "address": null
        }
    ],
    "timestamp": "2024-03-16 13:50:58"
}{
    "status": 100,
    "data": [
        {
            "mobile": "3054536180",
            "name": "FAISAL BILAL",
            "cnic": "3520239543329",
            "address": "A\/2257 FORT ROAD LAHORE CITY F ORT ROAD LAHORE LAHORE Lahore"
        },
        {
            "mobile": "3054536180",
            "name": "AZIZ ALREHMAN KHAN",
            "cnic": "3610330704957",
            "address": "KACHA KHOH KHANEWAL CHAK NUMBE R 25\/10- R KHANIWAL Lahore"
        }
    ],
    "timestamp": "2024-03-16 14:01:57"
}{
    "status": 100,
    "data": [
        {
            "mobile": "3350287580",
            "name": "SHAISTA B B .",
            "cnic": "3630478882910",
            "address": null
        }
    ],
    "timestamp": "2024-03-16 14:02:36"
}{
    "status": 100,
    "message": "No record Found",
    "timestamp": "2024-03-16 14:25:13"
}{
    "status": 100,
    "message": "No record Found",
    "timestamp": "2024-03-16 14:35:56"
}{
    "status": 100,
    "data": [
        {
            "mobile": "3338343781",
            "name": "USAMA REHMAN",
            "cnic": "1310147549217",
            "address": null
        }
    ],
    "timestamp": "2024-03-16 14:40:13"
}{
    "status": 100,
    "message": "No record Found",
    "timestamp": "2024-03-16 14:51:22"
}{
    "status": 100,
    "data": [
        {
            "mobile": "3073940861",
            "name": "SAIF ALLAH .",
            "cnic": "4520387476749",
            "address": null
        }
    ],
    "timestamp": "2024-03-16 14:55:52"
}{
    "status": 100,
    "message": "No record Found",
    "timestamp": "2024-03-16 15:08:32"
}{
    "status": 100,
    "data": [
        {
            "mobile": "3489423961",
            "name": "NUSRAT ALI KHAN",
            "cnic": "1420363169839",
            "address": "AHMEDABAD TAKHT NUSRATI ASOT KALLA KARAK"
        }
    ],
    "timestamp": "2024-03-16 16:25:21"
}{
    "status": 100,
    "data": [
        {
            "mobile": "3146506159",
            "name": "shahzad  iqbal",
            "cnic": "3230312209451",
            "address": null
        }
    ],
    "timestamp": "2024-03-16 16:40:37"
}{
    "timestamp": "2024-03-16 16:42:12"
}{
    "timestamp": "2024-03-16 16:42:58"
}{
    "timestamp": "2024-03-16 16:43:01"
}{
    "status": 100,
    "data": [
        {
            "mobile": "3057177964",
            "name": "ANS HAMEED .",
            "cnic": "3310073335287",
            "address": null
        }
    ],
    "timestamp": "2024-03-16 16:43:03"
}{
    "status": 100,
    "data": [
        {
            "mobile": "3057177964",
            "name": "ANS HAMEED .",
            "cnic": "3310073335287",
            "address": null
        },
        {
            "mobile": "3091799486",
            "name": "ANS HAMEED .",
            "cnic": "3310073335287",
            "address": null
        }
    ],
    "timestamp": "2024-03-16 16:43:11"
}{
    "timestamp": "2024-03-16 16:44:48"
}{
    "status": 100,
    "data": [
        {
            "mobile": "3417027408",
            "name": null,
            "cnic": "3840306085999",
            "address": null
        }
    ],
    "timestamp": "2024-03-16 16:45:57"
}{
    "status": 100,
    "data": [
        {
            "mobile": "3067808408",
            "name": "M RIZWAN NAWAZ .",
            "cnic": "3840306085999",
            "address": null
        },
        {
            "mobile": "3417027408",
            "name": null,
            "cnic": "3840306085999",
            "address": null
        }
    ],
    "timestamp": "2024-03-16 16:46:20"
}{
    "status": 100,
    "message": "No record Found",
    "timestamp": "2024-03-16 16:58:47"
}{
    "status": 100,
    "data": [
        {
            "mobile": "3319714796",
            "name": "RIAZ HUSSAIN",
            "cnic": "3240413936407",
            "address": "UMER KWTRWJHANQADRHRAJN PUR"
        }
    ],
    "timestamp": "2024-03-16 16:58:57"
}{
    "status": 100,
    "data": [
        {
            "mobile": "3036448912",
            "name": "KALEEM ALLAH",
            "cnic": "3240333672691",
            "address": "ROJHAAN ROJHAAN QADIRA RAJAN PUR"
        }
    ],
    "timestamp": "2024-03-16 16:59:10"
}{
    "status": 100,
    "data": [
        {
            "mobile": "3249400975",
            "name": "KHURSHID BIBI .",
            "cnic": "3320137245594",
            "address": null
        }
    ],
    "timestamp": "2024-03-16 17:00:27"
}{
    "status": 100,
    "data": [
        {
            "mobile": "3249400975",
            "name": "KHURSHID BIBI .",
            "cnic": "3320137245594",
            "address": null
        },
        {
            "mobile": "3352806035",
            "name": "KHURSHID BI BI",
            "cnic": "3320137245594",
            "address": "DAAK KHANA LALIAN CHAK BAHADUR TEHSIL LALIAN ZILAH CHINIOT"
        }
    ],
    "timestamp": "2024-03-16 17:00:36"
}{
    "timestamp": "2024-03-16 17:09:46"
}{
    "status": 100,
    "data": [
        {
            "mobile": "3207483733",
            "name": "BACHU .",
            "cnic": "4430303858973",
            "address": null
        }
    ],
    "timestamp": "2024-03-16 17:12:01"
}{
    "status": 100,
    "data": [
        {
            "mobile": "3207483733",
            "name": "BACHU .",
            "cnic": "4430303858973",
            "address": null
        }
    ],
    "timestamp": "2024-03-16 17:12:13"
}{
    "status": 100,
    "message": "No record Found",
    "timestamp": "2024-03-16 17:30:07"
}{
    "status": 100,
    "data": [
        {
            "mobile": "3005133786",
            "name": "KHALIL HUSSAIN",
            "cnic": "3520223531253",
            "address": "H NO 5-C POONCH HOUSE COLONY MULTAN ROAD  LHR Lahore"
        }
    ],
    "timestamp": "2024-03-16 18:32:50"
}{
    "status": 100,
    "data": [
        {
            "mobile": "3014774776",
            "name": "KHALIL HUSSAIN",
            "cnic": "3520223531253",
            "address": null
        }
    ],
    "timestamp": "2024-03-16 18:33:48"
}{
    "status": 100,
    "data": [
        {
            "mobile": "3097413417",
            "name": "MAJID ALI .",
            "cnic": "3510322931161",
            "address": "village ahmed bhan SAKRAND City SHAHEED BENAZIR ABAD Lahore"
        },
        {
            "mobile": "3097413417",
            "name": "ABDUL KHALIQ",
            "cnic": "3660226162463",
            "address": null
        }
    ],
    "timestamp": "2024-03-16 18:34:04"
}{
    "status": 100,
    "data": [
        {
            "mobile": "3097413417",
            "name": "MAJID ALI .",
            "cnic": "3510322931161",
            "address": "village ahmed bhan SAKRAND City SHAHEED BENAZIR ABAD Lahore"
        },
        {
            "mobile": "3097413417",
            "name": "ABDUL KHALIQ",
            "cnic": "3660226162463",
            "address": null
        }
    ],
    "timestamp": "2024-03-16 18:44:45"
}{
    "status": 100,
    "data": [
        {
            "mobile": "3006355363",
            "name": "SHAHID MEHMOOD .",
            "cnic": "3630246710283",
            "address": null
        }
    ],
    "timestamp": "2024-03-16 18:44:56"
}{
    "status": 100,
    "data": [
        {
            "mobile": "3087404855",
            "name": "HINA SHAHZAD .",
            "cnic": "3310290796162",
            "address": "HOUSE NUMBER P-390 STREET NUMBER 10 MOHALA MANSOOR ABAD FAISAL TEHSIL FAISAL ABAD CITY DISTRICT FAI"
        },
        {
            "mobile": "3087404855",
            "name": "M SAEED",
            "cnic": "3630204428497",
            "address": "ST# 2 MULTAN Multan"
        }
    ],
    "timestamp": "2024-03-16 18:48:16"
}{
    "status": 100,
    "data": [
        {
            "mobile": "3090791591",
            "name": "ABDUL KHALIQ",
            "cnic": "3660226162463",
            "address": null
        }
    ],
    "timestamp": "2024-03-16 18:48:54"
}{
    "status": 100,
    "data": [
        {
            "mobile": "3332822007",
            "name": "FARHAT WASEEM",
            "cnic": "3660316416621",
            "address": "MUSLIM TOWN "
        }
    ],
    "timestamp": "2024-03-16 18:50:19"
}{
    "status": 100,
    "data": [
        {
            "mobile": "3007781184",
            "name": "MUHAMMAD ILYAS .",
            "cnic": "3660241291643",
            "address": "KHAS MAILSI CHAK NUMBER 184 W B VEHARI  Vehari"
        }
    ],
    "timestamp": "2024-03-16 18:50:49"
}{
    "status": 100,
    "data": [
        {
            "mobile": "3036407863",
            "name": "LAIQAT ALI",
            "cnic": "3660278778989",
            "address": "CHAK NO 149 WB P\/O DOKOTA MAILSI  Mailsi"
        }
    ],
    "timestamp": "2024-03-16 18:51:30"
}{
    "status": 100,
    "data": [
        {
            "mobile": "3444455092",
            "name": "SOHAIL IJAZ",
            "cnic": "3660314106307",
            "address": "GARHA MOR MAILSI CHAK NUMBER 92 W B VEHARI"
        }
    ],
    "timestamp": "2024-03-16 18:52:10"
}{
    "status": 100,
    "data": [
        {
            "mobile": "3076857169",
            "name": "NIAZ AHMAD .",
            "cnic": "3530321130729",
            "address": "DAAK KHANA KHAS MAPA LAKAY TEHSIL RENAL LA KHURD DISTRICT OKARA OKARA G.P.O."
        },
        {
            "mobile": "3076857169",
            "name": "MUHAMMAD SHEHBAZ BADAR",
            "cnic": "3660209604673",
            "address": null
        }
    ],
    "timestamp": "2024-03-16 18:52:32"
}{
    "status": 100,
    "data": [
        {
            "mobile": "3075656811",
            "name": "ISRAR ALLAH .",
            "cnic": "1530203168063",
            "address": null
        },
        {
            "mobile": "3075656811",
            "name": "MUHAMMAD RAMZAN .",
            "cnic": "3520228617825",
            "address": "HOUSE NUMBER 8 STREET \/ MOHALA 4 MUHAMMAD PURA ICHRA DAAK KHANA ICHRA LAHORE CITY TEHSIL DISTRIC"
        }
    ],
    "timestamp": "2024-03-16 19:20:33"
}{
    "status": 100,
    "data": [
        {
            "mobile": "3080277647",
            "name": "SAJJAD AHMAD .",
            "cnic": "3510202158303",
            "address": null
        }
    ],
    "timestamp": "2024-03-16 19:44:42"
}{
    "status": 100,
    "data": [
        {
            "mobile": "3209305014",
            "name": "NASHTEY BEHAN .",
            "cnic": "1530644390754",
            "address": null
        }
    ],
    "timestamp": "2024-03-16 19:48:44"
}{
    "status": 100,
    "message": "No record Found",
    "timestamp": "2024-03-16 19:51:38"
}{
    "status": 100,
    "message": "No record Found",
    "timestamp": "2024-03-16 19:51:59"
}{
    "status": 100,
    "message": "No record Found",
    "timestamp": "2024-03-16 20:11:10"
}{
    "status": 100,
    "data": [
        {
            "mobile": "3059815464",
            "name": "UBAID UR REHMAN",
            "cnic": "3620179301479",
            "address": null
        },
        {
            "mobile": "3059815464",
            "name": "SAMINA B B",
            "cnic": "3630266043202",
            "address": "541\/W-5 MLTANKTAR WN WALAACHAR WALI STREET CHORI SARAI MULTA Gujrat"
        }
    ],
    "timestamp": "2024-03-16 20:11:35"
}{
    "status": 100,
    "data": [
        {
            "mobile": "3077765381",
            "name": "AKHTARI B B .",
            "cnic": "3620105374540",
            "address": "MEWATI WALI WARD NUMBER 15 DUNIYAPUR  Lodhran"
        }
    ],
    "timestamp": "2024-03-16 20:13:52"
}{
    "status": 100,
    "data": [
        {
            "mobile": "3007248908",
            "name": "RAHEEL SHAFI",
            "cnic": "3310244839087",
            "address": "3687 FAISAL ABAD CITY LIAQUAT ABAD NUMBER 1 BAKKAR MANDI ROA Lahore"
        },
        {
            "mobile": "3010932724",
            "name": "RAHEEL SHAFI",
            "cnic": "3310244839087",
            "address": null
        },
        {
            "mobile": "3126539791",
            "name": "DATA NOT RECIEVED FROM NADRA",
            "cnic": "3310244839087",
            "address": null
        },
        {
            "mobile": "3111709273",
            "name": "DATA NOT RECIEVED FROM NADRA",
            "cnic": "3310244839087",
            "address": null
        },
        {
            "mobile": "3126639791",
            "name": "DATA NOT RECIEVED FROM NADRA",
            "cnic": "3310244839087",
            "address": null
        },
        {
            "mobile": "0412656791",
            "name": "RAHEEL SHAFI",
            "cnic": "3310244839087",
            "address": null
        },
        {
            "mobile": "3042889244",
            "name": "RAHEEL SHAFI",
            "cnic": "3310244839087",
            "address": null
        },
        {
            "mobile": "3154813626",
            "name": "RAHEEL SHAFI",
            "cnic": "3310244839087",
            "address": "3687 FAISAL ABAD CITY LIAQUAT ABAD NUMBER 1 BAKKAR MANDI ROA Lahore"
        },
        {
            "mobile": "3206639791",
            "name": "RAHEEL SHAFEEH",
            "cnic": "3310244839087",
            "address": "3687 FAISAL ABAD CITY LIAQUAT ABAD NUMBER 1 BAKKAR MANDI ROAD FAISAL ABAD FAISAL ABAD"
        },
        {
            "mobile": "3327052600",
            "name": "RAHEEL SHAFI",
            "cnic": "3310244839087",
            "address": ""
        },
        {
            "mobile": "3356419165",
            "name": "Raheel Shafi",
            "cnic": "3310244839087",
            "address": "House No 368 Gali No 7 Liaqat"
        },
        {
            "mobile": "3126637743",
            "name": "DATA NOT RECIEVED FROM NADRA",
            "cnic": "3310244839087",
            "address": null
        },
        {
            "mobile": "3126537743",
            "name": "DATA NOT RECIEVED FROM NADRA",
            "cnic": "3310244839087",
            "address": null
        },
        {
            "mobile": "3067078333",
            "name": "RAHEEL SHAFI",
            "cnic": "3310244839087",
            "address": "3687 FAISAL ABAD CITY LIAQUAT ABAD NUMBER 1 BAKKAR MANDI ROA Lahore"
        },
        {
            "mobile": "3007997716",
            "name": "RAHEEL SHAFI",
            "cnic": "3310244839087",
            "address": "3687 FAISAL ABAD CITY LIAQUAT ABAD NUMBER 1 BAKKAR MANDI ROA Lahore"
        },
        {
            "mobile": "3007999764",
            "name": "RAHEEL SHAFI",
            "cnic": "3310244839087",
            "address": "3687 FAISAL ABAD CITY LIAQUAT ABAD NUMBER 1 BAKKAR MANDI ROA Lahore"
        }
    ],
    "timestamp": "2024-03-16 22:27:59"
}{
    "status": 100,
    "data": [
        {
            "mobile": "3007248908",
            "name": "RAHEEL SHAFI",
            "cnic": "3310244839087",
            "address": "3687 FAISAL ABAD CITY LIAQUAT ABAD NUMBER 1 BAKKAR MANDI ROA Lahore"
        },
        {
            "mobile": "3010932724",
            "name": "RAHEEL SHAFI",
            "cnic": "3310244839087",
            "address": null
        },
        {
            "mobile": "3126539791",
            "name": "DATA NOT RECIEVED FROM NADRA",
            "cnic": "3310244839087",
            "address": null
        },
        {
            "mobile": "3111709273",
            "name": "DATA NOT RECIEVED FROM NADRA",
            "cnic": "3310244839087",
            "address": null
        },
        {
            "mobile": "3126639791",
            "name": "DATA NOT RECIEVED FROM NADRA",
            "cnic": "3310244839087",
            "address": null
        },
        {
            "mobile": "0412656791",
            "name": "RAHEEL SHAFI",
            "cnic": "3310244839087",
            "address": null
        },
        {
            "mobile": "3042889244",
            "name": "RAHEEL SHAFI",
            "cnic": "3310244839087",
            "address": null
        },
        {
            "mobile": "3154813626",
            "name": "RAHEEL SHAFI",
            "cnic": "3310244839087",
            "address": "3687 FAISAL ABAD CITY LIAQUAT ABAD NUMBER 1 BAKKAR MANDI ROA Lahore"
        },
        {
            "mobile": "3206639791",
            "name": "RAHEEL SHAFEEH",
            "cnic": "3310244839087",
            "address": "3687 FAISAL ABAD CITY LIAQUAT ABAD NUMBER 1 BAKKAR MANDI ROAD FAISAL ABAD FAISAL ABAD"
        },
        {
            "mobile": "3327052600",
            "name": "RAHEEL SHAFI",
            "cnic": "3310244839087",
            "address": ""
        },
        {
            "mobile": "3356419165",
            "name": "Raheel Shafi",
            "cnic": "3310244839087",
            "address": "House No 368 Gali No 7 Liaqat"
        },
        {
            "mobile": "3126637743",
            "name": "DATA NOT RECIEVED FROM NADRA",
            "cnic": "3310244839087",
            "address": null
        },
        {
            "mobile": "3126537743",
            "name": "DATA NOT RECIEVED FROM NADRA",
            "cnic": "3310244839087",
            "address": null
        },
        {
            "mobile": "3067078333",
            "name": "RAHEEL SHAFI",
            "cnic": "3310244839087",
            "address": "3687 FAISAL ABAD CITY LIAQUAT ABAD NUMBER 1 BAKKAR MANDI ROA Lahore"
        },
        {
            "mobile": "3007997716",
            "name": "RAHEEL SHAFI",
            "cnic": "3310244839087",
            "address": "3687 FAISAL ABAD CITY LIAQUAT ABAD NUMBER 1 BAKKAR MANDI ROA Lahore"
        },
        {
            "mobile": "3007999764",
            "name": "RAHEEL SHAFI",
            "cnic": "3310244839087",
            "address": "3687 FAISAL ABAD CITY LIAQUAT ABAD NUMBER 1 BAKKAR MANDI ROA Lahore"
        }
    ],
    "timestamp": "2024-03-16 22:30:27"
}{
    "status": 100,
    "data": [
        {
            "mobile": "3007248908",
            "name": "RAHEEL SHAFI",
            "cnic": "3310244839087",
            "address": "3687 FAISAL ABAD CITY LIAQUAT ABAD NUMBER 1 BAKKAR MANDI ROA Lahore"
        },
        {
            "mobile": "3010932724",
            "name": "RAHEEL SHAFI",
            "cnic": "3310244839087",
            "address": null
        },
        {
            "mobile": "3126539791",
            "name": "DATA NOT RECIEVED FROM NADRA",
            "cnic": "3310244839087",
            "address": null
        },
        {
            "mobile": "3111709273",
            "name": "DATA NOT RECIEVED FROM NADRA",
            "cnic": "3310244839087",
            "address": null
        },
        {
            "mobile": "3126639791",
            "name": "DATA NOT RECIEVED FROM NADRA",
            "cnic": "3310244839087",
            "address": null
        },
        {
            "mobile": "0412656791",
            "name": "RAHEEL SHAFI",
            "cnic": "3310244839087",
            "address": null
        },
        {
            "mobile": "3042889244",
            "name": "RAHEEL SHAFI",
            "cnic": "3310244839087",
            "address": null
        },
        {
            "mobile": "3154813626",
            "name": "RAHEEL SHAFI",
            "cnic": "3310244839087",
            "address": "3687 FAISAL ABAD CITY LIAQUAT ABAD NUMBER 1 BAKKAR MANDI ROA Lahore"
        },
        {
            "mobile": "3206639791",
            "name": "RAHEEL SHAFEEH",
            "cnic": "3310244839087",
            "address": "3687 FAISAL ABAD CITY LIAQUAT ABAD NUMBER 1 BAKKAR MANDI ROAD FAISAL ABAD FAISAL ABAD"
        },
        {
            "mobile": "3327052600",
            "name": "RAHEEL SHAFI",
            "cnic": "3310244839087",
            "address": ""
        },
        {
            "mobile": "3356419165",
            "name": "Raheel Shafi",
            "cnic": "3310244839087",
            "address": "House No 368 Gali No 7 Liaqat"
        },
        {
            "mobile": "3126637743",
            "name": "DATA NOT RECIEVED FROM NADRA",
            "cnic": "3310244839087",
            "address": null
        },
        {
            "mobile": "3126537743",
            "name": "DATA NOT RECIEVED FROM NADRA",
            "cnic": "3310244839087",
            "address": null
        },
        {
            "mobile": "3067078333",
            "name": "RAHEEL SHAFI",
            "cnic": "3310244839087",
            "address": "3687 FAISAL ABAD CITY LIAQUAT ABAD NUMBER 1 BAKKAR MANDI ROA Lahore"
        },
        {
            "mobile": "3007997716",
            "name": "RAHEEL SHAFI",
            "cnic": "3310244839087",
            "address": "3687 FAISAL ABAD CITY LIAQUAT ABAD NUMBER 1 BAKKAR MANDI ROA Lahore"
        },
        {
            "mobile": "3007999764",
            "name": "RAHEEL SHAFI",
            "cnic": "3310244839087",
            "address": "3687 FAISAL ABAD CITY LIAQUAT ABAD NUMBER 1 BAKKAR MANDI ROA Lahore"
        }
    ],
    "timestamp": "2024-03-16 22:42:19"
}{
    "timestamp": "2024-03-16 22:45:17"
}{
    "timestamp": "2024-03-16 23:09:44"
}{
    "status": 100,
    "data": [
        {
            "mobile": "3007248908",
            "name": "RAHEEL SHAFI",
            "cnic": "3310244839087",
            "address": "3687 FAISAL ABAD CITY LIAQUAT ABAD NUMBER 1 BAKKAR MANDI ROA Lahore"
        },
        {
            "mobile": "3010932724",
            "name": "RAHEEL SHAFI",
            "cnic": "3310244839087",
            "address": null
        },
        {
            "mobile": "3126539791",
            "name": "DATA NOT RECIEVED FROM NADRA",
            "cnic": "3310244839087",
            "address": null
        },
        {
            "mobile": "3111709273",
            "name": "DATA NOT RECIEVED FROM NADRA",
            "cnic": "3310244839087",
            "address": null
        },
        {
            "mobile": "3126639791",
            "name": "DATA NOT RECIEVED FROM NADRA",
            "cnic": "3310244839087",
            "address": null
        },
        {
            "mobile": "0412656791",
            "name": "RAHEEL SHAFI",
            "cnic": "3310244839087",
            "address": null
        },
        {
            "mobile": "3042889244",
            "name": "RAHEEL SHAFI",
            "cnic": "3310244839087",
            "address": null
        },
        {
            "mobile": "3154813626",
            "name": "RAHEEL SHAFI",
            "cnic": "3310244839087",
            "address": "3687 FAISAL ABAD CITY LIAQUAT ABAD NUMBER 1 BAKKAR MANDI ROA Lahore"
        },
        {
            "mobile": "3206639791",
            "name": "RAHEEL SHAFEEH",
            "cnic": "3310244839087",
            "address": "3687 FAISAL ABAD CITY LIAQUAT ABAD NUMBER 1 BAKKAR MANDI ROAD FAISAL ABAD FAISAL ABAD"
        },
        {
            "mobile": "3327052600",
            "name": "RAHEEL SHAFI",
            "cnic": "3310244839087",
            "address": ""
        },
        {
            "mobile": "3356419165",
            "name": "Raheel Shafi",
            "cnic": "3310244839087",
            "address": "House No 368 Gali No 7 Liaqat"
        },
        {
            "mobile": "3126637743",
            "name": "DATA NOT RECIEVED FROM NADRA",
            "cnic": "3310244839087",
            "address": null
        },
        {
            "mobile": "3126537743",
            "name": "DATA NOT RECIEVED FROM NADRA",
            "cnic": "3310244839087",
            "address": null
        },
        {
            "mobile": "3067078333",
            "name": "RAHEEL SHAFI",
            "cnic": "3310244839087",
            "address": "3687 FAISAL ABAD CITY LIAQUAT ABAD NUMBER 1 BAKKAR MANDI ROA Lahore"
        },
        {
            "mobile": "3007997716",
            "name": "RAHEEL SHAFI",
            "cnic": "3310244839087",
            "address": "3687 FAISAL ABAD CITY LIAQUAT ABAD NUMBER 1 BAKKAR MANDI ROA Lahore"
        },
        {
            "mobile": "3007999764",
            "name": "RAHEEL SHAFI",
            "cnic": "3310244839087",
            "address": "3687 FAISAL ABAD CITY LIAQUAT ABAD NUMBER 1 BAKKAR MANDI ROA Lahore"
        }
    ],
    "timestamp": "2024-03-16 23:09:56"
}{
    "status": 100,
    "data": [
        {
            "mobile": "3007248908",
            "name": "RAHEEL SHAFI",
            "cnic": "3310244839087",
            "address": "3687 FAISAL ABAD CITY LIAQUAT ABAD NUMBER 1 BAKKAR MANDI ROA Lahore"
        },
        {
            "mobile": "3010932724",
            "name": "RAHEEL SHAFI",
            "cnic": "3310244839087",
            "address": null
        },
        {
            "mobile": "3126539791",
            "name": "DATA NOT RECIEVED FROM NADRA",
            "cnic": "3310244839087",
            "address": null
        },
        {
            "mobile": "3111709273",
            "name": "DATA NOT RECIEVED FROM NADRA",
            "cnic": "3310244839087",
            "address": null
        },
        {
            "mobile": "3126639791",
            "name": "DATA NOT RECIEVED FROM NADRA",
            "cnic": "3310244839087",
            "address": null
        },
        {
            "mobile": "0412656791",
            "name": "RAHEEL SHAFI",
            "cnic": "3310244839087",
            "address": null
        },
        {
            "mobile": "3042889244",
            "name": "RAHEEL SHAFI",
            "cnic": "3310244839087",
            "address": null
        },
        {
            "mobile": "3154813626",
            "name": "RAHEEL SHAFI",
            "cnic": "3310244839087",
            "address": "3687 FAISAL ABAD CITY LIAQUAT ABAD NUMBER 1 BAKKAR MANDI ROA Lahore"
        },
        {
            "mobile": "3206639791",
            "name": "RAHEEL SHAFEEH",
            "cnic": "3310244839087",
            "address": "3687 FAISAL ABAD CITY LIAQUAT ABAD NUMBER 1 BAKKAR MANDI ROAD FAISAL ABAD FAISAL ABAD"
        },
        {
            "mobile": "3327052600",
            "name": "RAHEEL SHAFI",
            "cnic": "3310244839087",
            "address": ""
        },
        {
            "mobile": "3356419165",
            "name": "Raheel Shafi",
            "cnic": "3310244839087",
            "address": "House No 368 Gali No 7 Liaqat"
        },
        {
            "mobile": "3126637743",
            "name": "DATA NOT RECIEVED FROM NADRA",
            "cnic": "3310244839087",
            "address": null
        },
        {
            "mobile": "3126537743",
            "name": "DATA NOT RECIEVED FROM NADRA",
            "cnic": "3310244839087",
            "address": null
        },
        {
            "mobile": "3067078333",
            "name": "RAHEEL SHAFI",
            "cnic": "3310244839087",
            "address": "3687 FAISAL ABAD CITY LIAQUAT ABAD NUMBER 1 BAKKAR MANDI ROA Lahore"
        },
        {
            "mobile": "3007997716",
            "name": "RAHEEL SHAFI",
            "cnic": "3310244839087",
            "address": "3687 FAISAL ABAD CITY LIAQUAT ABAD NUMBER 1 BAKKAR MANDI ROA Lahore"
        },
        {
            "mobile": "3007999764",
            "name": "RAHEEL SHAFI",
            "cnic": "3310244839087",
            "address": "3687 FAISAL ABAD CITY LIAQUAT ABAD NUMBER 1 BAKKAR MANDI ROA Lahore"
        }
    ],
    "timestamp": "2024-03-16 23:10:00"
}{
    "status": 100,
    "data": [
        {
            "mobile": "3007248908",
            "name": "RAHEEL SHAFI",
            "cnic": "3310244839087",
            "address": "3687 FAISAL ABAD CITY LIAQUAT ABAD NUMBER 1 BAKKAR MANDI ROA Lahore"
        },
        {
            "mobile": "3010932724",
            "name": "RAHEEL SHAFI",
            "cnic": "3310244839087",
            "address": null
        },
        {
            "mobile": "3126539791",
            "name": "DATA NOT RECIEVED FROM NADRA",
            "cnic": "3310244839087",
            "address": null
        },
        {
            "mobile": "3111709273",
            "name": "DATA NOT RECIEVED FROM NADRA",
            "cnic": "3310244839087",
            "address": null
        },
        {
            "mobile": "3126639791",
            "name": "DATA NOT RECIEVED FROM NADRA",
            "cnic": "3310244839087",
            "address": null
        },
        {
            "mobile": "0412656791",
            "name": "RAHEEL SHAFI",
            "cnic": "3310244839087",
            "address": null
        },
        {
            "mobile": "3042889244",
            "name": "RAHEEL SHAFI",
            "cnic": "3310244839087",
            "address": null
        },
        {
            "mobile": "3154813626",
            "name": "RAHEEL SHAFI",
            "cnic": "3310244839087",
            "address": "3687 FAISAL ABAD CITY LIAQUAT ABAD NUMBER 1 BAKKAR MANDI ROA Lahore"
        },
        {
            "mobile": "3206639791",
            "name": "RAHEEL SHAFEEH",
            "cnic": "3310244839087",
            "address": "3687 FAISAL ABAD CITY LIAQUAT ABAD NUMBER 1 BAKKAR MANDI ROAD FAISAL ABAD FAISAL ABAD"
        },
        {
            "mobile": "3327052600",
            "name": "RAHEEL SHAFI",
            "cnic": "3310244839087",
            "address": ""
        },
        {
            "mobile": "3356419165",
            "name": "Raheel Shafi",
            "cnic": "3310244839087",
            "address": "House No 368 Gali No 7 Liaqat"
        },
        {
            "mobile": "3126637743",
            "name": "DATA NOT RECIEVED FROM NADRA",
            "cnic": "3310244839087",
            "address": null
        },
        {
            "mobile": "3126537743",
            "name": "DATA NOT RECIEVED FROM NADRA",
            "cnic": "3310244839087",
            "address": null
        },
        {
            "mobile": "3067078333",
            "name": "RAHEEL SHAFI",
            "cnic": "3310244839087",
            "address": "3687 FAISAL ABAD CITY LIAQUAT ABAD NUMBER 1 BAKKAR MANDI ROA Lahore"
        },
        {
            "mobile": "3007997716",
            "name": "RAHEEL SHAFI",
            "cnic": "3310244839087",
            "address": "3687 FAISAL ABAD CITY LIAQUAT ABAD NUMBER 1 BAKKAR MANDI ROA Lahore"
        },
        {
            "mobile": "3007999764",
            "name": "RAHEEL SHAFI",
            "cnic": "3310244839087",
            "address": "3687 FAISAL ABAD CITY LIAQUAT ABAD NUMBER 1 BAKKAR MANDI ROA Lahore"
        }
    ],
    "timestamp": "2024-03-16 23:10:04"
}{
    "status": 100,
    "data": [
        {
            "mobile": "3007248908",
            "name": "RAHEEL SHAFI",
            "cnic": "3310244839087",
            "address": "3687 FAISAL ABAD CITY LIAQUAT ABAD NUMBER 1 BAKKAR MANDI ROA Lahore"
        },
        {
            "mobile": "3010932724",
            "name": "RAHEEL SHAFI",
            "cnic": "3310244839087",
            "address": null
        },
        {
            "mobile": "3126539791",
            "name": "DATA NOT RECIEVED FROM NADRA",
            "cnic": "3310244839087",
            "address": null
        },
        {
            "mobile": "3111709273",
            "name": "DATA NOT RECIEVED FROM NADRA",
            "cnic": "3310244839087",
            "address": null
        },
        {
            "mobile": "3126639791",
            "name": "DATA NOT RECIEVED FROM NADRA",
            "cnic": "3310244839087",
            "address": null
        },
        {
            "mobile": "0412656791",
            "name": "RAHEEL SHAFI",
            "cnic": "3310244839087",
            "address": null
        },
        {
            "mobile": "3042889244",
            "name": "RAHEEL SHAFI",
            "cnic": "3310244839087",
            "address": null
        },
        {
            "mobile": "3154813626",
            "name": "RAHEEL SHAFI",
            "cnic": "3310244839087",
            "address": "3687 FAISAL ABAD CITY LIAQUAT ABAD NUMBER 1 BAKKAR MANDI ROA Lahore"
        },
        {
            "mobile": "3206639791",
            "name": "RAHEEL SHAFEEH",
            "cnic": "3310244839087",
            "address": "3687 FAISAL ABAD CITY LIAQUAT ABAD NUMBER 1 BAKKAR MANDI ROAD FAISAL ABAD FAISAL ABAD"
        },
        {
            "mobile": "3327052600",
            "name": "RAHEEL SHAFI",
            "cnic": "3310244839087",
            "address": ""
        },
        {
            "mobile": "3356419165",
            "name": "Raheel Shafi",
            "cnic": "3310244839087",
            "address": "House No 368 Gali No 7 Liaqat"
        },
        {
            "mobile": "3126637743",
            "name": "DATA NOT RECIEVED FROM NADRA",
            "cnic": "3310244839087",
            "address": null
        },
        {
            "mobile": "3126537743",
            "name": "DATA NOT RECIEVED FROM NADRA",
            "cnic": "3310244839087",
            "address": null
        },
        {
            "mobile": "3067078333",
            "name": "RAHEEL SHAFI",
            "cnic": "3310244839087",
            "address": "3687 FAISAL ABAD CITY LIAQUAT ABAD NUMBER 1 BAKKAR MANDI ROA Lahore"
        },
        {
            "mobile": "3007997716",
            "name": "RAHEEL SHAFI",
            "cnic": "3310244839087",
            "address": "3687 FAISAL ABAD CITY LIAQUAT ABAD NUMBER 1 BAKKAR MANDI ROA Lahore"
        },
        {
            "mobile": "3007999764",
            "name": "RAHEEL SHAFI",
            "cnic": "3310244839087",
            "address": "3687 FAISAL ABAD CITY LIAQUAT ABAD NUMBER 1 BAKKAR MANDI ROA Lahore"
        }
    ],
    "timestamp": "2024-03-16 23:10:10"
}{
    "status": 100,
    "data": [
        {
            "mobile": "3007248908",
            "name": "RAHEEL SHAFI",
            "cnic": "3310244839087",
            "address": "3687 FAISAL ABAD CITY LIAQUAT ABAD NUMBER 1 BAKKAR MANDI ROA Lahore"
        },
        {
            "mobile": "3010932724",
            "name": "RAHEEL SHAFI",
            "cnic": "3310244839087",
            "address": null
        },
        {
            "mobile": "3126539791",
            "name": "DATA NOT RECIEVED FROM NADRA",
            "cnic": "3310244839087",
            "address": null
        },
        {
            "mobile": "3111709273",
            "name": "DATA NOT RECIEVED FROM NADRA",
            "cnic": "3310244839087",
            "address": null
        },
        {
            "mobile": "3126639791",
            "name": "DATA NOT RECIEVED FROM NADRA",
            "cnic": "3310244839087",
            "address": null
        },
        {
            "mobile": "0412656791",
            "name": "RAHEEL SHAFI",
            "cnic": "3310244839087",
            "address": null
        },
        {
            "mobile": "3042889244",
            "name": "RAHEEL SHAFI",
            "cnic": "3310244839087",
            "address": null
        },
        {
            "mobile": "3154813626",
            "name": "RAHEEL SHAFI",
            "cnic": "3310244839087",
            "address": "3687 FAISAL ABAD CITY LIAQUAT ABAD NUMBER 1 BAKKAR MANDI ROA Lahore"
        },
        {
            "mobile": "3206639791",
            "name": "RAHEEL SHAFEEH",
            "cnic": "3310244839087",
            "address": "3687 FAISAL ABAD CITY LIAQUAT ABAD NUMBER 1 BAKKAR MANDI ROAD FAISAL ABAD FAISAL ABAD"
        },
        {
            "mobile": "3327052600",
            "name": "RAHEEL SHAFI",
            "cnic": "3310244839087",
            "address": ""
        },
        {
            "mobile": "3356419165",
            "name": "Raheel Shafi",
            "cnic": "3310244839087",
            "address": "House No 368 Gali No 7 Liaqat"
        },
        {
            "mobile": "3126637743",
            "name": "DATA NOT RECIEVED FROM NADRA",
            "cnic": "3310244839087",
            "address": null
        },
        {
            "mobile": "3126537743",
            "name": "DATA NOT RECIEVED FROM NADRA",
            "cnic": "3310244839087",
            "address": null
        },
        {
            "mobile": "3067078333",
            "name": "RAHEEL SHAFI",
            "cnic": "3310244839087",
            "address": "3687 FAISAL ABAD CITY LIAQUAT ABAD NUMBER 1 BAKKAR MANDI ROA Lahore"
        },
        {
            "mobile": "3007997716",
            "name": "RAHEEL SHAFI",
            "cnic": "3310244839087",
            "address": "3687 FAISAL ABAD CITY LIAQUAT ABAD NUMBER 1 BAKKAR MANDI ROA Lahore"
        },
        {
            "mobile": "3007999764",
            "name": "RAHEEL SHAFI",
            "cnic": "3310244839087",
            "address": "3687 FAISAL ABAD CITY LIAQUAT ABAD NUMBER 1 BAKKAR MANDI ROA Lahore"
        }
    ],
    "timestamp": "2024-03-16 23:10:15"
}