{
    "status": 100,
    "data": [
        {
            "mobile": "3036448912",
            "name": "KALEEM ALLAH",
            "cnic": "3240333672691",
            "address": "ROJHAAN ROJHAAN QADIRA RAJAN PUR"
        }
    ],
    "timestamp": "2024-03-17 01:52:29"
}{
    "status": 100,
    "data": [
        {
            "mobile": "3036448912",
            "name": "KALEEM ALLAH",
            "cnic": "3240333672691",
            "address": "ROJHAAN ROJHAAN QADIRA RAJAN PUR"
        }
    ],
    "timestamp": "2024-03-17 03:58:57"
}{
    "status": 100,
    "data": [
        {
            "mobile": "3330767860",
            "name": "danish shabir",
            "cnic": "8230372852223",
            "address": "City TRAPI Tehsil RAWALAKOT Di"
        }
    ],
    "timestamp": "2024-03-17 04:16:27"
}{
    "status": 100,
    "data": [
        {
            "mobile": "3330767860",
            "name": "danish shabir",
            "cnic": "8230372852223",
            "address": "City TRAPI Tehsil RAWALAKOT Di"
        }
    ],
    "timestamp": "2024-03-17 04:16:27"
}{
    "status": 100,
    "data": [
        {
            "mobile": "3331976528",
            "name": "NEW CUST",
            "cnic": "8230372852223",
            "address": "CITY TRAPI TEHSIL RAWALAKOT DI"
        },
        {
            "mobile": "3125293431",
            "name": "danish  shabir",
            "cnic": "8230372852223",
            "address": null
        },
        {
            "mobile": "3465875438",
            "name": "DANISH SHABBIR",
            "cnic": "8230372852223",
            "address": "DAAK KHANA HUSSAIN KOT TAR P TEHSIL RAWALAKOT DIST"
        },
        {
            "mobile": "3331974480",
            "name": "danish shabir",
            "cnic": "8230372852223",
            "address": "City TRAPI Tehsil RAWALAKOT Di"
        },
        {
            "mobile": "3330767860",
            "name": "danish shabir",
            "cnic": "8230372852223",
            "address": "City TRAPI Tehsil RAWALAKOT Di"
        },
        {
            "mobile": "3109403148",
            "name": "danish  shabir",
            "cnic": "8230372852223",
            "address": null
        }
    ],
    "timestamp": "2024-03-17 04:16:42"
}{
    "status": 100,
    "message": "No record Found",
    "timestamp": "2024-03-17 04:24:13"
}{
    "status": 100,
    "message": "No record Found",
    "timestamp": "2024-03-17 04:24:25"
}{
    "status": 100,
    "message": "No record Found",
    "timestamp": "2024-03-17 04:24:58"
}{
    "status": 100,
    "data": [
        {
            "mobile": "3014836123",
            "name": "QAISAR ALI .",
            "cnic": "3540404767047",
            "address": "MANOH PUR SHEIKHU PURA  HOK YE MALIAN  SHEIKHUPURA G.P.O"
        },
        {
            "mobile": "3014836123",
            "name": "MUHAMMAD SAEED .",
            "cnic": "3660255800463",
            "address": "TABBA SULTAN PUR MAILSI SAANDHA  Vehari"
        }
    ],
    "timestamp": "2024-03-17 04:25:27"
}{
    "status": 100,
    "data": [
        {
            "mobile": "3056554002",
            "name": "ABDUL WAHEED .",
            "cnic": "3660225655207",
            "address": "SHAHID ABAD TABBA SULTANPUR MAILSI SAHI IB ALI VEHARI WAH"
        }
    ],
    "timestamp": "2024-03-17 04:26:31"
}{
    "status": 100,
    "data": [
        {
            "mobile": "3066843454",
            "name": "MUHAMMAD TANVEER ASLAM .",
            "cnic": "3660276546483",
            "address": "HOUSE NUMBER 591 MOHALA ISLAM PO RAH MA AILSI DISTRICT VEHARI WAH"
        }
    ],
    "timestamp": "2024-03-17 04:27:17"
}{
    "status": 100,
    "data": [
        {
            "mobile": "3018787542",
            "name": "MANZOOR HUSSAIN KHAN .",
            "cnic": "3660286980101",
            "address": "TABBA SULTAN PUR MELSI DHOND PUR SULTAN N VEHARRI PAKISTAN"
        }
    ],
    "timestamp": "2024-03-17 04:28:04"
}{
    "status": 100,
    "data": [
        {
            "mobile": "3059686834",
            "name": "MUHAMMAD IRFAN .",
            "cnic": "3660135626797",
            "address": "DAAK KHANA KHAS MUHAMMAD SHAH TEHSIL MA AILSI DISTRICT VEHARI WAH"
        }
    ],
    "timestamp": "2024-03-17 04:28:40"
}{
    "status": 100,
    "message": "No record Found",
    "timestamp": "2024-03-17 04:29:16"
}{
    "status": 100,
    "data": [
        {
            "mobile": "3026522814",
            "name": "ABDUL BASIT .",
            "cnic": "3660274327289",
            "address": "DAAK KHANA KHAS MUHAMMAD SHAH TEHSIL MA AILSI DISTRICT VEHARI WAH"
        }
    ],
    "timestamp": "2024-03-17 04:29:29"
}{
    "status": 100,
    "data": [
        {
            "mobile": "3026522814",
            "name": "ABDUL BASIT .",
            "cnic": "3660274327289",
            "address": "DAAK KHANA KHAS MUHAMMAD SHAH TEHSIL MA AILSI DISTRICT VEHARI WAH"
        }
    ],
    "timestamp": "2024-03-17 04:29:32"
}{
    "status": 100,
    "data": [
        {
            "mobile": "3057691322",
            "name": "MUHAMMAD SHAFIQUE",
            "cnic": "3660209556669",
            "address": "KHAS MAILSI ZAHEER ABAD SHAHEE D VEHARI Lahore"
        },
        {
            "mobile": "3057691322",
            "name": "MUHAMMAD MUZZAMIL .",
            "cnic": "3660289367083",
            "address": null
        }
    ],
    "timestamp": "2024-03-17 04:30:05"
}{
    "status": 100,
    "data": [
        {
            "mobile": "3002574114",
            "name": "SAFDAR IQBAL BHATTI",
            "cnic": "3660243042515",
            "address": null
        },
        {
            "mobile": "3002574114",
            "name": "WALI MOHUMMAD",
            "cnic": "4240139554139",
            "address": "HNO 252"
        }
    ],
    "timestamp": "2024-03-17 04:30:59"
}{
    "status": 100,
    "data": [
        {
            "mobile": "3047987663",
            "name": "USMAN ANJUM .",
            "cnic": "3660328920383",
            "address": null
        },
        {
            "mobile": "3047987663",
            "name": "NAZEER HUSSAIN ANJUM",
            "cnic": "3660397186035",
            "address": "VEHARI AWNCHAPRANA LORRY ADDA NAZD AWAIS PARK CHAK NUMBER W BE VEHARRI Vehari"
        }
    ],
    "timestamp": "2024-03-17 04:31:38"
}{
    "status": 100,
    "data": [
        {
            "mobile": "3002858048",
            "name": "SHEHBAZ ASLAM .",
            "cnic": "3660233591219",
            "address": "KHAS MAILSI CHAK NUMBER 107 W B VEHARI  WAH"
        }
    ],
    "timestamp": "2024-03-17 04:32:14"
}{
    "status": 100,
    "data": [
        {
            "mobile": "3007734135",
            "name": "MUHAMMAD MUMTAZ .",
            "cnic": "3660294269287",
            "address": "ZAHEER ABAD SHAHEED MAILSI CHAK NUMBEJBG 26 W B VEHARI Vehari"
        }
    ],
    "timestamp": "2024-03-17 04:32:57"
}{
    "status": 100,
    "data": [
        {
            "mobile": "3065070129",
            "name": "AHMAD YAR",
            "cnic": "3660244277079",
            "address": "KHAS MAILSI TABBA SULTAN PUR  Multan"
        }
    ],
    "timestamp": "2024-03-17 04:33:31"
}{
    "status": 100,
    "message": "No record Found",
    "timestamp": "2024-03-17 04:33:55"
}{
    "status": 100,
    "data": [
        {
            "mobile": "3007738929",
            "name": "ABDUL RAHEEM .",
            "cnic": "3660213853745",
            "address": "DAAK KHANA KHAS KOT MUZAFFAR TEHSIL MAI ILSI DISTRICT VEHARI WAH"
        }
    ],
    "timestamp": "2024-03-17 04:34:18"
}{
    "status": 100,
    "data": [
        {
            "mobile": "3007728243",
            "name": "TOQEER HUSSAIN",
            "cnic": "3660228128181",
            "address": "ASHRAF SHAH TEH MAILSI DIST VEHARI Lahore"
        }
    ],
    "timestamp": "2024-03-17 04:34:59"
}{
    "status": 100,
    "data": [
        {
            "mobile": "3017935329",
            "name": "Mohammad Ali Shahzad",
            "cnic": "3660283584919",
            "address": "po chak chtta dhranwali Multan"
        }
    ],
    "timestamp": "2024-03-17 04:35:38"
}{
    "status": 100,
    "data": [
        {
            "mobile": "3034076440",
            "name": "FAISAL ABBAS .",
            "cnic": "3660279204695",
            "address": null
        },
        {
            "mobile": "3034076440",
            "name": "MUHAMMAD IRFAN .",
            "cnic": "3840475876913",
            "address": "KHAS SHAH PUR AQIL SHAH SARGODHA  SARGODHA G.P.O"
        }
    ],
    "timestamp": "2024-03-17 04:36:22"
}{
    "status": 100,
    "data": [
        {
            "mobile": "3037894660",
            "name": "MUHAMMAD REHAN .",
            "cnic": "3660242078217",
            "address": "ASHRAF SHAH MAILSI CHA H JANAN WALA SHA AH SATTAR VEHARI WAH"
        }
    ],
    "timestamp": "2024-03-17 04:36:56"
}{
    "status": 100,
    "data": [
        {
            "mobile": "3015088705",
            "name": "FAYAZ ALI .",
            "cnic": "3660247927251",
            "address": "CHAK NUMBER 65 W B MAILSI CHAK NUMBER CHAK NUMBER 65 W B MAILSI CHAK NUMBER Vehari"
        }
    ],
    "timestamp": "2024-03-17 04:37:37"
}{
    "status": 100,
    "data": [
        {
            "mobile": "3007740999",
            "name": "YOUNIS FEROZ .",
            "cnic": "3520191282331",
            "address": "HOUSE NUMBER 15 STREET NUMBER 3 MOHALA BLOCK C AL FAISAL TOWN BAHAR SHAH ROAD LAHORE CANTT DISTRICT"
        },
        {
            "mobile": "3007740999",
            "name": "MUHAMMAD ALI .",
            "cnic": "3660245136715",
            "address": null
        }
    ],
    "timestamp": "2024-03-17 04:38:15"
}{
    "status": 100,
    "data": [
        {
            "mobile": "3007727355",
            "name": "WORTH AGRO CHEMICAL CORPORATION",
            "cnic": "3650177190653",
            "address": "YOUNIS BROTHERS INDUSTRIES LAHORE ROAD"
        },
        {
            "mobile": "3007727355",
            "name": "MUMTAZ HUSSAIN",
            "cnic": "3660210014959",
            "address": null
        }
    ],
    "timestamp": "2024-03-17 04:38:46"
}{
    "status": 100,
    "data": [
        {
            "mobile": "3076380595",
            "name": "MAWI AKHTAR .",
            "cnic": "3450143696298",
            "address": "DAAK KHANA KHAS MALA TEHSIL NAROWAL DIS STRICT NAROWAL G.P.O."
        },
        {
            "mobile": "3076380595",
            "name": "MUHAMMAD AAMIR YAAR .",
            "cnic": "3660244573381",
            "address": null
        }
    ],
    "timestamp": "2024-03-17 04:39:45"
}{
    "status": 100,
    "data": [
        {
            "mobile": "3089151334",
            "name": "MUMTAZ KAUSAR .",
            "cnic": "3220318287274",
            "address": "KOT SULTAN LAYYAH CHAH NEWAH SOHIA THAL L LAYYAH LAYYAH G.P.O."
        },
        {
            "mobile": "3089151334",
            "name": "FAKHAR ABBAS .",
            "cnic": "3660203222025",
            "address": null
        }
    ],
    "timestamp": "2024-03-17 04:40:32"
}{
    "status": 100,
    "data": [
        {
            "mobile": "3011358345",
            "name": "SHAHZAIB AKHTAR .",
            "cnic": "3660232944295",
            "address": null
        }
    ],
    "timestamp": "2024-03-17 04:41:50"
}{
    "status": 100,
    "data": [
        {
            "mobile": "3049903936",
            "name": "MUHAMMAD NADEEM .",
            "cnic": "3660259840837",
            "address": "DAAK KHANA MAILSI BOHR TEHSIL MAILSI DI ISTRICT VEHARI WAH"
        }
    ],
    "timestamp": "2024-03-17 04:42:30"
}{
    "status": 100,
    "message": "No record Found",
    "timestamp": "2024-03-17 04:43:21"
}{
    "status": 100,
    "data": [
        {
            "mobile": "3029391768",
            "name": "MUHAMMAD UMER FA ROQ .",
            "cnic": "3660235906357",
            "address": "10 2 TABBA SULTANPUR MAILSI ALLAMA IQBA AL TOWN TABBA SULTAN PUR 3662 MAILSI"
        }
    ],
    "timestamp": "2024-03-17 04:43:27"
}{
    "status": 100,
    "data": [
        {
            "mobile": "3016560216",
            "name": "KANEEZ B B .",
            "cnic": "3530185107774",
            "address": "DAAK KHANA DOLA PUKHTAH LOHARI WALA TEH HSIL DEPALPUR DISTRICT OKARA OKARA G.P.O."
        },
        {
            "mobile": "3016560216",
            "name": "MUHAMMAD MOHSIN RAZA MUHAMMAD MOHSIN RAZA",
            "cnic": "3660229521267",
            "address": null
        }
    ],
    "timestamp": "2024-03-17 04:44:33"
}{
    "status": 100,
    "data": [
        {
            "mobile": "3074949107",
            "name": "DAWOOD KHOKHAR .",
            "cnic": "3520241044747",
            "address": "TANDLA ROAD NEAR DECENT CADIT SCHOOL TUFAIL TOWN C\/O MUHAMMAD AMJAD Faisalabad"
        },
        {
            "mobile": "3074949107",
            "name": "MUHAMMAD QAMAR SAJJAD -",
            "cnic": "3660238783251",
            "address": "MAILSI SIDDIQUE AKBAR NAZD D S P OFFICE MAILSI VEHARI Vehari"
        }
    ],
    "timestamp": "2024-03-17 04:45:02"
}{
    "status": 100,
    "data": [
        {
            "mobile": "3018787542",
            "name": "MANZOOR HUSSAIN KHAN .",
            "cnic": "3660286980101",
            "address": "TABBA SULTAN PUR MELSI DHOND PUR SULTAN N VEHARRI PAKISTAN"
        }
    ],
    "timestamp": "2024-03-17 04:45:21"
}{
    "status": 100,
    "data": [
        {
            "mobile": "3032082809",
            "name": "JUNAID  AFZAL",
            "cnic": "3660238520539",
            "address": "REHMANIA B  Vehari"
        }
    ],
    "timestamp": "2024-03-17 04:45:53"
}{
    "status": 100,
    "data": [
        {
            "mobile": "3017551500",
            "name": "KULSOOM B B .",
            "cnic": "3120109358178",
            "address": "DAAK KHANA CHINI GOTH CHAK NUMBER 156 N P TEHSIL AHMEDPUR EAST DISTRICT BAHAWALPUR  BAHAWALPUR G.P.O"
        },
        {
            "mobile": "3017551500",
            "name": "MUHAMMAD NAUMAN .",
            "cnic": "3660254788987",
            "address": null
        }
    ],
    "timestamp": "2024-03-17 04:46:32"
}{
    "status": 100,
    "data": [
        {
            "mobile": "3087002135",
            "name": "SANA AQSA .",
            "cnic": "3660237893898",
            "address": "TALO PURA MOHALA SIDDIQUE AKBAR MAILSI DISTRICT VEHARI WAH"
        }
    ],
    "timestamp": "2024-03-17 04:46:54"
}{
    "status": 100,
    "data": [
        {
            "mobile": "3014400031",
            "name": "MUHAMMAD USMAN .",
            "cnic": "3660213837495",
            "address": "SIRGANA MAILSI JALAL QAUM VEHARI  Vehari"
        }
    ],
    "timestamp": "2024-03-17 04:47:39"
}{
    "status": 100,
    "data": [
        {
            "mobile": "3112289636",
            "name": "DATA NOT RECIEVED FROM NADRA",
            "cnic": "4130713832331",
            "address": null
        },
        {
            "mobile": "3013570756",
            "name": "FAZAL MEHMOOD",
            "cnic": "4130713832331",
            "address": "H  1140 MADINA MASJID COLONY Lahore"
        },
        {
            "mobile": "3112287588",
            "name": "DATA NOT RECIEVED FROM NADRA",
            "cnic": "4130713832331",
            "address": null
        },
        {
            "mobile": "3033110746",
            "name": "FAZAL MEHMOOD",
            "cnic": "4130713832331",
            "address": "H  1140 MADINA MASJID COLONY Lahore"
        }
    ],
    "timestamp": "2024-03-17 04:50:34"
}{
    "status": 100,
    "message": "No record Found",
    "timestamp": "2024-03-17 05:02:23"
}{
    "status": 100,
    "message": "No record Found",
    "timestamp": "2024-03-17 05:19:23"
}{
    "status": 100,
    "message": "No record Found",
    "timestamp": "2024-03-17 05:19:47"
}{
    "status": 100,
    "message": "No record Found",
    "timestamp": "2024-03-17 05:19:58"
}{
    "status": 100,
    "message": "No record Found",
    "timestamp": "2024-03-17 05:20:01"
}{
    "status": 100,
    "data": [
        {
            "mobile": "3078178227",
            "name": "MUSHARRAF ALI .",
            "cnic": "1120190140603",
            "address": "LONDEWAH LUCKY MARWAT ABID ABAD WANDA F FAQEERAN LONDEWAH LUCKY MARWAT LAKKI MARWAT G.P.O."
        }
    ],
    "timestamp": "2024-03-17 05:20:13"
}{
    "status": 100,
    "data": [
        {
            "mobile": "3357981015",
            "name": "ABDUL AZIZ",
            "cnic": "3240214357531",
            "address": "CHAH SUMANDRI WALA JAM PURJAM"
        }
    ],
    "timestamp": "2024-03-17 05:25:34"
}{
    "status": 100,
    "data": [
        {
            "mobile": "3402779108",
            "name": "SHAHEEN SHAHEEN",
            "cnic": "3520102957818",
            "address": "HOUSE NUMBER 10-P-2 STREET NUMBER 20 AQAB PAKISTAN"
        }
    ],
    "timestamp": "2024-03-17 05:26:30"
}{
    "status": 100,
    "data": [
        {
            "mobile": "3114171485",
            "name": "amna  asif",
            "cnic": "3520290262400",
            "address": null
        }
    ],
    "timestamp": "2024-03-17 05:28:31"
}{
    "status": 100,
    "data": [
        {
            "mobile": "3158371683",
            "name": "gulzar  ahmed",
            "cnic": "5340620230799",
            "address": null
        }
    ],
    "timestamp": "2024-03-17 05:29:33"
}{
    "status": 100,
    "data": [
        {
            "mobile": "3132449144",
            "name": "DATA NOT RECIEVED FROM NADRA",
            "cnic": "5220334358805",
            "address": null
        }
    ],
    "timestamp": "2024-03-17 05:30:20"
}{
    "status": 100,
    "message": "No record Found",
    "timestamp": "2024-03-17 05:30:47"
}{
    "status": 100,
    "message": "No record Found",
    "timestamp": "2024-03-17 05:31:01"
}{
    "status": 100,
    "message": "No record Found",
    "timestamp": "2024-03-17 05:31:20"
}{
    "status": 100,
    "message": "No record Found",
    "timestamp": "2024-03-17 05:31:37"
}{
    "status": 100,
    "message": "No record Found",
    "timestamp": "2024-03-17 05:31:50"
}{
    "status": 100,
    "data": [
        {
            "mobile": "3101160708",
            "name": "raees  cust",
            "cnic": "4250105597723",
            "address": null
        }
    ],
    "timestamp": "2024-03-17 05:32:02"
}{
    "status": 100,
    "data": [
        {
            "mobile": "3150580346",
            "name": "Imran",
            "cnic": "3740656853631",
            "address": null
        }
    ],
    "timestamp": "2024-03-17 05:32:24"
}{
    "status": 100,
    "message": "No record Found",
    "timestamp": "2024-03-17 05:33:18"
}{
    "status": 100,
    "message": "No record Found",
    "timestamp": "2024-03-17 05:34:10"
}{
    "status": 100,
    "message": "No record Found",
    "timestamp": "2024-03-17 05:34:34"
}{
    "status": 100,
    "message": "No record Found",
    "timestamp": "2024-03-17 05:35:06"
}{
    "status": 100,
    "data": [
        {
            "mobile": "3348923971",
            "name": "Rubeena",
            "cnic": "4230128442662",
            "address": "Flat No 202 Kadah Lyari , Mahe"
        },
        {
            "mobile": "3089728399",
            "name": "ROBINA .",
            "cnic": "4230128442662",
            "address": null
        },
        {
            "mobile": "3485728236",
            "name": "ROBINA ROBINA",
            "cnic": "4230128442662",
            "address": "202 KARACHI SOUTH KHADAH LIYARI MAHEN PALACE PLOT"
        },
        {
            "mobile": "3105689496",
            "name": "DATA NOT RECIEVED FROM NADRA",
            "cnic": "4230128442662",
            "address": null
        }
    ],
    "timestamp": "2024-03-17 05:35:47"
}{
    "status": 100,
    "data": [
        {
            "mobile": "3017199019",
            "name": "RAHILA  NASEEM",
            "cnic": "3310503482584",
            "address": "KHAS SUMANDRI CHAK 205 G B RTRCHTRFEESL ABAD Faisalabad"
        },
        {
            "mobile": "3017199019",
            "name": "MUSHRAQ AHMED",
            "cnic": "3630295811015",
            "address": "CHA DERAY WALA BAQAR WALA  Gujrat"
        }
    ],
    "timestamp": "2024-03-17 05:46:04"
}{
    "status": 100,
    "message": "No record Found",
    "timestamp": "2024-03-17 05:47:34"
}{
    "status": 100,
    "data": [
        {
            "mobile": "3112289636",
            "name": "DATA NOT RECIEVED FROM NADRA",
            "cnic": "4130713832331",
            "address": null
        },
        {
            "mobile": "3013570756",
            "name": "FAZAL MEHMOOD",
            "cnic": "4130713832331",
            "address": "H  1140 MADINA MASJID COLONY Lahore"
        },
        {
            "mobile": "3112287588",
            "name": "DATA NOT RECIEVED FROM NADRA",
            "cnic": "4130713832331",
            "address": null
        },
        {
            "mobile": "3033110746",
            "name": "FAZAL MEHMOOD",
            "cnic": "4130713832331",
            "address": "H  1140 MADINA MASJID COLONY Lahore"
        }
    ],
    "timestamp": "2024-03-17 05:55:14"
}{
    "status": 100,
    "message": "No record Found",
    "timestamp": "2024-03-17 06:12:52"
}{
    "status": 100,
    "data": [
        {
            "mobile": "3135653140",
            "name": "murtgaz  parveen",
            "cnic": "3720115735322",
            "address": null
        }
    ],
    "timestamp": "2024-03-17 06:18:55"
}{
    "status": 100,
    "data": [
        {
            "mobile": "3235938762",
            "name": "SUNERA BIBI",
            "cnic": "3720171859840",
            "address": "MOHRA GULSHER PO PINDI GUJRAN"
        }
    ],
    "timestamp": "2024-03-17 06:19:39"
}{
    "status": 100,
    "data": [
        {
            "mobile": "3073202292",
            "name": "MUHAMMAD RAFIQUE .",
            "cnic": "3740683483377",
            "address": "8-H\/185 TAXILA WAH CANTT RAWAL PINDI Lahore"
        }
    ],
    "timestamp": "2024-03-17 06:20:09"
}{
    "status": 100,
    "data": [
        {
            "mobile": "3201423449",
            "name": "HAFIZ SHUJAAT ALI SALIMI",
            "cnic": "3610464706725",
            "address": "KHAS MIAN CHUNNU CHAK NUMBER 102\/15 L KHANEWAL"
        },
        {
            "mobile": "3326579904",
            "name": "HAFIZ SHUJAAT ALI SALIMI",
            "cnic": "3610464706725",
            "address": ""
        },
        {
            "mobile": "3326577856",
            "name": "HAFIZ SHUJAAT ALI SALIMI",
            "cnic": "3610464706725",
            "address": null
        }
    ],
    "timestamp": "2024-03-17 06:24:16"
}{
    "status": 100,
    "message": "No record Found",
    "timestamp": "2024-03-17 06:29:28"
}{
    "status": 100,
    "message": "No record Found",
    "timestamp": "2024-03-17 06:29:50"
}{
    "status": 100,
    "message": "No record Found",
    "timestamp": "2024-03-17 06:30:10"
}{
    "status": 100,
    "data": [
        {
            "mobile": "3365607668",
            "name": "DOST MUHAMMAD",
            "cnic": "CZ11472319121",
            "address": "Information Not Available"
        }
    ],
    "timestamp": "2024-03-17 06:37:22"
}{
    "status": 100,
    "data": [
        {
            "mobile": "3201778426",
            "name": "NADIA YASMIN .",
            "cnic": "3110340186628",
            "address": null
        }
    ],
    "timestamp": "2024-03-17 06:50:30"
}{
    "status": 100,
    "data": [
        {
            "mobile": "3075357441",
            "name": "NADIA YASMIN .",
            "cnic": "3110340186628",
            "address": null
        },
        {
            "mobile": "3201778426",
            "name": "NADIA YASMIN .",
            "cnic": "3110340186628",
            "address": null
        },
        {
            "mobile": "3246826776",
            "name": "NADIA YASMIN .",
            "cnic": "3110340186628",
            "address": null
        },
        {
            "mobile": "3401859488",
            "name": "NADIA YASMIN",
            "cnic": "3110340186628",
            "address": "CHAK NUMBER 294 H AAR FORT ABBAS CHAK NUMBER 288\/"
        },
        {
            "mobile": "3418321279",
            "name": null,
            "cnic": "3110340186628",
            "address": null
        },
        {
            "mobile": "3464985867",
            "name": "NADIA YASMIN",
            "cnic": "3110340186628",
            "address": "CHAK NUMBER 294 H AAR FORT ABBAS CHAK NUMBER 288\/"
        },
        {
            "mobile": "3464216556",
            "name": "NADIA YASMIN",
            "cnic": "3110340186628",
            "address": "CHAK NUMBER 294 H AAR FORT ABBAS CHAK NUMBER 288\/"
        }
    ],
    "timestamp": "2024-03-17 06:52:39"
}{
    "status": 100,
    "data": [
        {
            "mobile": "3014202676",
            "name": "ARSALAN HASSAN .",
            "cnic": "3410166055987",
            "address": null
        }
    ],
    "timestamp": "2024-03-17 07:10:11"
}{
    "status": 100,
    "data": [
        {
            "mobile": "3059199933",
            "name": "NAHEED IMRAN",
            "cnic": "3210209937299",
            "address": "13 DERA GHAZI KHAN N DERA GHAZ I KHAN DERA GHAZI KHAN Lahore"
        }
    ],
    "timestamp": "2024-03-17 07:10:29"
}{
    "status": 100,
    "data": [
        {
            "mobile": "3020477121",
            "name": "ARSLAN NAEEM .",
            "cnic": "3520174778921",
            "address": null
        }
    ],
    "timestamp": "2024-03-17 07:10:54"
}{
    "status": 100,
    "data": [
        {
            "mobile": "3004243514",
            "name": "MUHAMMAD ARSHAD",
            "cnic": "3520015382141",
            "address": "374 BLOCK J JAUHAR TOWN LAHORE LAHORE Lahore"
        },
        {
            "mobile": "3004243514",
            "name": "KHALID MEHMOOD .",
            "cnic": "3520278835025",
            "address": null
        }
    ],
    "timestamp": "2024-03-17 07:11:08"
}{
    "status": 100,
    "message": "No record Found",
    "timestamp": "2024-03-17 07:11:26"
}{
    "status": 100,
    "data": [
        {
            "mobile": "3036448912",
            "name": "KALEEM ALLAH",
            "cnic": "3240333672691",
            "address": "ROJHAAN ROJHAAN QADIRA RAJAN PUR"
        }
    ],
    "timestamp": "2024-03-17 07:22:09"
}{
    "status": 100,
    "data": [
        {
            "mobile": "3000968441",
            "name": "SHAHZAD ZAFAR",
            "cnic": "3330254427277",
            "address": "4 KAMALIA KHALID COLONY KAMALI A TOBA TEK SINGH Lahore"
        }
    ],
    "timestamp": "2024-03-17 07:23:36"
}{
    "status": 100,
    "data": [
        {
            "mobile": "3326099662",
            "name": "SYED MUHAMMAD AMAD IMTIAZ BUKH",
            "cnic": "3630273828587",
            "address": null
        }
    ],
    "timestamp": "2024-03-17 07:25:49"
}{
    "status": 100,
    "message": "No record Found",
    "timestamp": "2024-03-17 07:29:10"
}{
    "status": 100,
    "data": [
        {
            "mobile": "3214554004",
            "name": "RAZIA BI BI",
            "cnic": "3520150448030",
            "address": "DAAK KHANA KHAS MARHI TEHSIL SARGODHA DISTRICT SARGODHA"
        }
    ],
    "timestamp": "2024-03-17 07:36:49"
}{
    "status": 100,
    "data": [
        {
            "mobile": "3095528129",
            "name": "PARVEEN .",
            "cnic": "3520242109168",
            "address": "village ahmed bhan SAKRAND City SHAHEED BENAZIR ABAD Lahore"
        }
    ],
    "timestamp": "2024-03-17 07:56:40"
}{
    "status": 100,
    "data": [
        {
            "mobile": "3095540129",
            "name": "MUHAMMAD IQBAL",
            "cnic": "3510230534235",
            "address": "KHADIYAAN KHAS KASUR JATYAN KA SUR Lahore"
        }
    ],
    "timestamp": "2024-03-17 07:57:44"
}{
    "status": 100,
    "data": [
        {
            "mobile": "3116528656",
            "name": "kaleem  ullah",
            "cnic": "3240333672691",
            "address": null
        },
        {
            "mobile": "3034718656",
            "name": "KALEEM ALLAH .",
            "cnic": "3240333672691",
            "address": "ROJHAAN QADIRA RAJAN PUR  RAJAN PUR"
        },
        {
            "mobile": "3036448912",
            "name": "KALEEM ALLAH",
            "cnic": "3240333672691",
            "address": "ROJHAAN ROJHAAN QADIRA RAJAN PUR"
        },
        {
            "mobile": "3116526608",
            "name": "kaleem  ullah",
            "cnic": "3240333672691",
            "address": null
        },
        {
            "mobile": "3023744974",
            "name": "KALEEM ALLAH .",
            "cnic": "3240333672691",
            "address": "ROJHAAN QADIRA RAJAN PUR  RAJAN PUR"
        }
    ],
    "timestamp": "2024-03-17 07:58:29"
}{
    "status": 100,
    "data": [
        {
            "mobile": "3116528656",
            "name": "kaleem  ullah",
            "cnic": "3240333672691",
            "address": null
        },
        {
            "mobile": "3034718656",
            "name": "KALEEM ALLAH .",
            "cnic": "3240333672691",
            "address": "ROJHAAN QADIRA RAJAN PUR  RAJAN PUR"
        },
        {
            "mobile": "3036448912",
            "name": "KALEEM ALLAH",
            "cnic": "3240333672691",
            "address": "ROJHAAN ROJHAAN QADIRA RAJAN PUR"
        },
        {
            "mobile": "3116526608",
            "name": "kaleem  ullah",
            "cnic": "3240333672691",
            "address": null
        },
        {
            "mobile": "3023744974",
            "name": "KALEEM ALLAH .",
            "cnic": "3240333672691",
            "address": "ROJHAAN QADIRA RAJAN PUR  RAJAN PUR"
        }
    ],
    "timestamp": "2024-03-17 07:58:45"
}{
    "status": 100,
    "data": [
        {
            "mobile": "3116528656",
            "name": "kaleem  ullah",
            "cnic": "3240333672691",
            "address": null
        },
        {
            "mobile": "3034718656",
            "name": "KALEEM ALLAH .",
            "cnic": "3240333672691",
            "address": "ROJHAAN QADIRA RAJAN PUR  RAJAN PUR"
        },
        {
            "mobile": "3036448912",
            "name": "KALEEM ALLAH",
            "cnic": "3240333672691",
            "address": "ROJHAAN ROJHAAN QADIRA RAJAN PUR"
        },
        {
            "mobile": "3116526608",
            "name": "kaleem  ullah",
            "cnic": "3240333672691",
            "address": null
        },
        {
            "mobile": "3023744974",
            "name": "KALEEM ALLAH .",
            "cnic": "3240333672691",
            "address": "ROJHAAN QADIRA RAJAN PUR  RAJAN PUR"
        }
    ],
    "timestamp": "2024-03-17 07:59:40"
}{
    "status": 100,
    "message": "No record Found",
    "timestamp": "2024-03-17 08:11:21"
}{
    "status": 100,
    "message": "No record Found",
    "timestamp": "2024-03-17 08:11:40"
}{
    "status": 100,
    "data": [
        {
            "mobile": "3014661051",
            "name": "QASIM .",
            "cnic": "3520206542079",
            "address": "PATTOKI SARAI MUGHAL POST OFFICE KHAS P PATTOKI KASUR KASUR G.P.O."
        }
    ],
    "timestamp": "2024-03-17 08:32:23"
}{
    "status": 100,
    "data": [
        {
            "mobile": "3013313396",
            "name": "KHIYAL HUSSAIN",
            "cnic": "2130389698201",
            "address": "UPPER KRMKRAKHEELHPARH CHINAR KARAM AGENCY Korram Agency"
        },
        {
            "mobile": "3029563286",
            "name": "KHIYAL HUSSAIN",
            "cnic": "2130389698201",
            "address": "UPPER KRMKRAKHEELHPARH CHINAR KARAM AGENCY Korram Agency"
        },
        {
            "mobile": "3049442008",
            "name": "KHIYAL HUSSAIN",
            "cnic": "2130389698201",
            "address": "UPPER KRMKRAKHEELHPARH CHINAR KARAM AGENCY Korram Agency"
        },
        {
            "mobile": "3089024530",
            "name": "KHIYAL HUSSAIN",
            "cnic": "2130389698201",
            "address": null
        },
        {
            "mobile": "3099588408",
            "name": "KHIYAL HUSSAIN",
            "cnic": "2130389698201",
            "address": "UPPER KRMKRAKHEELHPARH CHINAR KARAM AGENCY Korram Agency"
        },
        {
            "mobile": "3089022482",
            "name": "KHIYAL HUSSAIN",
            "cnic": "2130389698201",
            "address": "UPPER KRMKRAKHEELHPARH CHINAR KARAM AGENCY Korram Agency"
        },
        {
            "mobile": "3099586360",
            "name": "KHIYAL HUSSAIN",
            "cnic": "2130389698201",
            "address": "UPPER KRMKRAKHEELHPARH CHINAR KARAM AGENCY Korram Agency"
        },
        {
            "mobile": "3029561238",
            "name": "KHIYAL HUSSAIN",
            "cnic": "2130389698201",
            "address": "UPPER KRMKRAKHEELHPARH CHINAR KARAM AGENCY Korram Agency"
        }
    ],
    "timestamp": "2024-03-17 08:35:45"
}{
    "status": 100,
    "data": [
        {
            "mobile": "3234242594",
            "name": "MUHAMMAD AZEEM",
            "cnic": "3520126676503",
            "address": null
        },
        {
            "mobile": "3444061221",
            "name": "MUHAMMAD AZEEM",
            "cnic": "3520126676503",
            "address": "HOUSE NUMBER E-150 GALAI NUMBER 5 MOHALA PEER COLONY WALTON ROAD LAHORE CANTT ZILAH LAHORE"
        },
        {
            "mobile": "3450761221",
            "name": "MUHAMMAD AZEEM",
            "cnic": "3520126676503",
            "address": "HOUSE NUMBER E-150 GALAI NUMBER 5 MOHALA PEER COLONY WALTON ROAD LAHORE CANTT ZILAH LAHORE"
        }
    ],
    "timestamp": "2024-03-17 08:46:19"
}{
    "status": 100,
    "message": "No record Found",
    "timestamp": "2024-03-17 08:56:01"
}{
    "status": 100,
    "message": "No record Found",
    "timestamp": "2024-03-17 08:56:28"
}{
    "status": 100,
    "data": [
        {
            "mobile": "3066267148",
            "name": "AFTAB RAZA",
            "cnic": "3220207611855",
            "address": null
        },
        {
            "mobile": "3066267148",
            "name": "MOHSIN RAZA .",
            "cnic": "3410194448699",
            "address": "STREET NUMBER 6 MOHALA CHAH SARAFAN GUJ JRANWALA GUJRANWALA G.P.O."
        }
    ],
    "timestamp": "2024-03-17 08:56:32"
}{
    "timestamp": "2024-03-17 08:56:57"
}{
    "status": 100,
    "message": "No record Found",
    "timestamp": "2024-03-17 08:57:11"
}{
    "status": 100,
    "message": "No record Found",
    "timestamp": "2024-03-17 08:57:50"
}{
    "status": 100,
    "data": [
        {
            "mobile": "3010495904",
            "name": "ZAINAB BIBI .",
            "cnic": "3110181781738",
            "address": null
        }
    ],
    "timestamp": "2024-03-17 09:12:19"
}{
    "status": 100,
    "data": [
        {
            "mobile": "3495272127",
            "name": "ANWAAR HUSSAIN KHAN",
            "cnic": "3450156406067",
            "address": "AHMAD ABAD NAROWAL SAHARH FATTAH NAROWAL"
        }
    ],
    "timestamp": "2024-03-17 09:14:16"
}{
    "status": 100,
    "message": "No record Found",
    "timestamp": "2024-03-17 09:14:48"
}{
    "status": 100,
    "message": "No record Found",
    "timestamp": "2024-03-17 09:15:00"
}{
    "status": 100,
    "message": "No record Found",
    "timestamp": "2024-03-17 09:15:08"
}{
    "status": 100,
    "data": [
        {
            "mobile": "3495272127",
            "name": "ANWAAR HUSSAIN KHAN",
            "cnic": "3450156406067",
            "address": "AHMAD ABAD NAROWAL SAHARH FATTAH NAROWAL"
        }
    ],
    "timestamp": "2024-03-17 09:15:08"
}{
    "status": 100,
    "message": "No record Found",
    "timestamp": "2024-03-17 09:15:15"
}{
    "status": 100,
    "data": [
        {
            "mobile": "3467105505",
            "name": null,
            "cnic": "3740523023967",
            "address": null
        }
    ],
    "timestamp": "2024-03-17 09:16:17"
}{
    "status": 100,
    "data": [
        {
            "mobile": "3010495904",
            "name": "ZAINAB BIBI .",
            "cnic": "3110181781738",
            "address": null
        }
    ],
    "timestamp": "2024-03-17 09:17:09"
}{
    "status": 100,
    "data": [
        {
            "mobile": "3207483733",
            "name": "BACHU .",
            "cnic": "4430303858973",
            "address": null
        }
    ],
    "timestamp": "2024-03-17 09:20:49"
}{
    "status": 100,
    "data": [
        {
            "mobile": "3467105505",
            "name": null,
            "cnic": "3740523023967",
            "address": null
        }
    ],
    "timestamp": "2024-03-17 09:22:01"
}{
    "status": 100,
    "data": [
        {
            "mobile": "3010495904",
            "name": "ZAINAB BIBI .",
            "cnic": "3110181781738",
            "address": null
        }
    ],
    "timestamp": "2024-03-17 09:30:58"
}{
    "status": 100,
    "data": [
        {
            "mobile": "3010495904",
            "name": "ZAINAB BIBI .",
            "cnic": "3110181781738",
            "address": null
        }
    ],
    "timestamp": "2024-03-17 09:32:18"
}{
    "status": 100,
    "data": [
        {
            "mobile": "3021167501",
            "name": "HAFIZ ALI HASSAN .",
            "cnic": "3310466879583",
            "address": null
        },
        {
            "mobile": "3227142501",
            "name": "HAFIZ ALI HASSAN .",
            "cnic": "3310466879583",
            "address": null
        },
        {
            "mobile": "3442767501",
            "name": null,
            "cnic": "3310466879583",
            "address": null
        }
    ],
    "timestamp": "2024-03-17 09:38:42"
}{
    "status": 100,
    "data": [
        {
            "mobile": "3319714796",
            "name": "RIAZ HUSSAIN",
            "cnic": "3240413936407",
            "address": "UMER KWTRWJHANQADRHRAJN PUR"
        }
    ],
    "timestamp": "2024-03-17 09:50:14"
}{
    "status": 100,
    "data": [
        {
            "mobile": "3168205583",
            "name": "DATA NOT RECIEVED FROM NADRA",
            "cnic": "dj72410916151",
            "address": null
        }
    ],
    "timestamp": "2024-03-17 09:58:27"
}{
    "status": 100,
    "message": "No record Found",
    "timestamp": "2024-03-17 10:00:00"
}{
    "status": 100,
    "message": "No record Found",
    "timestamp": "2024-03-17 10:03:21"
}{
    "status": 100,
    "data": [
        {
            "mobile": "3319714796",
            "name": "RIAZ HUSSAIN",
            "cnic": "3240413936407",
            "address": "UMER KWTRWJHANQADRHRAJN PUR"
        }
    ],
    "timestamp": "2024-03-17 10:16:25"
}{
    "status": 100,
    "data": [
        {
            "mobile": "3319714796",
            "name": "RIAZ HUSSAIN",
            "cnic": "3240413936407",
            "address": "UMER KWTRWJHANQADRHRAJN PUR"
        }
    ],
    "timestamp": "2024-03-17 10:27:23"
}{
    "status": 100,
    "message": "No record Found",
    "timestamp": "2024-03-17 10:27:36"
}{
    "status": 100,
    "data": [
        {
            "mobile": "3017326171",
            "name": "NASREEN .",
            "cnic": "3220292054070",
            "address": "DAAK KHANA KHAS CHAK NUMBER 87 T D A TE EHSIL KAROORH LAL EESAN DISTRICT LAYYAH LAYYAH G.P.O."
        },
        {
            "mobile": "3017326171",
            "name": "BATOOL FATIMA .",
            "cnic": "3530119004046",
            "address": null
        }
    ],
    "timestamp": "2024-03-17 10:28:35"
}{
    "status": 100,
    "message": "No record Found",
    "timestamp": "2024-03-17 10:30:04"
}{
    "status": 100,
    "message": "No record Found",
    "timestamp": "2024-03-17 10:30:19"
}{
    "status": 100,
    "data": [
        {
            "mobile": "3342627288",
            "name": "FAHAD UR REHMAN",
            "cnic": "4130442103965",
            "address": "HOUSE # 94 BLOCK C LATIFABAD #"
        },
        {
            "mobile": "3111777777",
            "name": "fahad ur rehman",
            "cnic": "4130442103965",
            "address": null
        },
        {
            "mobile": "3051450451",
            "name": "FAHAD AL RAHMAN",
            "cnic": "4130442103965",
            "address": "8 LATIF ABAD UNIT NUMBER 8 HAJ I ISMAIL MNZLLTEEF ABAD HYDERA Lahore"
        },
        {
            "mobile": "3066665500",
            "name": "FAHAD AL RAHMAN",
            "cnic": "4130442103965",
            "address": "8 LATIF ABAD UNIT NUMBER 8 HAJ I ISMAIL MNZLLTEEF ABAD HYDERA Lahore"
        },
        {
            "mobile": "3244444418",
            "name": "FAHAD AL RAHMAN",
            "cnic": "4130442103965",
            "address": "8 LATIF ABAD UNIT NUMBER 8 HAJI ISMAIL MANZIL LATI"
        },
        {
            "mobile": "3444444405",
            "name": "FAHAD AL RAHMAN",
            "cnic": "4130442103965",
            "address": "HOUSE # 94 BLOCK C LATIFABAD #"
        },
        {
            "mobile": "3444442357",
            "name": "FAHAD AL RAHMAN",
            "cnic": "4130442103965",
            "address": "HOUSE # 94 BLOCK C LATIFABAD #"
        },
        {
            "mobile": "3111775729",
            "name": "fahad ur rehman",
            "cnic": "4130442103965",
            "address": null
        },
        {
            "mobile": "3455553518",
            "name": "fahad ur rehman",
            "cnic": "4130442103965",
            "address": null
        }
    ],
    "timestamp": "2024-03-17 10:35:34"
}{
    "status": 100,
    "data": [
        {
            "mobile": "3090817058",
            "name": "SALAH BIBI .",
            "cnic": "3530218667802",
            "address": null
        }
    ],
    "timestamp": "2024-03-17 10:36:30"
}{
    "status": 100,
    "data": [
        {
            "mobile": "3319714796",
            "name": "RIAZ HUSSAIN",
            "cnic": "3240413936407",
            "address": "UMER KWTRWJHANQADRHRAJN PUR"
        }
    ],
    "timestamp": "2024-03-17 10:38:47"
}{
    "status": 100,
    "data": [
        {
            "mobile": "3457112695",
            "name": "SHAUKAT ALI",
            "cnic": "3530190441591",
            "address": "KOT BEDI URF GIRA UN BATAK BASEER PUR DEPALPUR KOT"
        }
    ],
    "timestamp": "2024-03-17 10:42:33"
}{
    "status": 100,
    "data": [
        {
            "mobile": "3319714796",
            "name": "RIAZ HUSSAIN",
            "cnic": "3240413936407",
            "address": "UMER KWTRWJHANQADRHRAJN PUR"
        }
    ],
    "timestamp": "2024-03-17 10:43:29"
}{
    "status": 100,
    "message": "No record Found",
    "timestamp": "2024-03-17 10:44:27"
}{
    "status": 100,
    "message": "No record Found",
    "timestamp": "2024-03-17 10:45:04"
}{
    "status": 100,
    "data": [
        {
            "mobile": "3319714796",
            "name": "RIAZ HUSSAIN",
            "cnic": "3240413936407",
            "address": "UMER KWTRWJHANQADRHRAJN PUR"
        }
    ],
    "timestamp": "2024-03-17 10:46:37"
}{
    "status": 100,
    "data": [
        {
            "mobile": "3319714796",
            "name": "RIAZ HUSSAIN",
            "cnic": "3240413936407",
            "address": "UMER KWTRWJHANQADRHRAJN PUR"
        }
    ],
    "timestamp": "2024-03-17 10:48:31"
}{
    "status": 100,
    "data": [
        {
            "mobile": "3336218574",
            "name": "MOHAMMAD HAFEEZ",
            "cnic": "3240421256443",
            "address": "MOZA   QADRAN  DAKHANA"
        },
        {
            "mobile": "3336218574",
            "name": "ASIM  RASHEED",
            "cnic": "3610218709459",
            "address": "KHAS KABEER WALA CHAK NUMBER 1"
        }
    ],
    "timestamp": "2024-03-17 10:48:40"
}{
    "status": 100,
    "data": [
        {
            "mobile": "3319714796",
            "name": "RIAZ HUSSAIN",
            "cnic": "3240413936407",
            "address": "UMER KWTRWJHANQADRHRAJN PUR"
        }
    ],
    "timestamp": "2024-03-17 10:49:16"
}{
    "status": 100,
    "message": "No record Found",
    "timestamp": "2024-03-17 10:51:01"
}{
    "status": 100,
    "data": [
        {
            "mobile": "3319714796",
            "name": "RIAZ HUSSAIN",
            "cnic": "3240413936407",
            "address": "UMER KWTRWJHANQADRHRAJN PUR"
        }
    ],
    "timestamp": "2024-03-17 10:51:17"
}{
    "status": 100,
    "data": [
        {
            "mobile": "3347413769",
            "name": "MUHAMMAD FARAZ AAMIR",
            "cnic": "3530290575449",
            "address": "HOUSE NUMBER 167-168 GALI NUMB"
        }
    ],
    "timestamp": "2024-03-17 10:58:45"
}{
    "status": 100,
    "data": [
        {
            "mobile": "3332811918",
            "name": "sikandar",
            "cnic": "4160205803199",
            "address": "City ABAD Tehsil BULRI SHAH KA"
        },
        {
            "mobile": "3483534166",
            "name": "SIKANDAR SIKANDAR",
            "cnic": "4160205803199",
            "address": "DAAK KHANA SAEED MATO ABAD TEHSIL BULRREY SHAH KAR"
        },
        {
            "mobile": "3061275290",
            "name": "SIKANDAR .",
            "cnic": "4160205803199",
            "address": "SAEED MATO BULRREY SHAH KAREEM ABAD TAND O MUHAMMAD KHAN Tando Muhammad Khan"
        },
        {
            "mobile": "3342047159",
            "name": "SIKANDAR .",
            "cnic": "4160205803199",
            "address": "SAEED MATO BULRREY SHAH KAREEM ABAD TAND O MUHAMMAD KHAN Tando Muhammad Khan"
        },
        {
            "mobile": "3332805758",
            "name": "sikandar",
            "cnic": "4160205803199",
            "address": "City ABAD Tehsil BULRI SHAH KA"
        },
        {
            "mobile": "3332803710",
            "name": "sikandar",
            "cnic": "4160205803199",
            "address": "City ABAD Tehsil BULRI SHAH KA"
        },
        {
            "mobile": "3332809870",
            "name": "sikandar",
            "cnic": "4160205803199",
            "address": "City ABAD Tehsil BULRI SHAH KA"
        },
        {
            "mobile": "3163224378",
            "name": "sikandar  cust",
            "cnic": "4160205803199",
            "address": "Post-PAID"
        },
        {
            "mobile": "3342045111",
            "name": "SIKANDAR .",
            "cnic": "4160205803199",
            "address": "SAEED MATO BULRREY SHAH KAREEM ABAD TAND O MUHAMMAD KHAN Tando Muhammad Khan"
        }
    ],
    "timestamp": "2024-03-17 10:59:22"
}{
    "status": 100,
    "message": "No record Found",
    "timestamp": "2024-03-17 11:06:10"
}{
    "status": 100,
    "message": "No record Found",
    "timestamp": "2024-03-17 11:08:17"
}{
    "status": 100,
    "data": [
        {
            "mobile": "3344334496",
            "name": "Anam Hafeez",
            "cnic": "3520106778478",
            "address": "House No 17-lda Cachi Abad Rai"
        },
        {
            "mobile": "3344334496",
            "name": "MUHAMMAD SAJAWAL KHAN",
            "cnic": "3520252439441",
            "address": "42-D LAHORE MODEL TOWN LAHORE"
        }
    ],
    "timestamp": "2024-03-17 11:12:13"
}{
    "status": 100,
    "data": [
        {
            "mobile": "3336218574",
            "name": "MOHAMMAD HAFEEZ",
            "cnic": "3240421256443",
            "address": "MOZA   QADRAN  DAKHANA"
        },
        {
            "mobile": "3336218574",
            "name": "ASIM  RASHEED",
            "cnic": "3610218709459",
            "address": "KHAS KABEER WALA CHAK NUMBER 1"
        }
    ],
    "timestamp": "2024-03-17 11:15:17"
}{
    "status": 100,
    "data": [
        {
            "mobile": "3036448912",
            "name": "KALEEM ALLAH",
            "cnic": "3240333672691",
            "address": "ROJHAAN ROJHAAN QADIRA RAJAN PUR"
        }
    ],
    "timestamp": "2024-03-17 11:15:27"
}{
    "status": 100,
    "message": "No record Found",
    "timestamp": "2024-03-17 11:31:47"
}{
    "status": 100,
    "data": [
        {
            "mobile": "3152835000",
            "name": "imran",
            "cnic": "4240117665325",
            "address": null
        },
        {
            "mobile": "3152835000",
            "name": "null m eshan",
            "cnic": "4240134260077",
            "address": "Post-PAID"
        }
    ],
    "timestamp": "2024-03-17 11:36:56"
}{
    "status": 100,
    "message": "No record Found",
    "timestamp": "2024-03-17 11:37:55"
}{
    "status": 100,
    "message": "No record Found",
    "timestamp": "2024-03-17 11:57:52"
}{
    "status": 100,
    "message": "No record Found",
    "timestamp": "2024-03-17 12:03:31"
}{
    "status": 100,
    "data": [
        {
            "mobile": "3484545522",
            "name": "MUHAMMAD UMAIR",
            "cnic": "3520257945627",
            "address": "HOUSE NUMBER 608 ALLAMA IQBAL ROAD MOHALA MEO GARD"
        },
        {
            "mobile": "3491363401",
            "name": "MUHAMMAD UMAIR",
            "cnic": "3520257945627",
            "address": "HOUSE NUMBER 608 ALLAMA IQBAL ROAD MOHALA MEO GARD"
        },
        {
            "mobile": "3234352502",
            "name": "JUNAID ALI BUTT .",
            "cnic": "3520257945627",
            "address": null
        },
        {
            "mobile": "3248603976",
            "name": "JUNAID ALI BUTT .",
            "cnic": "3520257945627",
            "address": null
        },
        {
            "mobile": "3344082502",
            "name": "MUHAMMAD UMAIR",
            "cnic": "3520257945627",
            "address": "608 LAHORE CITY MEO GARDEN RAI"
        },
        {
            "mobile": "3344080454",
            "name": "MUHAMMAD UMAIR",
            "cnic": "3520257945627",
            "address": "608 LAHORE CITY MEO GARDEN RAI"
        },
        {
            "mobile": "3170494013",
            "name": "Muhammad  Umair",
            "cnic": "3520257945627",
            "address": null
        },
        {
            "mobile": "3104689876",
            "name": "Muhammad  Umair",
            "cnic": "3520257945627",
            "address": null
        },
        {
            "mobile": "3170496061",
            "name": "Muhammad  Umair",
            "cnic": "3520257945627",
            "address": "Post-PAID"
        },
        {
            "mobile": "3078755368",
            "name": "JUNAID ALI BUTT .",
            "cnic": "3520257945627",
            "address": "Lahore7718689 Lahore Lahore"
        },
        {
            "mobile": "3234350454",
            "name": "MUHAMMAD UMAIR",
            "cnic": "3520257945627",
            "address": "608 LAHORE CITY MEO GARDEN RAILWAY SURVEY COLONY ALLAMA IQBAL ROAD LAHORE LAHORE"
        }
    ],
    "timestamp": "2024-03-17 12:44:23"
}{
    "status": 100,
    "data": [
        {
            "mobile": "3480426368",
            "name": "MUMTAZ AHMAD",
            "cnic": "3110183489799",
            "address": "KHAS CHISHTIAN MAHTA JHEDU BAHAWALNAGAR"
        },
        {
            "mobile": "3054622893",
            "name": "MUMTAZ AHMED",
            "cnic": "3110183489799",
            "address": "BASTI BHUDHAN WALI ALLAH ABAD PO CHAK MADRISA Bahawal Nagar"
        },
        {
            "mobile": "3067956442",
            "name": "MUMTAZ AHMED",
            "cnic": "3110183489799",
            "address": "BASTI BHUDHAN WALI ALLAH ABAD PO CHAK MADRISA Bahawal Nagar"
        },
        {
            "mobile": "3085686230",
            "name": "MUMTAZ AHMED",
            "cnic": "3110183489799",
            "address": null
        },
        {
            "mobile": "3099719664",
            "name": "MUMTAZ AHMED",
            "cnic": "3110183489799",
            "address": null
        },
        {
            "mobile": "3480424320",
            "name": "MUMTAZ AHMED",
            "cnic": "3110183489799",
            "address": "BASTI BHUDHAN WALI ALLAH ABAD PO CHAK MADRISA Bahawal Nagar"
        },
        {
            "mobile": "3127461228",
            "name": "MUMTAZ AHMED",
            "cnic": "3110183489799",
            "address": "BASTI BHUDHAN WALI ALLAH ABAD PO CHAK MADRISA Bahawal Nagar"
        },
        {
            "mobile": "3085684182",
            "name": "MUMTAZ AHMED",
            "cnic": "3110183489799",
            "address": "BASTI BHUDHAN WALI ALLAH ABAD PO CHAK MADRISA Bahawal Nagar"
        },
        {
            "mobile": "3077270035",
            "name": "MUMTAZ AHMED",
            "cnic": "3110183489799",
            "address": "BASTI BHUDHAN WALI ALLAH ABAD PO CHAK MADRISA Bahawal Nagar"
        },
        {
            "mobile": "3067954394",
            "name": "MUMTAZ AHMED",
            "cnic": "3110183489799",
            "address": "BASTI BHUDHAN WALI ALLAH ABAD PO CHAK MADRISA Bahawal Nagar"
        }
    ],
    "timestamp": "2024-03-17 12:58:08"
}{
    "status": 100,
    "data": [
        {
            "mobile": "3044492812",
            "name": "NEHA BIN YAMIN .",
            "cnic": "3520284931566",
            "address": null
        }
    ],
    "timestamp": "2024-03-17 13:07:54"
}{
    "status": 100,
    "data": [
        {
            "mobile": "3005665770",
            "name": "HUSSAIN AHMAD .",
            "cnic": "3610338248735",
            "address": "229 KHANEWAL TARIQ ABAD KHANEWAL  KHANEWAL G.P.O."
        }
    ],
    "timestamp": "2024-03-17 13:13:43"
}{
    "status": 100,
    "data": [
        {
            "mobile": "3450727473",
            "name": "FARAZ ASIF",
            "cnic": "3450197398131",
            "address": "KHAS NAROWAL PASRORI GATE AHMAD ABAD NAROWAL"
        }
    ],
    "timestamp": "2024-03-17 13:16:31"
}{
    "status": 100,
    "data": [
        {
            "mobile": "3462846292",
            "name": "NADEEM ALI",
            "cnic": "4210133839717",
            "address": "91\/10 SECTOR 5\/G NEW KARACHI 2 NEW KARACHI KARACHI"
        }
    ],
    "timestamp": "2024-03-17 13:28:38"
}{
    "status": 100,
    "data": [
        {
            "mobile": "3081271660",
            "name": "Bykea Technologies-Riders-178964",
            "cnic": "4210133839717",
            "address": null
        },
        {
            "mobile": "3132712464",
            "name": "Not Available",
            "cnic": "4210133839717",
            "address": "Post-PAID"
        },
        {
            "mobile": "3122803618",
            "name": "DATA NOT RECIEVED FROM NADRA",
            "cnic": "4210133839717",
            "address": null
        },
        {
            "mobile": "3440433795",
            "name": "NADEEM ALI",
            "cnic": "4210133839717",
            "address": "91\/10 SECTOR 5\/G NEW KARACHI 2 NEW KARACHI KARACHI"
        },
        {
            "mobile": "3462846292",
            "name": "NADEEM ALI",
            "cnic": "4210133839717",
            "address": "91\/10 SECTOR 5\/G NEW KARACHI 2 NEW KARACHI KARACHI"
        },
        {
            "mobile": "3452860503",
            "name": "NADEEM ALI",
            "cnic": "4210133839717",
            "address": "HOUSE NUMBER 91\/10 STREET \/ MOHALA SECTOR 5\/G NEW KARACHI DAAK KHANA NEW KARACHI KARACHI TEHSIL \/ DISTRICT KARACHI WASTI"
        },
        {
            "mobile": "3132710416",
            "name": "DATA NOT RECIEVED FROM NADRA",
            "cnic": "4210133839717",
            "address": null
        }
    ],
    "timestamp": "2024-03-17 13:30:07"
}{
    "status": 100,
    "data": [
        {
            "mobile": "3133508143",
            "name": "DATA NOT RECIEVED FROM NADRA",
            "cnic": "4130662840429",
            "address": null
        }
    ],
    "timestamp": "2024-03-17 14:32:00"
}{
    "status": 100,
    "data": [
        {
            "mobile": "3153888587",
            "name": "Not Available",
            "cnic": "4130662840429",
            "address": "Post-PAID"
        },
        {
            "mobile": "3112491400",
            "name": "DATA NOT RECIEVED FROM NADRA",
            "cnic": "4130662840429",
            "address": null
        },
        {
            "mobile": "3147514757",
            "name": "DATA NOT RECIEVED FROM NADRA",
            "cnic": "4130662840429",
            "address": "Post-PAID"
        },
        {
            "mobile": "3053379520",
            "name": "GULL HASSAN",
            "cnic": "4130662840429",
            "address": null
        },
        {
            "mobile": "3062113848",
            "name": "GULL HASSAN",
            "cnic": "4130662840429",
            "address": null
        },
        {
            "mobile": "3213032916",
            "name": "GULL HASSAN",
            "cnic": "4130662840429",
            "address": null
        },
        {
            "mobile": "3133508143",
            "name": "DATA NOT RECIEVED FROM NADRA",
            "cnic": "4130662840429",
            "address": null
        },
        {
            "mobile": "3153886539",
            "name": "DATA NOT RECIEVED FROM NADRA",
            "cnic": "4130662840429",
            "address": null
        },
        {
            "mobile": "3053377472",
            "name": "GULL HASSAN",
            "cnic": "4130662840429",
            "address": "Lahore N\/A Lahore"
        },
        {
            "mobile": "3062111800",
            "name": "GULL HASSAN",
            "cnic": "4130662840429",
            "address": "Lahore N\/A Lahore"
        },
        {
            "mobile": "3213030868",
            "name": "GUL HASSAN",
            "cnic": "4130662840429",
            "address": "GHOTKI MERATI MOHALA ADILPUR ROAD GHOTKI GHOTKI"
        }
    ],
    "timestamp": "2024-03-17 14:32:13"
}{
    "status": 100,
    "message": "No record Found",
    "timestamp": "2024-03-17 14:35:40"
}{
    "status": 100,
    "message": "No record Found",
    "timestamp": "2024-03-17 14:36:21"
}{
    "status": 100,
    "data": [
        {
            "mobile": "3174911609",
            "name": "Rubina",
            "cnic": "3530278054046",
            "address": null
        }
    ],
    "timestamp": "2024-03-17 14:44:00"
}{
    "status": 100,
    "data": [
        {
            "mobile": "3010148751",
            "name": "ROBINA .",
            "cnic": "3530278054046",
            "address": null
        },
        {
            "mobile": "3400485311",
            "name": "ROBINA ROBINA",
            "cnic": "3530278054046",
            "address": "STREET NUMBER 14 CHAK NUMBER 5\/4 L MOHALA MUZAFFAR"
        },
        {
            "mobile": "3085583950",
            "name": "ROBINA .",
            "cnic": "3530278054046",
            "address": null
        },
        {
            "mobile": "3174911609",
            "name": "Rubina",
            "cnic": "3530278054046",
            "address": null
        }
    ],
    "timestamp": "2024-03-17 14:44:12"
}{
    "status": 100,
    "data": [
        {
            "mobile": "3400485311",
            "name": "ROBINA ROBINA",
            "cnic": "3530278054046",
            "address": "STREET NUMBER 14 CHAK NUMBER 5\/4 L MOHALA MUZAFFAR"
        },
        {
            "mobile": "3400485311",
            "name": null,
            "cnic": "3650287849459",
            "address": null
        }
    ],
    "timestamp": "2024-03-17 14:45:04"
}{
    "status": 100,
    "data": [
        {
            "mobile": "3010148751",
            "name": "ROBINA .",
            "cnic": "3530278054046",
            "address": null
        }
    ],
    "timestamp": "2024-03-17 14:45:15"
}{
    "timestamp": "2024-03-17 14:45:36"
}{
    "status": 100,
    "data": [
        {
            "mobile": "3004875840",
            "name": "GHULAM AKBAR",
            "cnic": "3230227332475",
            "address": null
        },
        {
            "mobile": "3004875840",
            "name": "MUHAMMAD TANVEER",
            "cnic": "3520194188553",
            "address": "KHAS LAHORE CANTT HADYARAH LAH ORE Lahore"
        }
    ],
    "timestamp": "2024-03-17 14:52:23"
}{
    "status": 100,
    "data": [
        {
            "mobile": "3235687997",
            "name": "USMAN GHANI",
            "cnic": "3740541990167",
            "address": "H-226 8 RAWALPINDI CHACHI ALAM KHAN ROAD RAWALPINDI RAWALPINDI"
        }
    ],
    "timestamp": "2024-03-17 15:11:31"
}{
    "status": 100,
    "data": [
        {
            "mobile": "3418862165",
            "name": null,
            "cnic": "3660283198353",
            "address": null
        }
    ],
    "timestamp": "2024-03-17 15:44:12"
}{
    "status": 100,
    "data": [
        {
            "mobile": "3468687586",
            "name": "BASIT QAYOOM",
            "cnic": "8240203478911",
            "address": "DAAK KHANA TARARH KHAL PEPAY NA RH TEHSIL TARARH K"
        }
    ],
    "timestamp": "2024-03-17 15:47:13"
}{
    "status": 100,
    "data": [
        {
            "mobile": "3027229398",
            "name": "QAISAR ABBAS .",
            "cnic": "3320404752485",
            "address": "PEER ABDUL REHMAN AHMAD PUR SIAL CHAH N NIZAM YE WALA KANDAL KHOKHARAN JHANG JHANG G.P.O."
        }
    ],
    "timestamp": "2024-03-17 16:11:25"
}{
    "status": 100,
    "data": [
        {
            "mobile": "3116509551",
            "name": "Sajad  Hussain",
            "cnic": "3320218265007",
            "address": null
        },
        {
            "mobile": "3020405572",
            "name": "SAJJAD HUSSAIN .",
            "cnic": "3320218265007",
            "address": null
        },
        {
            "mobile": "3096739727",
            "name": "SAJJAD HUSSAIN .",
            "cnic": "3320218265007",
            "address": null
        },
        {
            "mobile": "3354610964",
            "name": "sajjad hussain",
            "cnic": "3320218265007",
            "address": "hasnana gali amam barga JHANG"
        },
        {
            "mobile": "3437905557",
            "name": "Sajad Hussain -",
            "cnic": "3320218265007",
            "address": "Hansnana"
        },
        {
            "mobile": "3096737679",
            "name": "SAJJAD HUSSAIN .",
            "cnic": "3320218265007",
            "address": "MOHALA HUSNANA STREET IMAM BARGAH JHANG  PAKISTAN"
        }
    ],
    "timestamp": "2024-03-17 16:12:39"
}{
    "status": 100,
    "data": [
        {
            "mobile": "3012019205",
            "name": "QAISAR ABBAS .",
            "cnic": "3320404752485",
            "address": null
        },
        {
            "mobile": "3012875469",
            "name": "QAISAR ABBAS .",
            "cnic": "3320404752485",
            "address": null
        },
        {
            "mobile": "3027229398",
            "name": "QAISAR ABBAS .",
            "cnic": "3320404752485",
            "address": "PEER ABDUL REHMAN AHMAD PUR SIAL CHAH N NIZAM YE WALA KANDAL KHOKHARAN JHANG JHANG G.P.O."
        },
        {
            "mobile": "3043511269",
            "name": "QAISAR ABBAS .",
            "cnic": "3320404752485",
            "address": null
        },
        {
            "mobile": "3012873421",
            "name": "QAISAR ABBAS .",
            "cnic": "3320404752485",
            "address": "PEER ABDUL REHMAN AHMAD PUR SIAL CHAH N NIZAM YE WALA KANDAL KHOKHARAN JHANG JHANG G.P.O."
        },
        {
            "mobile": "3012017157",
            "name": "QAISAR ABBAS .",
            "cnic": "3320404752485",
            "address": "PEER ABDUL REHMAN AHMAD PUR SIAL CHAH N NIZAM YE WALA KANDAL KHOKHARAN JHANG JHANG G.P.O."
        }
    ],
    "timestamp": "2024-03-17 16:12:49"
}{
    "status": 100,
    "data": [
        {
            "mobile": "3081240036",
            "name": "MUHAMMAD IKRAM .",
            "cnic": "3660128453521",
            "address": null
        },
        {
            "mobile": "3087535425",
            "name": "MUHAMMAD IKRAM .",
            "cnic": "3660128453521",
            "address": null
        },
        {
            "mobile": "3464615587",
            "name": null,
            "cnic": "3660128453521",
            "address": null
        },
        {
            "mobile": "3464615886",
            "name": null,
            "cnic": "3660128453521",
            "address": null
        },
        {
            "mobile": "3434904914",
            "name": "MUHAMMAD AKRAM",
            "cnic": "3660128453521",
            "address": "POST OFFICE JAMLEERA CHAK NUMBER \/36 KAY B TEHSIL BUREWALA ZILAH VEHARI"
        },
        {
            "mobile": "3424053324",
            "name": "MUHAMMAD AKRAM",
            "cnic": "3660128453521",
            "address": "POST OFFICE JAMLEERA CHAK NUMBER \/36 KAY B TEHSIL BUREWALA ZILAH VEHARI"
        },
        {
            "mobile": "3415810527",
            "name": "MUHAMMAD AKRAM",
            "cnic": "3660128453521",
            "address": "POST OFFICE JAMLEERA CHAK NUMBER \/36 KAY B TEHSIL BUREWALA ZILAH VEHARI"
        },
        {
            "mobile": "3030631036",
            "name": "MUHAMMAD IKRAM .",
            "cnic": "3660128453521",
            "address": "DAAK KHANA JAMLEERA CHAK NUMBER \/36 KAY Y B TEHSIL BUREWALA DISTRICT VEHARI WAH"
        },
        {
            "mobile": "3026570828",
            "name": "MUHAMMAD IKRAM .",
            "cnic": "3660128453521",
            "address": "DAAK KHANA JAMLEERA CHAK NUMBER \/36 KAY Y B TEHSIL BUREWALA DISTRICT VEHARI WAH"
        },
        {
            "mobile": "3024632980",
            "name": "MUHAMMAD IKRAM .",
            "cnic": "3660128453521",
            "address": "DAAK KHANA JAMLEERA CHAK NUMBER \/36 KAY Y B TEHSIL BUREWALA DISTRICT VEHARI WAH"
        },
        {
            "mobile": "3024635028",
            "name": "MUHAMMAD IKRAM .",
            "cnic": "3660128453521",
            "address": "DAAK KHANA JAMLEERA CHAK NUMBER \/36 KAY Y B TEHSIL BUREWALA DISTRICT VEHARI WAH"
        }
    ],
    "timestamp": "2024-03-17 16:13:17"
}{
    "status": 100,
    "message": "No record Found",
    "timestamp": "2024-03-17 16:13:40"
}{
    "status": 100,
    "message": "No record Found",
    "timestamp": "2024-03-17 16:15:37"
}{
    "status": 100,
    "message": "No record Found",
    "timestamp": "2024-03-17 16:15:49"
}{
    "status": 100,
    "data": [
        {
            "mobile": "3001011486",
            "name": "NADEEM NOOR .",
            "cnic": "3530102692607",
            "address": null
        },
        {
            "mobile": "3451474931",
            "name": "NADEEM NOOR",
            "cnic": "3530102692607",
            "address": "ABADI AHMED PURAH DAAK KHANA HAVELI LAKHA CHAK MAN"
        },
        {
            "mobile": "3404414110",
            "name": "NADEEM NOOR",
            "cnic": "3530102692607",
            "address": "ABADI AHMED PURAH DAAK KHANA HAVELI LAKHA CHAK MAN"
        },
        {
            "mobile": "3451474930",
            "name": "NADEEM NOOR",
            "cnic": "3530102692607",
            "address": "ABADI AHMED PURAH DAAK KHANA HAVELI LAKHA CHAK MAN"
        },
        {
            "mobile": "3000417267",
            "name": "NADEEM NOOR .",
            "cnic": "3530102692607",
            "address": "ABADI AHMED PURAH DAAK KHANA HAVELI LAKHA CHAK MANK KAMBOH JAMU WACHAHAL TEHSIL DEPALPUR DISTRICT OK"
        },
        {
            "mobile": "3014972804",
            "name": "NADEEM NOOR .",
            "cnic": "3530102692607",
            "address": "ABADI AHMED PURAH DAAK KHANA HAVELI LAKHA CHAK MANK KAMBOH JAMU WACHAHAL TEHSIL DEPALPUR DISTRICT OK"
        },
        {
            "mobile": "3014974852",
            "name": "NADEEM NOOR .",
            "cnic": "3530102692607",
            "address": "ABADI AHMED PURAH DAAK KHANA HAVELI LAKHA CHAK MANK KAMBOH JAMU WACHAHAL TEHSIL DEPALPUR DISTRICT OK"
        }
    ],
    "timestamp": "2024-03-17 16:16:02"
}{
    "status": 100,
    "data": [
        {
            "mobile": "3011287088",
            "name": "ALIA PARVEEN .",
            "cnic": "3530121883404",
            "address": null
        },
        {
            "mobile": "3214874852",
            "name": "ALIA PARVEEN .",
            "cnic": "3530121883404",
            "address": null
        },
        {
            "mobile": "3218131535",
            "name": "ALIA PARVEEN .",
            "cnic": "3530121883404",
            "address": null
        },
        {
            "mobile": "3219859452",
            "name": "ALIA PARVEEN .",
            "cnic": "3530121883404",
            "address": null
        },
        {
            "mobile": "3346257107",
            "name": "ALIA PARVEEN .",
            "cnic": "3530121883404",
            "address": null
        }
    ],
    "timestamp": "2024-03-17 16:23:08"
}{
    "status": 100,
    "data": [
        {
            "mobile": "3200504500",
            "name": "UMAIR JAMIL .",
            "cnic": "8240303516935",
            "address": null
        }
    ],
    "timestamp": "2024-03-17 16:23:55"
}{
    "status": 100,
    "data": [
        {
            "mobile": "3460751915",
            "name": "UMAIR JAMEEL",
            "cnic": "8240303516935",
            "address": "DHABIAK DHARHAH POST OFFICE KHAS BEETHK AWAN ABAD TEHSIL BALOCH ZILAH SADHONTI"
        },
        {
            "mobile": "3045314389",
            "name": "UMAIR JAMIL .",
            "cnic": "8240303516935",
            "address": null
        },
        {
            "mobile": "3054178404",
            "name": "UMAIR JAMIL .",
            "cnic": "8240303516935",
            "address": null
        },
        {
            "mobile": "3200504500",
            "name": "UMAIR JAMIL .",
            "cnic": "8240303516935",
            "address": null
        },
        {
            "mobile": "3477776064",
            "name": null,
            "cnic": "8240303516935",
            "address": null
        },
        {
            "mobile": "3450436930",
            "name": null,
            "cnic": "8240303516935",
            "address": null
        }
    ],
    "timestamp": "2024-03-17 16:24:03"
}{
    "status": 100,
    "data": [
        {
            "mobile": "3341963074",
            "name": "bachi mai",
            "cnic": "3240407125362",
            "address": "City CHAK MAT NO.3 Tehsil ROJH"
        }
    ],
    "timestamp": "2024-03-17 16:24:15"
}{
    "status": 100,
    "data": [
        {
            "mobile": "3367973741",
            "name": "SALMA .",
            "cnic": "4330481656142",
            "address": null
        }
    ],
    "timestamp": "2024-03-17 16:24:28"
}{
    "status": 100,
    "data": [
        {
            "mobile": "3090135934",
            "name": "MUHAMMAD AMJAD .",
            "cnic": "1350411713701",
            "address": null
        }
    ],
    "timestamp": "2024-03-17 16:25:22"
}{
    "status": 100,
    "data": [
        {
            "mobile": "3409209660",
            "name": "MUHAMMAD AMJAD",
            "cnic": "1350411713701",
            "address": "CHAJARH SYEDAN SHAMAD HARHAH TEHSIL AUGI DISTRICT"
        },
        {
            "mobile": "3059522927",
            "name": "MUHAMMAD AMJAD .",
            "cnic": "1350411713701",
            "address": null
        },
        {
            "mobile": "3414342978",
            "name": "MUHAMMAD AMJAD",
            "cnic": "1350411713701",
            "address": "CHAJARH SYEDAN SHAMAD HARHAH TEHSIL AUGI DISTRICT"
        },
        {
            "mobile": "3090135934",
            "name": "MUHAMMAD AMJAD .",
            "cnic": "1350411713701",
            "address": null
        },
        {
            "mobile": "3485405453",
            "name": "MUHAMMAD AMJAD",
            "cnic": "1350411713701",
            "address": "CHAJARH SYEDAN SHAMAD HARHAH TEHSIL AUGI DISTRICT"
        }
    ],
    "timestamp": "2024-03-17 16:25:45"
}{
    "status": 100,
    "message": "No record Found",
    "timestamp": "2024-03-17 16:26:12"
}{
    "status": 100,
    "data": [
        {
            "mobile": "3090135934",
            "name": "MUHAMMAD AMJAD .",
            "cnic": "1350411713701",
            "address": null
        }
    ],
    "timestamp": "2024-03-17 16:27:29"
}{
    "status": 100,
    "message": "No record Found",
    "timestamp": "2024-03-17 16:28:29"
}{
    "status": 100,
    "message": "No record Found",
    "timestamp": "2024-03-17 16:28:38"
}{
    "status": 100,
    "message": "No record Found",
    "timestamp": "2024-03-17 16:29:25"
}{
    "status": 100,
    "data": [
        {
            "mobile": "3045668901",
            "name": "FAZEELAT ASLAM .",
            "cnic": "3320306508890",
            "address": null
        }
    ],
    "timestamp": "2024-03-17 16:30:29"
}{
    "status": 100,
    "data": [
        {
            "mobile": "3061301973",
            "name": "MUHAMMAD NAWAZ .",
            "cnic": "3120242294007",
            "address": "DERA BAKHA BAHAWALPUR BASTI HAJI AHMAD YAAR MANG WANI BAHAWALPUR PAKISTAN"
        }
    ],
    "timestamp": "2024-03-17 16:36:52"
}{
    "status": 100,
    "message": "No record Found",
    "timestamp": "2024-03-17 16:38:47"
}{
    "status": 100,
    "message": "No record Found",
    "timestamp": "2024-03-17 16:39:42"
}{
    "status": 100,
    "message": "No record Found",
    "timestamp": "2024-03-17 16:52:52"
}{
    "status": 100,
    "message": "No record Found",
    "timestamp": "2024-03-17 16:52:56"
}{
    "status": 100,
    "message": "No record Found",
    "timestamp": "2024-03-17 16:58:18"
}{
    "status": 100,
    "data": [
        {
            "mobile": "3079638206",
            "name": "MUHAMMAD AKRAM .",
            "cnic": "3240372128413",
            "address": null
        },
        {
            "mobile": "3079746977",
            "name": "MUHAMMAD AKRAM .",
            "cnic": "3240372128413",
            "address": null
        },
        {
            "mobile": "3097108954",
            "name": "MUHAMMAD AKRAM .",
            "cnic": "3240372128413",
            "address": "village ahmed bhan SAKRAND City SHAHEED BENAZIR ABAD Lahore"
        },
        {
            "mobile": "3246341813",
            "name": "MUHAMMAD AKRAM .",
            "cnic": "3240372128413",
            "address": null
        }
    ],
    "timestamp": "2024-03-17 17:02:22"
}{
    "status": 100,
    "message": "No record Found",
    "timestamp": "2024-03-17 17:05:23"
}{
    "status": 100,
    "message": "No record Found",
    "timestamp": "2024-03-17 17:13:48"
}{
    "status": 100,
    "message": "No record Found",
    "timestamp": "2024-03-17 17:14:12"
}{
    "status": 100,
    "message": "No record Found",
    "timestamp": "2024-03-17 17:14:24"
}{
    "status": 100,
    "message": "No record Found",
    "timestamp": "2024-03-17 17:14:40"
}{
    "status": 100,
    "data": [
        {
            "mobile": "3147400075",
            "name": "FAIZ  RASOOL",
            "cnic": "3510313568215",
            "address": null
        },
        {
            "mobile": "3147400075",
            "name": "FAIZ  RASOOL",
            "cnic": "3510313568257",
            "address": null
        }
    ],
    "timestamp": "2024-03-17 17:15:14"
}{
    "status": 100,
    "data": [
        {
            "mobile": "3064065263",
            "name": "MUKHTARAN BIBI .",
            "cnic": "3510323890202",
            "address": null
        }
    ],
    "timestamp": "2024-03-17 17:16:05"
}{
    "status": 100,
    "data": [
        {
            "mobile": "3024458639",
            "name": "MARYAM NUKHBA ABBASI .",
            "cnic": "3630274486584",
            "address": null
        },
        {
            "mobile": "3099359589",
            "name": "MARYAM NUKHBA ABBASI .",
            "cnic": "3630274486584",
            "address": "House No 12\/D Block new multan  PAKISTAN"
        }
    ],
    "timestamp": "2024-03-17 17:17:28"
}{
    "status": 100,
    "message": "No record Found",
    "timestamp": "2024-03-17 17:19:47"
}{
    "status": 100,
    "message": "No record Found",
    "timestamp": "2024-03-17 17:20:48"
}{
    "status": 100,
    "data": [
        {
            "mobile": "3095540129",
            "name": "MUHAMMAD IQBAL",
            "cnic": "3510230534235",
            "address": "KHADIYAAN KHAS KASUR JATYAN KA SUR Lahore"
        }
    ],
    "timestamp": "2024-03-17 17:20:54"
}{
    "status": 100,
    "data": [
        {
            "mobile": "3337077210",
            "name": "MUHAMMAD ISHAQ",
            "cnic": "1410164936819",
            "address": ""
        }
    ],
    "timestamp": "2024-03-17 17:35:51"
}{
    "status": 100,
    "data": [
        {
            "mobile": "3041014902",
            "name": "MUSARRAT NAZEER .",
            "cnic": "3420195423962",
            "address": "KARHIAN WAL GUJRAT CHOHAN GUJRAT KARHIAN WAL GUJRAT CHOHAN GUJRAT Gujrat"
        },
        {
            "mobile": "3041014902",
            "name": "SAKEENA B B .",
            "cnic": "3840510725438",
            "address": "DAAK KHANA SILANWALI CHAK NUMBER 131 N B TEHSIL SILANWALI DISTRICT SARGODHA SARGODHA G.P.O"
        }
    ],
    "timestamp": "2024-03-17 17:42:20"
}{
    "status": 100,
    "message": "No record Found",
    "timestamp": "2024-03-17 18:03:04"
}{
    "status": 100,
    "data": [
        {
            "mobile": "3053600814",
            "name": "MAMOONA .",
            "cnic": "1110188728462",
            "address": null
        }
    ],
    "timestamp": "2024-03-17 18:04:35"
}{
    "status": 100,
    "data": [
        {
            "mobile": "3053600814",
            "name": "MAMOONA .",
            "cnic": "1110188728462",
            "address": null
        }
    ],
    "timestamp": "2024-03-17 18:06:01"
}{
    "status": 100,
    "data": [
        {
            "mobile": "3478724135",
            "name": "MUHAMMAD WAQAS AFRIDI",
            "cnic": "3840105874491",
            "address": "POST OFFICE KHAS CHAK NUMBER 21 S B TEHSIL KOT MOMIN ZILAH SARGODHA"
        }
    ],
    "timestamp": "2024-03-17 18:09:42"
}{
    "status": 100,
    "message": "No record Found",
    "timestamp": "2024-03-17 18:11:57"
}{
    "status": 100,
    "message": "No record Found",
    "timestamp": "2024-03-17 18:12:14"
}{
    "status": 100,
    "message": "No record Found",
    "timestamp": "2024-03-17 18:15:15"
}{
    "status": 100,
    "message": "No record Found",
    "timestamp": "2024-03-17 18:15:26"
}{
    "status": 100,
    "message": "No record Found",
    "timestamp": "2024-03-17 18:41:15"
}{
    "status": 100,
    "message": "No record Found",
    "timestamp": "2024-03-17 18:41:26"
}{
    "status": 100,
    "message": "No record Found",
    "timestamp": "2024-03-17 18:58:07"
}{
    "status": 100,
    "data": [
        {
            "mobile": "3458919106",
            "name": "MALIK JIBRAN ABID",
            "cnic": "1730140434763",
            "address": "MALIK ABID KHAN HUJRAH MOHALA GARHI SOHBAT KHAN POST OFFICE FAQEER KLAY PESHAWAR"
        },
        {
            "mobile": "0992391582",
            "name": "JIBRAN KHAN",
            "cnic": "1730140434763",
            "address": null
        },
        {
            "mobile": "3475228368",
            "name": "MALIK JIBRAN ABID",
            "cnic": "1730140434763",
            "address": "MALIK ABID KHAN HUJRAH MOHALA GARHI SOHBAT KHAN POST OFFICE FAQEER KLAY PESHAWAR"
        }
    ],
    "timestamp": "2024-03-17 18:58:34"
}{
    "status": 100,
    "data": [
        {
            "mobile": "3220956287",
            "name": "MONEDA .",
            "cnic": "2150656791742",
            "address": null
        }
    ],
    "timestamp": "2024-03-17 18:59:12"
}{
    "status": 100,
    "message": "No record Found",
    "timestamp": "2024-03-17 19:07:06"
}{
    "status": 100,
    "message": "No record Found",
    "timestamp": "2024-03-17 19:07:56"
}{
    "status": 100,
    "message": "No record Found",
    "timestamp": "2024-03-17 19:30:33"
}{
    "status": 100,
    "message": "No record Found",
    "timestamp": "2024-03-17 19:31:20"
}{
    "status": 100,
    "message": "No record Found",
    "timestamp": "2024-03-17 19:32:13"
}{
    "status": 100,
    "data": [
        {
            "mobile": "3405109291",
            "name": "ZAHID MEHMOOD",
            "cnic": "3730311693753",
            "address": "STREET \/ MOHALA RAJGAAN DAAK KHANA KHAS RASOOLPUR"
        }
    ],
    "timestamp": "2024-03-17 21:55:24"
}{
    "status": 100,
    "message": "No record Found",
    "timestamp": "2024-03-17 22:44:24"
}{
    "status": 100,
    "message": "No record Found",
    "timestamp": "2024-03-17 22:51:12"
}{
    "status": 100,
    "data": [
        {
            "mobile": "3038236867",
            "name": "NOOR UL KAREEM .",
            "cnic": "1710186126439",
            "address": "KHARKI CHARSADDA QAZI KHAIL NAHQI CHARSADDA Charsadda"
        }
    ],
    "timestamp": "2024-03-17 23:13:51"
}{
    "status": 100,
    "message": "No record Found",
    "timestamp": "2024-03-17 23:56:15"
}{
    "status": 100,
    "message": "No record Found",
    "timestamp": "2024-03-17 23:56:27"
}{
    "status": 100,
    "message": "No record Found",
    "timestamp": "2024-03-17 23:56:41"
}{
    "status": 100,
    "message": "No record Found",
    "timestamp": "2024-03-17 23:56:51"
}