{
    "status": 100,
    "message": "No record Found",
    "timestamp": "2024-03-18 00:25:13"
}{
    "status": 100,
    "message": "No record Found",
    "timestamp": "2024-03-18 00:25:25"
}{
    "status": 100,
    "data": [
        {
            "mobile": "3236167334",
            "name": "MUHAMMAD ARSHAD IQBAL PARACHA",
            "cnic": "3520087180723",
            "address": null
        }
    ],
    "timestamp": "2024-03-18 00:57:28"
}{
    "status": 100,
    "data": [
        {
            "mobile": "3018600043",
            "name": "MUHAMMAD ARSHAD IQBAL PARACHA",
            "cnic": "3520087180723",
            "address": null
        },
        {
            "mobile": "3236167334",
            "name": "MUHAMMAD ARSHAD IQBAL PARACHA",
            "cnic": "3520087180723",
            "address": null
        },
        {
            "mobile": "3310497025",
            "name": "MUHAMMAD ARSHAD IQBAL PARACHA",
            "cnic": "3520087180723",
            "address": "DHARYALA PIND DADAN KHAN MOHAL"
        },
        {
            "mobile": "3167884745",
            "name": "Muhammad Arshad Iqbal",
            "cnic": "3520087180723",
            "address": null
        },
        {
            "mobile": "3018597995",
            "name": "MUHAMMAD ARSHAD IQBAL PARACHA",
            "cnic": "3520087180723",
            "address": "MUHAMMAD ARSHAD IQBAL PARACHA 113D Lahore"
        },
        {
            "mobile": "3236165286",
            "name": "MOHAMMAD ARSHAD IQBAL PARACHA",
            "cnic": "3520087180723",
            "address": "DHARYALA PIND DADAN KHAN MOHALA PRAJAN DHARYALA JHELUM"
        }
    ],
    "timestamp": "2024-03-18 00:57:38"
}{
    "status": 100,
    "data": [
        {
            "mobile": "3236127740",
            "name": "MUHAMMAD OMER BIN ARSHAD .",
            "cnic": "3520095480729",
            "address": null
        }
    ],
    "timestamp": "2024-03-18 00:58:17"
}{
    "status": 100,
    "data": [
        {
            "mobile": "3236127740",
            "name": "MUHAMMAD OMER BIN ARSHAD .",
            "cnic": "3520095480729",
            "address": null
        }
    ],
    "timestamp": "2024-03-18 00:58:31"
}{
    "status": 100,
    "data": [
        {
            "mobile": "3488012085",
            "name": "WAQAR ALI",
            "cnic": "1540212355527",
            "address": "MOHALA MALANG ABAD DAAK KHANA BUTT KHAILA AMANDRA"
        },
        {
            "mobile": "3479808246",
            "name": "WAQAR ALI",
            "cnic": "1540212355527",
            "address": "MOHALA MALANG ABAD DAAK KHANA BUTT KHAILA AMANDRA"
        },
        {
            "mobile": "3471919736",
            "name": null,
            "cnic": "1540212355527",
            "address": null
        }
    ],
    "timestamp": "2024-03-18 01:16:14"
}{
    "status": 100,
    "data": [
        {
            "mobile": "3435284245",
            "name": "KIRAN RAFEEQ",
            "cnic": "3740567030776",
            "address": "DAAK KHANA PORHMIANA BAJA RH TEHSIL TAXILA DISTRIC"
        },
        {
            "mobile": "3405401920",
            "name": "KIRAN RAFEEQ",
            "cnic": "3740567030776",
            "address": "DAAK KHANA PORHMIANA BAJA RH TEHSIL TAXILA DISTRIC"
        },
        {
            "mobile": "3081734382",
            "name": "KIRAN RAFIQUE .",
            "cnic": "3740567030776",
            "address": "House No BB-1001 Street No 2 Dhoke Dilal RAWALPINDI  PAKISTAN"
        },
        {
            "mobile": "3175950830",
            "name": "kiran  rafique",
            "cnic": "3740567030776",
            "address": "Post-PAID"
        }
    ],
    "timestamp": "2024-03-18 01:18:42"
}{
    "status": 100,
    "data": [
        {
            "mobile": "3003337234",
            "name": "CHOUDRY KHALID MEHMOOD .",
            "cnic": "4210123552231",
            "address": "H-13 KARACHI WASTI 10 FEDERAL B AREA KARACHI KARACHI WASTI Sanghar"
        },
        {
            "mobile": "3010628379",
            "name": "CHOUDRY KHALID MEHMOOD .",
            "cnic": "4210123552231",
            "address": null
        },
        {
            "mobile": "3111274140",
            "name": "DATA NOT RECIEVED FROM NADRA",
            "cnic": "4210123552231",
            "address": null
        },
        {
            "mobile": "3490127909",
            "name": "CHOUDRY KHALID MEHMOOD",
            "cnic": "4210123552231",
            "address": "H-13 KARACHI WASTI 10 FEDERAL B AREA KARACHI KARAC"
        },
        {
            "mobile": "3322271317",
            "name": "CHOUDRY KHALID MEHMOOD",
            "cnic": "4210123552231",
            "address": "H-13 KARACHI WASTI 10 FEDERAL"
        },
        {
            "mobile": "3111272092",
            "name": "DATA NOT RECIEVED FROM NADRA",
            "cnic": "4210123552231",
            "address": null
        }
    ],
    "timestamp": "2024-03-18 03:14:31"
}{
    "status": 100,
    "data": [
        {
            "mobile": "3116528656",
            "name": "kaleem  ullah",
            "cnic": "3240333672691",
            "address": null
        }
    ],
    "timestamp": "2024-03-18 03:29:45"
}{
    "status": 100,
    "message": "No record Found",
    "timestamp": "2024-03-18 03:49:38"
}{
    "status": 100,
    "message": "No record Found",
    "timestamp": "2024-03-18 03:56:26"
}{
    "status": 100,
    "data": [
        {
            "mobile": "3475513095",
            "name": "KHALID PERVAIZ",
            "cnic": "3240379493335",
            "address": "AQIL PUR ROAD MOHALA KHURSHID COLONY RAJAN PUR"
        }
    ],
    "timestamp": "2024-03-18 04:05:01"
}{
    "status": 100,
    "data": [
        {
            "mobile": "3336446105",
            "name": "KHALID PERVEZ",
            "cnic": "3240379493335",
            "address": "KHURSHID COLONY  AQIL PUR ROAD"
        },
        {
            "mobile": "3327408497",
            "name": "Khalid Parveez",
            "cnic": "3240379493335",
            "address": "Khurshid Colony , Aqil Pur Roa"
        },
        {
            "mobile": "3475513095",
            "name": "KHALID PERVAIZ",
            "cnic": "3240379493335",
            "address": "AQIL PUR ROAD MOHALA KHURSHID COLONY RAJAN PUR"
        },
        {
            "mobile": "3483442099",
            "name": "KHALID PERVAIZ",
            "cnic": "3240379493335",
            "address": "AQIL PUR ROAD MOHALA KHURSHID COLONY RAJAN PUR"
        }
    ],
    "timestamp": "2024-03-18 04:05:11"
}{
    "status": 100,
    "message": "No record Found",
    "timestamp": "2024-03-18 04:30:11"
}{
    "status": 100,
    "message": "No record Found",
    "timestamp": "2024-03-18 04:54:08"
}{
    "status": 100,
    "message": "No record Found",
    "timestamp": "2024-03-18 04:54:25"
}{
    "status": 100,
    "message": "No record Found",
    "timestamp": "2024-03-18 04:54:38"
}{
    "status": 100,
    "message": "No record Found",
    "timestamp": "2024-03-18 04:55:02"
}{
    "status": 100,
    "message": "No record Found",
    "timestamp": "2024-03-18 04:55:15"
}{
    "status": 100,
    "message": "No record Found",
    "timestamp": "2024-03-18 04:55:32"
}{
    "status": 100,
    "message": "No record Found",
    "timestamp": "2024-03-18 04:55:47"
}{
    "status": 100,
    "data": [
        {
            "mobile": "3051524071",
            "name": "ABDUL MAJEED",
            "cnic": "3610401217345",
            "address": "S\/O MUHAMMAD SHAREEF AARAEN CHAK NO # 19 B-R NEAR JAMIA MASJID P O KHAS Mian Channu"
        },
        {
            "mobile": "3051524071",
            "name": "SHAMSHAD B B .",
            "cnic": "3650180794472",
            "address": "HOUSE NUMBER 1 STREET NUMBER 3 MOHALA J JOGI CHICHA WATNI DISTRICT SAHIWAL SAHIWAL G.P.O."
        }
    ],
    "timestamp": "2024-03-18 04:55:56"
}{
    "status": 100,
    "message": "No record Found",
    "timestamp": "2024-03-18 04:56:18"
}{
    "status": 100,
    "message": "No record Found",
    "timestamp": "2024-03-18 04:56:30"
}{
    "status": 100,
    "message": "No record Found",
    "timestamp": "2024-03-18 04:56:44"
}{
    "status": 100,
    "data": [
        {
            "mobile": "3331916249",
            "name": "DATA NOT RECIEVED FROM NADRA",
            "cnic": "3430201114008",
            "address": null
        }
    ],
    "timestamp": "2024-03-18 04:56:56"
}{
    "status": 100,
    "message": "No record Found",
    "timestamp": "2024-03-18 04:57:18"
}{
    "status": 100,
    "data": [
        {
            "mobile": "3229063428",
            "name": "MUHAMMAD LSAN",
            "cnic": "1730103425447",
            "address": "KANDI PAYAN CITY PUSHTI KHARA"
        }
    ],
    "timestamp": "2024-03-18 04:57:30"
}{
    "status": 100,
    "message": "No record Found",
    "timestamp": "2024-03-18 04:57:51"
}{
    "status": 100,
    "data": [
        {
            "mobile": "3113033729",
            "name": "Ghulam  Qadir",
            "cnic": "4180206093061",
            "address": null
        },
        {
            "mobile": "3073343848",
            "name": "GHULAM QADIR .",
            "cnic": "4180206093061",
            "address": "HALA PEER MAULA BAKHASH COLONY WARD NUMBER 3 HALA Matiari"
        },
        {
            "mobile": "3078593480",
            "name": "GHULAM QADIR .",
            "cnic": "4180206093061",
            "address": "HALA PEER MAULA BAKHASH COLONY WARD NUMBER 3 HALA Matiari"
        },
        {
            "mobile": "3043692212",
            "name": "GHULAM QADIR .",
            "cnic": "4180206093061",
            "address": "HALA PEER MAULA BAKHASH COLONY WARD NUMBER 3 HALA Matiari"
        },
        {
            "mobile": "3043694260",
            "name": "GHULAM QADIR .",
            "cnic": "4180206093061",
            "address": "HALA PEER MAULA BAKHASH COLONY WARD NUMBER 3 HALA Matiari"
        }
    ],
    "timestamp": "2024-03-18 04:58:17"
}{
    "status": 100,
    "message": "No record Found",
    "timestamp": "2024-03-18 05:21:48"
}{
    "status": 100,
    "message": "No record Found",
    "timestamp": "2024-03-18 05:27:37"
}{
    "status": 100,
    "data": [
        {
            "mobile": "3143527512",
            "name": "DATA NOT RECIEVED FROM NADRA",
            "cnic": "3820111118357",
            "address": null
        }
    ],
    "timestamp": "2024-03-18 05:28:48"
}{
    "status": 100,
    "data": [
        {
            "mobile": "3145380118",
            "name": "muhammad  shafique",
            "cnic": "1350384229933",
            "address": null
        }
    ],
    "timestamp": "2024-03-18 05:35:47"
}{
    "status": 100,
    "data": [
        {
            "mobile": "3091676513",
            "name": "AISHA KHURSHID .",
            "cnic": "9040301561770",
            "address": null
        }
    ],
    "timestamp": "2024-03-18 05:36:18"
}{
    "status": 100,
    "data": [
        {
            "mobile": "3454859180",
            "name": null,
            "cnic": "3110349111566",
            "address": null
        }
    ],
    "timestamp": "2024-03-18 05:36:27"
}{
    "status": 100,
    "message": "No record Found",
    "timestamp": "2024-03-18 05:37:22"
}{
    "status": 100,
    "data": [
        {
            "mobile": "3100122657",
            "name": "Pervez  Ali",
            "cnic": "4220115888397",
            "address": null
        }
    ],
    "timestamp": "2024-03-18 05:46:47"
}{
    "status": 100,
    "message": "No record Found",
    "timestamp": "2024-03-18 05:48:06"
}{
    "status": 100,
    "message": "No record Found",
    "timestamp": "2024-03-18 05:49:39"
}{
    "status": 100,
    "data": [
        {
            "mobile": "3410770624",
            "name": "AZHER MUMTAZ",
            "cnic": "3320243395093",
            "address": "JHANG ISRAR ABAD BASTI MAIE HEER FAISAL ABAD ROAD"
        }
    ],
    "timestamp": "2024-03-18 06:06:05"
}{
    "status": 100,
    "message": "No record Found",
    "timestamp": "2024-03-18 06:08:43"
}{
    "status": 100,
    "data": [
        {
            "mobile": "3362097023",
            "name": "sassi mai",
            "cnic": "3240363981046",
            "address": "basti arayen City PATTI MUTNAZ"
        }
    ],
    "timestamp": "2024-03-18 06:09:06"
}{
    "status": 100,
    "data": [
        {
            "mobile": "3165990251",
            "name": "NOOR AGHA",
            "cnic": "02006798",
            "address": "Afghanistan\t\t"
        }
    ],
    "timestamp": "2024-03-18 06:14:27"
}{
    "status": 100,
    "message": "No record Found",
    "timestamp": "2024-03-18 06:17:27"
}{
    "status": 100,
    "message": "No record Found",
    "timestamp": "2024-03-18 06:17:42"
}{
    "status": 100,
    "message": "No record Found",
    "timestamp": "2024-03-18 06:17:53"
}{
    "status": 100,
    "message": "No record Found",
    "timestamp": "2024-03-18 06:18:04"
}{
    "status": 100,
    "data": [
        {
            "mobile": "3379785123",
            "name": "allah ditta",
            "cnic": "3240267398823",
            "address": "City CHAK LUNDA Tehsil JAMPUR"
        }
    ],
    "timestamp": "2024-03-18 06:18:19"
}{
    "timestamp": "2024-03-18 06:18:27"
}{
    "status": 100,
    "data": [
        {
            "mobile": "3379785123",
            "name": "allah ditta",
            "cnic": "3240267398823",
            "address": "City CHAK LUNDA Tehsil JAMPUR"
        }
    ],
    "timestamp": "2024-03-18 06:19:02"
}{
    "status": 100,
    "data": [
        {
            "mobile": "3175563469",
            "name": "abbas  iqbal",
            "cnic": "1310102996459",
            "address": "Post-PAID"
        },
        {
            "mobile": "3175563469",
            "name": "ghulam  murtaza",
            "cnic": "3710176047749",
            "address": null
        }
    ],
    "timestamp": "2024-03-18 06:19:34"
}{
    "status": 100,
    "data": [
        {
            "mobile": "3175563469",
            "name": "abbas  iqbal",
            "cnic": "1310102996459",
            "address": "Post-PAID"
        },
        {
            "mobile": "3175563469",
            "name": "ghulam  murtaza",
            "cnic": "3710176047749",
            "address": null
        }
    ],
    "timestamp": "2024-03-18 06:20:05"
}{
    "status": 100,
    "data": [
        {
            "mobile": "3010185634",
            "name": "ABDUL QAYYUM",
            "cnic": "3630468774117",
            "address": null
        },
        {
            "mobile": "3046317727",
            "name": "ABDUL QAYYUM",
            "cnic": "3630468774117",
            "address": "BANGALAH MORR SHUJAA ABAD CHAH PEERAY WALA MOHAN PUR GHARBI Multan"
        },
        {
            "mobile": "3464419060",
            "name": "ABDUL QAYYUM",
            "cnic": "3630468774117",
            "address": "BANGALAH MOR SHUJA ABAD CHAH PEERAY WALA MOHAN PUR"
        },
        {
            "mobile": "3447953656",
            "name": "ABDUL QAYYUM",
            "cnic": "3630468774117",
            "address": "BANGALAH MOR SHUJA ABAD CHAH PEERAY WALA MOHAN PUR"
        },
        {
            "mobile": "3467073798",
            "name": "ABDUL QAYYUM",
            "cnic": "3630468774117",
            "address": "BANGALAH MOR SHUJA ABAD CHAH PEERAY WALA MOHAN PUR"
        },
        {
            "mobile": "3046315679",
            "name": "ABDUL QAYYUM",
            "cnic": "3630468774117",
            "address": "BANGALAH MORR SHUJAA ABAD CHAH PEERAY WALA MOHAN PUR GHARBI Multan"
        }
    ],
    "timestamp": "2024-03-18 06:30:26"
}{
    "status": 100,
    "data": [
        {
            "mobile": "3099972752",
            "name": "ARSALAN ALI",
            "cnic": "3630251034777",
            "address": null
        }
    ],
    "timestamp": "2024-03-18 06:36:19"
}{
    "status": 100,
    "data": [
        {
            "mobile": "3319714796",
            "name": "RIAZ HUSSAIN",
            "cnic": "3240413936407",
            "address": "UMER KWTRWJHANQADRHRAJN PUR"
        }
    ],
    "timestamp": "2024-03-18 06:39:59"
}{
    "status": 100,
    "data": [
        {
            "mobile": "3113050576",
            "name": "DATA NOT RECIEVED FROM NADRA",
            "cnic": "4130468605107",
            "address": "Post-PAID"
        },
        {
            "mobile": "3152089067",
            "name": "Not Available",
            "cnic": "4130468605107",
            "address": "Post-PAID"
        },
        {
            "mobile": "3223959935",
            "name": "MUHAMMAD IMRAN",
            "cnic": "4130468605107",
            "address": "356 BLOCK B AYYUB COLONY UNIT 11 LATIF ABAD LATIF ABAD LATIF ABAD HYDERABAD"
        }
    ],
    "timestamp": "2024-03-18 06:45:44"
}{
    "status": 100,
    "message": "No record Found",
    "timestamp": "2024-03-18 06:46:33"
}{
    "status": 100,
    "data": [
        {
            "mobile": "3095063255",
            "name": "ANEELA SALEEM .",
            "cnic": "3520227612942",
            "address": "HOUSE NUMBER 15 STREET NUMBER 14 MOHALA A MUHAMMADIA COLONY RAVI ROAD LAHORE LAHORE G.P.O"
        },
        {
            "mobile": "3224270144",
            "name": "ANEELA SALEEM .",
            "cnic": "3520227612942",
            "address": null
        },
        {
            "mobile": "3224774416",
            "name": "ANEELA SALEEM .",
            "cnic": "3520227612942",
            "address": null
        },
        {
            "mobile": "3144425899",
            "name": "anila",
            "cnic": "3520227612942",
            "address": null
        }
    ],
    "timestamp": "2024-03-18 06:55:00"
}{
    "status": 100,
    "message": "No record Found",
    "timestamp": "2024-03-18 06:55:24"
}{
    "status": 100,
    "message": "No record Found",
    "timestamp": "2024-03-18 06:55:37"
}{
    "status": 100,
    "message": "No record Found",
    "timestamp": "2024-03-18 06:58:28"
}{
    "status": 100,
    "message": "No record Found",
    "timestamp": "2024-03-18 06:58:54"
}{
    "status": 100,
    "message": "No record Found",
    "timestamp": "2024-03-18 07:10:27"
}{
    "status": 100,
    "data": [
        {
            "mobile": "3124611482",
            "name": "ghulam hussain sialvi",
            "cnic": "3310656526427",
            "address": "Post-PAID"
        },
        {
            "mobile": "3167922338",
            "name": "ghulam hussain sialvi",
            "cnic": "3310656526427",
            "address": "Post-PAID"
        },
        {
            "mobile": "3226753906",
            "name": "GHULAM HUSSAIN SIALVI .",
            "cnic": "3310656526427",
            "address": null
        },
        {
            "mobile": "3331791955",
            "name": "GHULAM HUSSAIN SIYALWALI",
            "cnic": "3310656526427",
            "address": "KALIANWALA TANDLIANWALA JALI T"
        }
    ],
    "timestamp": "2024-03-18 07:12:10"
}{
    "status": 100,
    "data": [
        {
            "mobile": "3052127697",
            "name": "IRSHAD B B .",
            "cnic": "3630381773590",
            "address": null
        }
    ],
    "timestamp": "2024-03-18 07:13:39"
}{
    "status": 100,
    "data": [
        {
            "mobile": "3067743474",
            "name": "SEHAR ASLAM .",
            "cnic": "3220288500564",
            "address": null
        }
    ],
    "timestamp": "2024-03-18 07:35:57"
}{
    "status": 100,
    "message": "No record Found",
    "timestamp": "2024-03-18 07:36:29"
}{
    "status": 100,
    "message": "No record Found",
    "timestamp": "2024-03-18 07:38:29"
}{
    "status": 100,
    "data": [
        {
            "mobile": "3008005019",
            "name": "Farman  Ullah",
            "cnic": "5440037443087",
            "address": null
        }
    ],
    "timestamp": "2024-03-18 07:39:10"
}{
    "status": 100,
    "data": [
        {
            "mobile": "3008005019",
            "name": "Farman  Ullah",
            "cnic": "5440037443087",
            "address": null
        },
        {
            "mobile": "3041986377",
            "name": "FARMAN ALLAH .",
            "cnic": "5440037443087",
            "address": null
        },
        {
            "mobile": "3438005019",
            "name": "FARMAN ALLAH",
            "cnic": "5440037443087",
            "address": "QUETTA KILLI SABIL SAMANGLI ROAD SAMANGLI QUETTA"
        },
        {
            "mobile": "3470800109",
            "name": "FARMAN ALLAH",
            "cnic": "5440037443087",
            "address": "QUETTA KILLI SABIL SAMANGLI ROAD SAMANGLI QUETTA"
        },
        {
            "mobile": "3337951172",
            "name": "FARMAN ALLAH",
            "cnic": "5440037443087",
            "address": null
        },
        {
            "mobile": "3108822795",
            "name": "Farman  Ullah",
            "cnic": "5440037443087",
            "address": null
        },
        {
            "mobile": "3110084219",
            "name": "Farman  Ullah",
            "cnic": "5440037443087",
            "address": null
        }
    ],
    "timestamp": "2024-03-18 07:39:33"
}{
    "status": 100,
    "data": [
        {
            "mobile": "3314057138",
            "name": "SHAZIR BIBI .",
            "cnic": "3650295389390",
            "address": null
        }
    ],
    "timestamp": "2024-03-18 07:39:41"
}{
    "status": 100,
    "data": [
        {
            "mobile": "3350503027",
            "name": "saira mudassir",
            "cnic": "3720359568136",
            "address": "dhoke City SAGHAR Tehsil TALA"
        }
    ],
    "timestamp": "2024-03-18 07:40:03"
}{
    "status": 100,
    "data": [
        {
            "mobile": "3304072957",
            "name": "taimur ahmad kundi",
            "cnic": "1210180416447",
            "address": null
        }
    ],
    "timestamp": "2024-03-18 07:40:56"
}{
    "status": 100,
    "data": [
        {
            "mobile": "3013883694",
            "name": "MUHAMMAD ALAMGIR .",
            "cnic": "3130141037959",
            "address": null
        },
        {
            "mobile": "3013883694",
            "name": "SHARF UDDIN",
            "cnic": "4520668469501",
            "address": "SAHIB KHAN THARI MIRWAH GOTH B ARHI TELAHO KHAIRPUR MIRS Lahore"
        }
    ],
    "timestamp": "2024-03-18 07:41:24"
}{
    "status": 100,
    "message": "No record Found",
    "timestamp": "2024-03-18 07:42:38"
}{
    "status": 100,
    "message": "No record Found",
    "timestamp": "2024-03-18 07:44:01"
}{
    "status": 100,
    "data": [
        {
            "mobile": "3345007445",
            "name": "SHEIKH ABD AL MAJEED",
            "cnic": "3740505032221",
            "address": "HOUSE NUMBER A-645-D GALI \/ MO"
        },
        {
            "mobile": "3335118017",
            "name": "SHEIKH ABD AL MAJEED",
            "cnic": "3740505032221",
            "address": ""
        },
        {
            "mobile": "3335115969",
            "name": "SHEIKH ABD AL MAJEED",
            "cnic": "3740505032221",
            "address": null
        }
    ],
    "timestamp": "2024-03-18 08:04:53"
}{
    "timestamp": "2024-03-18 08:30:50"
}{
    "status": 100,
    "data": [
        {
            "mobile": "3204701640",
            "name": "USMAN ALI .",
            "cnic": "3520293708081",
            "address": null
        }
    ],
    "timestamp": "2024-03-18 08:31:03"
}{
    "status": 100,
    "message": "No record Found",
    "timestamp": "2024-03-18 08:43:42"
}{
    "status": 100,
    "data": [
        {
            "mobile": "3353219731",
            "name": "FARZANA",
            "cnic": "4250165481764",
            "address": "A-75\/13 MALEER LANDHI KARACHI"
        }
    ],
    "timestamp": "2024-03-18 08:57:55"
}{
    "status": 100,
    "message": "No record Found",
    "timestamp": "2024-03-18 08:59:00"
}{
    "status": 100,
    "message": "No record Found",
    "timestamp": "2024-03-18 08:59:55"
}{
    "status": 100,
    "message": "No record Found",
    "timestamp": "2024-03-18 09:01:55"
}{
    "status": 100,
    "data": [
        {
            "mobile": "3041297605",
            "name": "M NAWAZ",
            "cnic": "3610220470205",
            "address": null
        },
        {
            "mobile": "3041297605",
            "name": "MUHAMMAD JAVED",
            "cnic": "4410128827993",
            "address": "DEGREE DEGREE DIYA 154-B MIR P UR KHAS Lahore"
        }
    ],
    "timestamp": "2024-03-18 09:02:10"
}{
    "status": 100,
    "message": "No record Found",
    "timestamp": "2024-03-18 09:02:56"
}{
    "status": 100,
    "data": [
        {
            "mobile": "3357654953",
            "name": "SHAHNAWAZ",
            "cnic": "3240250641431",
            "address": "MOHALA HYDERYA COLONY JAM PUR"
        }
    ],
    "timestamp": "2024-03-18 09:03:16"
}{
    "status": 100,
    "data": [
        {
            "mobile": "3138115787",
            "name": "abdul samad khan",
            "cnic": "5430403423663",
            "address": null
        },
        {
            "mobile": "3138637717",
            "name": "ABDUL SAMAD KHAN .",
            "cnic": "5430403423663",
            "address": null
        },
        {
            "mobile": "3146106851",
            "name": "abdul samad khan",
            "cnic": "5430403423663",
            "address": null
        },
        {
            "mobile": "3138635669",
            "name": "ABDUL SAMAD KHAN .",
            "cnic": "5430403423663",
            "address": "DAAK KHANA PISHIN KILLI KHUDAY DAD ZAI TEHSIL SIRANAN DISTRICT PISHIN PISHIN"
        }
    ],
    "timestamp": "2024-03-18 09:07:07"
}{
    "status": 100,
    "data": [
        {
            "mobile": "3037684559",
            "name": "QAISAR  ABBAS",
            "cnic": "3320403448873",
            "address": "PEER ABDUL REHMAN AHMAD PUR SIAL KANDAL KHOKHPEER ABDUL REHMAN AHMAD PUR SIAL KA Jhang"
        }
    ],
    "timestamp": "2024-03-18 09:10:56"
}{
    "status": 100,
    "data": [
        {
            "mobile": "3080210703",
            "name": "C O E",
            "cnic": "3520129855955",
            "address": null
        },
        {
            "mobile": "3061116670",
            "name": "HAFIZ MOHAMMAD MUAZ .",
            "cnic": "3520129855955",
            "address": null
        }
    ],
    "timestamp": "2024-03-18 09:13:25"
}{
    "status": 100,
    "message": "No record Found",
    "timestamp": "2024-03-18 09:22:03"
}{
    "status": 100,
    "data": [
        {
            "mobile": "3139733495",
            "name": "DATA NOT RECIEVED FROM NADRA",
            "cnic": "1730105403887",
            "address": null
        }
    ],
    "timestamp": "2024-03-18 09:59:44"
}{
    "status": 100,
    "data": [
        {
            "mobile": "3465477835",
            "name": "MUHAMMAD FAREED KHAN",
            "cnic": "8230311009475",
            "address": "KHAI GULLA RAWALAKOT KHORHI CHNNH PUNCH"
        },
        {
            "mobile": "3465455523",
            "name": "MUHAMMAD FAREED KHAN",
            "cnic": "8230311009475",
            "address": "KHAI GULLA RAWALAKOT KHORHI CHNNH PUNCH"
        },
        {
            "mobile": "3436385427",
            "name": "MUHAMMAD FAREED KHAN",
            "cnic": "8230311009475",
            "address": "KHAI GULLA RAWALAKOT KHORHI CHNNH PUNCH"
        },
        {
            "mobile": "3411258523",
            "name": null,
            "cnic": "8230311009475",
            "address": null
        }
    ],
    "timestamp": "2024-03-18 10:21:47"
}{
    "status": 100,
    "data": [
        {
            "mobile": "3465477835",
            "name": "MUHAMMAD FAREED KHAN",
            "cnic": "8230311009475",
            "address": "KHAI GULLA RAWALAKOT KHORHI CHNNH PUNCH"
        },
        {
            "mobile": "3465455523",
            "name": "MUHAMMAD FAREED KHAN",
            "cnic": "8230311009475",
            "address": "KHAI GULLA RAWALAKOT KHORHI CHNNH PUNCH"
        },
        {
            "mobile": "3436385427",
            "name": "MUHAMMAD FAREED KHAN",
            "cnic": "8230311009475",
            "address": "KHAI GULLA RAWALAKOT KHORHI CHNNH PUNCH"
        },
        {
            "mobile": "3411258523",
            "name": null,
            "cnic": "8230311009475",
            "address": null
        }
    ],
    "timestamp": "2024-03-18 10:22:44"
}{
    "status": 100,
    "data": [
        {
            "mobile": "3353459220",
            "name": "BANGAL KHAN",
            "cnic": "5440036601121",
            "address": "DAAK KHANA KOHLU TAMBO TEHSIL"
        }
    ],
    "timestamp": "2024-03-18 10:31:16"
}{
    "status": 100,
    "message": "No record Found",
    "timestamp": "2024-03-18 10:42:23"
}{
    "status": 100,
    "message": "No record Found",
    "timestamp": "2024-03-18 10:42:43"
}{
    "status": 100,
    "data": [
        {
            "mobile": "3231756460",
            "name": "ASMA BIBI .",
            "cnic": "2150606022750",
            "address": null
        }
    ],
    "timestamp": "2024-03-18 10:45:34"
}{
    "status": 100,
    "data": [
        {
            "mobile": "3035977443",
            "name": "FOUZIA",
            "cnic": "2150677985972",
            "address": null
        },
        {
            "mobile": "3245102410",
            "name": "FOUZIA",
            "cnic": "2150677985972",
            "address": null
        },
        {
            "mobile": "3479368247",
            "name": null,
            "cnic": "2150677985972",
            "address": null
        },
        {
            "mobile": "3445241196",
            "name": null,
            "cnic": "2150677985972",
            "address": null
        },
        {
            "mobile": "3035975395",
            "name": "FOUZIA",
            "cnic": "2150677985972",
            "address": "MERAN SHAH MERAN SHAHAN GHARKA LAH NARTH WAZIRISTAN AGENCY Narth Waziristan Agency"
        }
    ],
    "timestamp": "2024-03-18 10:46:03"
}{
    "status": 100,
    "data": [
        {
            "mobile": "3015127887",
            "name": "MUHAMMAD ZAIN FAIZ CHEEMA .",
            "cnic": "6110182682775",
            "address": "HOUSE NUMBER A-1033 MOHALA SATELLITE TO OWN JHANG PAKISTAN"
        },
        {
            "mobile": "3208406563",
            "name": "MUHAMMAD ZAIN FAIZ CHEEMA .",
            "cnic": "6110182682775",
            "address": null
        },
        {
            "mobile": "3070505162",
            "name": "MUHAMMAD ZAIN FAIZ CHEEMA .",
            "cnic": "6110182682775",
            "address": "HOUSE NUMBER A-1033 MOHALA SATELLITE TO OWN JHANG PAKISTAN"
        },
        {
            "mobile": "3208404515",
            "name": "MUHAMMAD ZAIN FAYAZ CHEEMA",
            "cnic": "6110182682775",
            "address": "HOUSE NUMBER A-1033 MOHALA SATELLITE TOWN JHANG"
        }
    ],
    "timestamp": "2024-03-18 10:48:03"
}{
    "status": 100,
    "message": "No record Found",
    "timestamp": "2024-03-18 10:48:52"
}{
    "status": 100,
    "message": "No record Found",
    "timestamp": "2024-03-18 10:50:07"
}{
    "status": 100,
    "message": "No record Found",
    "timestamp": "2024-03-18 10:50:40"
}{
    "status": 100,
    "data": [
        {
            "mobile": "3069498400",
            "name": "ZAHID HUSSAIN .",
            "cnic": "2130316975759",
            "address": null
        },
        {
            "mobile": "3069498400",
            "name": "GULZAR HUSSAIN .",
            "cnic": "3420152753665",
            "address": "KHAS GUJRAT MANGO WAL GHARBI GUJRAT KHAS GUJRAT MANGO WAL GHARBI GUJRAT Ahmed Pur East"
        }
    ],
    "timestamp": "2024-03-18 10:50:59"
}{
    "status": 100,
    "data": [
        {
            "mobile": "3165431076",
            "name": "new  cust",
            "cnic": "1330242511135",
            "address": "Post-PAID"
        },
        {
            "mobile": "3109221228",
            "name": "muhammad  umer",
            "cnic": "1330242511135",
            "address": null
        },
        {
            "mobile": "3463683299",
            "name": "MUHAMMAD UMER",
            "cnic": "1330242511135",
            "address": "SARAI SALEH HARI PUR MERA ALI KHAN HARI PUR"
        },
        {
            "mobile": "3485012977",
            "name": "MUHAMMAD UMER",
            "cnic": "1330242511135",
            "address": "SARAI SALEH HARI PUR MERA ALI KHAN HARI PUR"
        },
        {
            "mobile": "3165429028",
            "name": "muhammad  umer",
            "cnic": "1330242511135",
            "address": null
        }
    ],
    "timestamp": "2024-03-18 10:59:42"
}{
    "status": 100,
    "data": [
        {
            "mobile": "3001875557",
            "name": "KAUSAR B B .",
            "cnic": "3320505709954",
            "address": null
        }
    ],
    "timestamp": "2024-03-18 11:20:08"
}{
    "status": 100,
    "data": [
        {
            "mobile": "3426238288",
            "name": "ZAINAB ZAINAB",
            "cnic": "3320171004250",
            "address": "DAAK KHANA CHINIOT SALARAY TEHSIL CHINIOT DISTRICT"
        }
    ],
    "timestamp": "2024-03-18 11:20:39"
}{
    "status": 100,
    "data": [
        {
            "mobile": "3019330809",
            "name": "MUHAMMAD SHAHBAZ .",
            "cnic": "3630488645627",
            "address": null
        },
        {
            "mobile": "3138676070",
            "name": "MUHAMMAD SHAHBAZ .",
            "cnic": "3630488645627",
            "address": null
        },
        {
            "mobile": "3226118591",
            "name": "MUHAMMAD SHAHBAZ .",
            "cnic": "3630488645627",
            "address": null
        },
        {
            "mobile": "3457785634",
            "name": null,
            "cnic": "3630488645627",
            "address": null
        }
    ],
    "timestamp": "2024-03-18 11:27:40"
}{
    "status": 100,
    "data": [
        {
            "mobile": "3070938184",
            "name": "SHAMEEM KHATON .",
            "cnic": "3230108794980",
            "address": null
        }
    ],
    "timestamp": "2024-03-18 11:29:32"
}{
    "status": 100,
    "data": [
        {
            "mobile": "3006226916",
            "name": "ABDULSATAR .",
            "cnic": "3230112122559",
            "address": "ALI PUR BASTI PARHAR AZMAT PUR MUZAFFAR R GARH MUZAFFARGARH G.P.O."
        }
    ],
    "timestamp": "2024-03-18 11:29:40"
}{
    "status": 100,
    "message": "No record Found",
    "timestamp": "2024-03-18 11:30:21"
}{
    "status": 100,
    "message": "No record Found",
    "timestamp": "2024-03-18 11:30:31"
}{
    "status": 100,
    "message": "No record Found",
    "timestamp": "2024-03-18 11:31:11"
}{
    "status": 100,
    "data": [
        {
            "mobile": "3451858984",
            "name": "MUHAMMAD MAZLOOM",
            "cnic": "8220395286191",
            "address": "GARHI DOPATTA MUZAFFARABAD SUNNI KOT MUZAFFARABAD"
        }
    ],
    "timestamp": "2024-03-18 11:33:59"
}{
    "status": 100,
    "message": "No record Found",
    "timestamp": "2024-03-18 11:34:18"
}{
    "status": 100,
    "data": [
        {
            "mobile": "3319714796",
            "name": "RIAZ HUSSAIN",
            "cnic": "3240413936407",
            "address": "UMER KWTRWJHANQADRHRAJN PUR"
        }
    ],
    "timestamp": "2024-03-18 11:47:51"
}{
    "status": 100,
    "data": [
        {
            "mobile": "3319714796",
            "name": "RIAZ HUSSAIN",
            "cnic": "3240413936407",
            "address": "UMER KWTRWJHANQADRHRAJN PUR"
        }
    ],
    "timestamp": "2024-03-18 11:59:30"
}{
    "status": 100,
    "data": [
        {
            "mobile": "3401454071",
            "name": "KAMRAN AHMAD",
            "cnic": "3510329390933",
            "address": "DAAK KHANA KHAS CHAK NUMBER 45 PADANA TEHSIL PATTO"
        }
    ],
    "timestamp": "2024-03-18 12:00:45"
}{
    "status": 100,
    "data": [
        {
            "mobile": "3400027885",
            "name": "KAMRAN AHMAD",
            "cnic": "3510329390933",
            "address": "DAAK KHANA KHAS CHAK NUMBER 45 PADANA TEHSIL PATTO"
        },
        {
            "mobile": "3414071525",
            "name": "KAMRAN AHMAD",
            "cnic": "3510329390933",
            "address": "DAAK KHANA KHAS CHAK NUMBER 45 PADANA TEHSIL PATTO"
        },
        {
            "mobile": "3075784319",
            "name": "KAMRAN AHMAD .",
            "cnic": "3510329390933",
            "address": null
        },
        {
            "mobile": "3401454071",
            "name": "KAMRAN AHMAD",
            "cnic": "3510329390933",
            "address": "DAAK KHANA KHAS CHAK NUMBER 45 PADANA TEHSIL PATTO"
        },
        {
            "mobile": "3400027926",
            "name": "KAMRAN AHMAD",
            "cnic": "3510329390933",
            "address": "DAAK KHANA KHAS CHAK NUMBER 45 PADANA TEHSIL PATTO"
        },
        {
            "mobile": "3075782271",
            "name": "KAMRAN AHMAD .",
            "cnic": "3510329390933",
            "address": "DIWAN GALA MANDI SKP Tehsil Sillanwali Sargodha Sargodha"
        }
    ],
    "timestamp": "2024-03-18 12:01:00"
}{
    "status": 100,
    "data": [
        {
            "mobile": "3319714796",
            "name": "RIAZ HUSSAIN",
            "cnic": "3240413936407",
            "address": "UMER KWTRWJHANQADRHRAJN PUR"
        }
    ],
    "timestamp": "2024-03-18 12:01:06"
}{
    "status": 100,
    "data": [
        {
            "mobile": "3493049131",
            "name": "SAKEENA SAKEENA",
            "cnic": "4410362070628",
            "address": "MOHALA WALKERT BALOCH PARHA MIRPUR KHAS DISTRICT M"
        }
    ],
    "timestamp": "2024-03-18 12:01:25"
}{
    "status": 100,
    "data": [
        {
            "mobile": "3363521962",
            "name": "Sakina",
            "cnic": "4410362070628",
            "address": "Walkart Baloch Para"
        },
        {
            "mobile": "3426928609",
            "name": "SAKEENA SAKEENA",
            "cnic": "4410362070628",
            "address": "MOHALA WALKERT BALOCH PARHA MIRPUR KHAS DISTRICT M"
        },
        {
            "mobile": "3236073417",
            "name": "SAKINA .",
            "cnic": "4410362070628",
            "address": null
        },
        {
            "mobile": "3248231423",
            "name": "SAKINA .",
            "cnic": "4410362070628",
            "address": null
        },
        {
            "mobile": "3493049131",
            "name": "SAKEENA SAKEENA",
            "cnic": "4410362070628",
            "address": "MOHALA WALKERT BALOCH PARHA MIRPUR KHAS DISTRICT M"
        },
        {
            "mobile": "3342595711",
            "name": "Sakina",
            "cnic": "4410362070628",
            "address": "Walkart Baloch Para"
        }
    ],
    "timestamp": "2024-03-18 12:01:36"
}{
    "status": 100,
    "message": "No record Found",
    "timestamp": "2024-03-18 12:01:56"
}{
    "status": 100,
    "message": "No record Found",
    "timestamp": "2024-03-18 12:04:52"
}{
    "status": 100,
    "data": [
        {
            "mobile": "3001515057",
            "name": "MUHAMMAD ASIF .",
            "cnic": "3230119447431",
            "address": null
        }
    ],
    "timestamp": "2024-03-18 12:14:45"
}{
    "status": 100,
    "message": "No record Found",
    "timestamp": "2024-03-18 12:18:45"
}{
    "status": 100,
    "data": [
        {
            "mobile": "3156384748",
            "name": "Mubashar",
            "cnic": "3510330733221",
            "address": "Post-PAID"
        },
        {
            "mobile": "3029281316",
            "name": "MUBASHIR .",
            "cnic": "3510330733221",
            "address": "PATTOKI RAZA ABAD PURANI MANDI JAPAN WALA KARKHANA PATTOKI KASUR Kasur"
        },
        {
            "mobile": "3494614830",
            "name": "MUBASHIR MUBASHIR",
            "cnic": "3510330733221",
            "address": "JAPAN WALA KARKHANA MOHALA RAZA ABAD PURANI MANDI"
        },
        {
            "mobile": "3075127978",
            "name": "MUBASHIR .",
            "cnic": "3510330733221",
            "address": "PATTOKI RAZA ABAD PURANI MANDI JAPAN WALA KARKHANA PATTOKI KASUR Kasur"
        }
    ],
    "timestamp": "2024-03-18 12:44:50"
}{
    "status": 100,
    "message": "No record Found",
    "timestamp": "2024-03-18 12:46:13"
}{
    "status": 100,
    "data": [
        {
            "mobile": "3059580916",
            "name": "NAZISH WAHEED .",
            "cnic": "4410294136366",
            "address": null
        },
        {
            "mobile": "3313385219",
            "name": "nazsh waheed",
            "cnic": "4410294136366",
            "address": "mian twon"
        },
        {
            "mobile": "3322903550",
            "name": "nazsh waheed",
            "cnic": "4410294136366",
            "address": "momin ward 02"
        },
        {
            "mobile": "3403627469",
            "name": "NAZISH WAHEED",
            "cnic": "4410294136366",
            "address": "MOHALA MIAN TOWN TANDO ADAM DISTRICT SANGHAR"
        },
        {
            "mobile": "3053064370",
            "name": "NAZISH WAHEED .",
            "cnic": "4410294136366",
            "address": "2 TANDO ADAM MIAN TOWN TANDO ADAM SANGH HAR SANGHAR"
        },
        {
            "mobile": "3059578868",
            "name": "NAZISH WAHEED .",
            "cnic": "4410294136366",
            "address": "2 TANDO ADAM MIAN TOWN TANDO ADAM SANGH HAR SANGHAR"
        },
        {
            "mobile": "3083322896",
            "name": "NAZISH WAHEED .",
            "cnic": "4410294136366",
            "address": "2 TANDO ADAM MIAN TOWN TANDO ADAM SANGH HAR SANGHAR"
        }
    ],
    "timestamp": "2024-03-18 12:47:56"
}{
    "status": 100,
    "data": [
        {
            "mobile": "3038602385",
            "name": "MALIK ABD AL RASHEED .",
            "cnic": "1210125290469",
            "address": "FATEH DERA ISMAIL KHAN FATEH DERA ISMAIL  KHAN DI Khan"
        },
        {
            "mobile": "3038602385",
            "name": "MUHAMMAD ASHIQ .",
            "cnic": "3130281941091",
            "address": null
        }
    ],
    "timestamp": "2024-03-18 12:48:18"
}{
    "status": 100,
    "data": [
        {
            "mobile": "3095826456",
            "name": "IRSHAD B B .",
            "cnic": "3610208448740",
            "address": null
        }
    ],
    "timestamp": "2024-03-18 12:55:16"
}{
    "status": 100,
    "data": [
        {
            "mobile": "3218351483",
            "name": "FAHEEM ABBAS ABBAS",
            "cnic": "3320403893181",
            "address": null
        }
    ],
    "timestamp": "2024-03-18 12:57:56"
}{
    "status": 100,
    "data": [
        {
            "mobile": "3093532617",
            "name": "GUDI MAI .",
            "cnic": "3130468948772",
            "address": null
        },
        {
            "mobile": "3093532617",
            "name": "FAROOQ AHMAD",
            "cnic": "4510589254515",
            "address": null
        }
    ],
    "timestamp": "2024-03-18 13:00:59"
}{
    "status": 100,
    "data": [
        {
            "mobile": "3356121400",
            "name": "SYEDA AMENAH ASAD",
            "cnic": "3540116896200",
            "address": "DAAK KHANA KHAS KOTLI AMEER AL"
        },
        {
            "mobile": "3314814759",
            "name": "SYEDA AMENAH ASAD",
            "cnic": "3540116896200",
            "address": "DAAK KHANA KHAS KOTLI AMEER AL"
        },
        {
            "mobile": "3306121401",
            "name": "SYEDA AMENAH ASAD",
            "cnic": "3540116896200",
            "address": "DAAK KHANA KHAS KOTLI AMEER AL"
        },
        {
            "mobile": "3314812711",
            "name": "SYEDA AMENAH ASAD",
            "cnic": "3540116896200",
            "address": "DAAK KHANA KHAS KOTLI AMEER AL"
        }
    ],
    "timestamp": "2024-03-18 13:08:51"
}{
    "status": 100,
    "data": [
        {
            "mobile": "3356121400",
            "name": "SYEDA AMENAH ASAD",
            "cnic": "3540116896200",
            "address": "DAAK KHANA KHAS KOTLI AMEER AL"
        },
        {
            "mobile": "3314814759",
            "name": "SYEDA AMENAH ASAD",
            "cnic": "3540116896200",
            "address": "DAAK KHANA KHAS KOTLI AMEER AL"
        },
        {
            "mobile": "3306121401",
            "name": "SYEDA AMENAH ASAD",
            "cnic": "3540116896200",
            "address": "DAAK KHANA KHAS KOTLI AMEER AL"
        },
        {
            "mobile": "3314812711",
            "name": "SYEDA AMENAH ASAD",
            "cnic": "3540116896200",
            "address": "DAAK KHANA KHAS KOTLI AMEER AL"
        }
    ],
    "timestamp": "2024-03-18 13:10:41"
}{
    "status": 100,
    "data": [
        {
            "mobile": "3167916241",
            "name": "Fayaz Ahmad Dar",
            "cnic": "6110198143819",
            "address": null
        }
    ],
    "timestamp": "2024-03-18 13:15:59"
}{
    "status": 100,
    "data": [
        {
            "mobile": "3315552063",
            "name": "FAYAZ AHMAD DAR",
            "cnic": "6110198143819",
            "address": "LOHAR PLATE MUZAFFARABAD"
        },
        {
            "mobile": "3005110749",
            "name": "FAYAZ AHMAD DAR .",
            "cnic": "6110198143819",
            "address": "LOHAR PLATE MUZAFFARABAD  MUZAFFARABAD G.P.O."
        },
        {
            "mobile": "3167916241",
            "name": "Fayaz Ahmad Dar",
            "cnic": "6110198143819",
            "address": null
        },
        {
            "mobile": "3345712506",
            "name": "FAYAZ AHMAD DAR",
            "cnic": "6110198143819",
            "address": "HOUSE NUMBER 2 STREET NUMBER 7"
        },
        {
            "mobile": "3320674235",
            "name": "FAYAZ AHMAD DAR",
            "cnic": "6110198143819",
            "address": "2 7 I-8\/1 ISLAM ABAD ISLAM ABA"
        },
        {
            "mobile": "3165317901",
            "name": "Fayaz Ahmad Dar",
            "cnic": "6110198143819",
            "address": null
        },
        {
            "mobile": "3218502063",
            "name": "FAYAZ AHMED DAR",
            "cnic": "6110198143819",
            "address": "LOHAR PLATE MUZAFFARABAD"
        }
    ],
    "timestamp": "2024-03-18 13:16:13"
}{
    "status": 100,
    "data": [
        {
            "mobile": "3214282355",
            "name": "MUHAMMAD IKHLAQ BHATTI",
            "cnic": "3520271155807",
            "address": "HOUSE NUMBER 872 STREET \/ MOHALA NIZAM BLOCK DAAK KHANA MOON MARKET IQBAL TOWN LAHORE TEHSIL LAHORE CITY DISTRICT LAHORE"
        }
    ],
    "timestamp": "2024-03-18 13:31:42"
}{
    "status": 100,
    "data": [
        {
            "mobile": "3464367768",
            "name": "LIAQUAT ALI",
            "cnic": "3320378107741",
            "address": "KAKKI NO SHORKOT BASTI DORAN PUR MOZU KHUDA YAAR K"
        }
    ],
    "timestamp": "2024-03-18 13:36:38"
}{
    "status": 100,
    "data": [
        {
            "mobile": "3445395955",
            "name": "FAISAL KHURSHID KHATTAK",
            "cnic": "6110176275063",
            "address": "MOHALA SADAR KHAIL SHAKAR DARAH DAK KHAN KHAS KOHA"
        }
    ],
    "timestamp": "2024-03-18 13:37:06"
}{
    "status": 100,
    "message": "No record Found",
    "timestamp": "2024-03-18 13:38:27"
}{
    "status": 100,
    "data": [
        {
            "mobile": "3319714796",
            "name": "RIAZ HUSSAIN",
            "cnic": "3240413936407",
            "address": "UMER KWTRWJHANQADRHRAJN PUR"
        }
    ],
    "timestamp": "2024-03-18 13:44:06"
}{
    "status": 100,
    "data": [
        {
            "mobile": "3036800191",
            "name": "ANWAR BIBI .",
            "cnic": "3120334840244",
            "address": null
        },
        {
            "mobile": "3036800191",
            "name": "KHADIJA B B .",
            "cnic": "3410124237912",
            "address": "FLAT NUMBER 2 STREET NUMBER 2 FATHU MAN ND MOHALA BHEKO PUR GUJRANWALA GUJRANWALA G.P.O."
        }
    ],
    "timestamp": "2024-03-18 13:51:31"
}{
    "status": 100,
    "message": "No record Found",
    "timestamp": "2024-03-18 13:58:16"
}{
    "status": 100,
    "message": "No record Found",
    "timestamp": "2024-03-18 14:00:24"
}{
    "status": 100,
    "data": [
        {
            "mobile": "3458932522",
            "name": "SAEED ALREHMAN BAZI",
            "cnic": "5440179177563",
            "address": "QUETTA QUETTA KILLI BARWZYAGHB"
        }
    ],
    "timestamp": "2024-03-18 14:06:35"
}{
    "status": 100,
    "data": [
        {
            "mobile": "3316318005",
            "name": "fareeda shahazad",
            "cnic": "3420215337078",
            "address": "City PIR KHANA Tehsil SARAI AL"
        }
    ],
    "timestamp": "2024-03-18 14:14:56"
}{
    "status": 100,
    "data": [
        {
            "mobile": "3316318005",
            "name": "fareeda shahazad",
            "cnic": "3420215337078",
            "address": "City PIR KHANA Tehsil SARAI AL"
        }
    ],
    "timestamp": "2024-03-18 14:15:06"
}{
    "status": 100,
    "data": [
        {
            "mobile": "3316318005",
            "name": "fareeda shahazad",
            "cnic": "3420215337078",
            "address": "City PIR KHANA Tehsil SARAI AL"
        }
    ],
    "timestamp": "2024-03-18 14:15:17"
}{
    "status": 100,
    "data": [
        {
            "mobile": "3307546564",
            "name": "fozia bibi",
            "cnic": "3240325403404",
            "address": "City RAKH LUNDA IBRAHIM Tehsil"
        }
    ],
    "timestamp": "2024-03-18 14:15:35"
}{
    "status": 100,
    "message": "No record Found",
    "timestamp": "2024-03-18 14:17:46"
}{
    "timestamp": "2024-03-18 14:17:54"
}{
    "status": 100,
    "data": [
        {
            "mobile": "3343234400",
            "name": "rafaqat irshad",
            "cnic": "3540104821624",
            "address": ", sagian khurd jaranwala road"
        },
        {
            "mobile": "3343234400",
            "name": "SYEDA SAIRA BANO NAQVI",
            "cnic": "4230109581812",
            "address": "NAZIMABAD-NO 2 URDU BAZAR SERV"
        }
    ],
    "timestamp": "2024-03-18 14:17:56"
}{
    "status": 100,
    "message": "No record Found",
    "timestamp": "2024-03-18 14:17:59"
}{
    "status": 100,
    "message": "No record Found",
    "timestamp": "2024-03-18 14:19:46"
}{
    "status": 100,
    "data": [
        {
            "mobile": "3249457911",
            "name": "SHAKEELA BAIGUM .",
            "cnic": "3520165043898",
            "address": null
        }
    ],
    "timestamp": "2024-03-18 14:20:10"
}{
    "status": 100,
    "message": "No record Found",
    "timestamp": "2024-03-18 14:26:54"
}{
    "status": 100,
    "data": [
        {
            "mobile": "3457677372",
            "name": "KHALIDA NAZEER",
            "cnic": "3310511851786",
            "address": "DAAK KHANA IFFAT ABAD CHAK 372 G B KARTAR PUR TEHS"
        },
        {
            "mobile": "3457677372",
            "name": null,
            "cnic": "6110162756903",
            "address": null
        }
    ],
    "timestamp": "2024-03-18 14:29:55"
}{
    "status": 100,
    "message": "No record Found",
    "timestamp": "2024-03-18 14:45:29"
}{
    "status": 100,
    "data": [
        {
            "mobile": "3004764247",
            "name": "KARAMAT ALI",
            "cnic": "3540219440765",
            "address": "KARAMAT ALI S\/O M GHOUS GEN MANAGER LAL SHAHBAZ  TRAVEL SERVICES NR ADMOR PUMP NANKANA SAHB"
        }
    ],
    "timestamp": "2024-03-18 14:47:48"
}{
    "status": 100,
    "data": [
        {
            "mobile": "3064065263",
            "name": "MUKHTARAN BIBI .",
            "cnic": "3510323890202",
            "address": null
        },
        {
            "mobile": "3064065263",
            "name": "MUHAMMAD IRFAN .",
            "cnic": "3520203505903",
            "address": "HOUSE NUMBER 13 STREET NUMBER 9 MOHALA ARSHAD SHAHDRAH TOWN LAHORE LAHORE G.P.O"
        },
        {
            "mobile": "3064065263",
            "name": "MUHAMMAD ZUBAIR .",
            "cnic": "3520209911223",
            "address": "KHAS NAROWAL WALEKAY  NAROWAL G.P.O."
        }
    ],
    "timestamp": "2024-03-18 14:49:32"
}{
    "status": 100,
    "message": "No record Found",
    "timestamp": "2024-03-18 14:56:23"
}{
    "status": 100,
    "data": [
        {
            "mobile": "3019568548",
            "name": "NAZAKAT KHAN .",
            "cnic": "3810109933311",
            "address": null
        },
        {
            "mobile": "3464131749",
            "name": "NAZAKAT KHAN",
            "cnic": "3810109933311",
            "address": "DAAK KHANA BEHAL KATHAN WALA TEHSIL BHAKKAR ZILAH BHAKKAR"
        },
        {
            "mobile": "3226330305",
            "name": "NAZAKAT KHAN .",
            "cnic": "3810109933311",
            "address": null
        }
    ],
    "timestamp": "2024-03-18 15:05:32"
}{
    "status": 100,
    "message": "No record Found",
    "timestamp": "2024-03-18 15:20:22"
}{
    "status": 100,
    "message": "No record Found",
    "timestamp": "2024-03-18 15:31:21"
}{
    "status": 100,
    "data": [
        {
            "mobile": "3437994247",
            "name": null,
            "cnic": "3840541493196",
            "address": null
        },
        {
            "mobile": "3403769864",
            "name": null,
            "cnic": "3840541493196",
            "address": null
        },
        {
            "mobile": "3472085595",
            "name": "SOBIYA BASHARAT",
            "cnic": "3840541493196",
            "address": "DAAK KHANA KHAS CHAK NUMBER 133 S B TEHSIL SILANWA"
        },
        {
            "mobile": "3484258933",
            "name": null,
            "cnic": "3840541493196",
            "address": null
        },
        {
            "mobile": "3099910085",
            "name": "SOBIYA BASHARAT4149319",
            "cnic": "3840541493196",
            "address": "DAAK KHANA KHAS CHAK NUMBER 133 S BI TE SILLANWALI SARGODHA Sargodha"
        }
    ],
    "timestamp": "2024-03-18 15:32:12"
}{
    "status": 100,
    "data": [
        {
            "mobile": "3335836029",
            "name": "UZMA RIAZ",
            "cnic": "3740642938296",
            "address": "LIAQUAT ROAD LALA ZAAR COLONY"
        }
    ],
    "timestamp": "2024-03-18 15:34:05"
}{
    "status": 100,
    "data": [
        {
            "mobile": "3427771571",
            "name": "QARAT UL AIN",
            "cnic": "3740631146352",
            "address": "HOUSE NUMBER E-2\/5 MOHALA H M C COLONY TAXILA DIST"
        },
        {
            "mobile": "3479673701",
            "name": "QARAT UL AIN",
            "cnic": "3740631146352",
            "address": "HOUSE NUMBER E-2\/5 MOHALA H M C COLONY TAXILA DIST"
        },
        {
            "mobile": "3215948717",
            "name": "QURAT AL AIN",
            "cnic": "3740631146352",
            "address": "E-2\/5 TAXILA H M C COLONY TAXILA RAWALPINDI"
        },
        {
            "mobile": "3318246261",
            "name": "Qurat Ul Ain",
            "cnic": "3740631146352",
            "address": "House No E-2\/5 Hmc Colony"
        },
        {
            "mobile": "3135474134",
            "name": "Qurat Ul Ain",
            "cnic": "3740631146352",
            "address": null
        }
    ],
    "timestamp": "2024-03-18 15:34:32"
}{
    "status": 100,
    "data": [
        {
            "mobile": "3043225267",
            "name": "MI .",
            "cnic": "4440442341188",
            "address": "GOTH RW DAAK KHANA KENRI DADHA RO TEHSI IL KENRI DISTRICT UMARKOT UMAR KOT G.P.O."
        }
    ],
    "timestamp": "2024-03-18 15:41:26"
}{
    "status": 100,
    "data": [
        {
            "mobile": "3330430239",
            "name": "GRASS ROOT ORGANIZATION FOR HU",
            "cnic": "3520168644280",
            "address": null
        }
    ],
    "timestamp": "2024-03-18 15:47:30"
}{
    "status": 100,
    "data": [
        {
            "mobile": "3000394156",
            "name": "IRSHAD BI BI .",
            "cnic": "3110276802730",
            "address": null
        }
    ],
    "timestamp": "2024-03-18 16:08:00"
}{
    "status": 100,
    "data": [
        {
            "mobile": "3476043959",
            "name": null,
            "cnic": "3440252433642",
            "address": null
        }
    ],
    "timestamp": "2024-03-18 16:13:24"
}{
    "status": 100,
    "data": [
        {
            "mobile": "3476043959",
            "name": null,
            "cnic": "3440252433642",
            "address": null
        }
    ],
    "timestamp": "2024-03-18 16:13:55"
}{
    "status": 100,
    "data": [
        {
            "mobile": "3476043959",
            "name": null,
            "cnic": "3440252433642",
            "address": null
        }
    ],
    "timestamp": "2024-03-18 16:14:17"
}{
    "status": 100,
    "message": "No record Found",
    "timestamp": "2024-03-18 16:16:59"
}{
    "status": 100,
    "message": "No record Found",
    "timestamp": "2024-03-18 16:24:09"
}{
    "status": 100,
    "message": "No record Found",
    "timestamp": "2024-03-18 16:24:28"
}{
    "status": 100,
    "message": "No record Found",
    "timestamp": "2024-03-18 16:24:49"
}{
    "status": 100,
    "message": "No record Found",
    "timestamp": "2024-03-18 16:24:53"
}{
    "status": 100,
    "data": [
        {
            "mobile": "3116669964",
            "name": "Not Available",
            "cnic": "3310254993211",
            "address": "Post-PAID"
        },
        {
            "mobile": "3366669964",
            "name": "ARSHAD JAVED",
            "cnic": "3310254993211",
            "address": ""
        },
        {
            "mobile": "3036615093",
            "name": "ARSHAD JAVED",
            "cnic": "3310254993211",
            "address": "GHULAM MUHAMMAD ABAD FAISAL AB AD CITY CHAK 219 R B CHHANYANW Faisalabad"
        },
        {
            "mobile": "3216669964",
            "name": "ARSHAD JAVED",
            "cnic": "3310254993211",
            "address": null
        },
        {
            "mobile": "3366667916",
            "name": "ARSHAD JAVED",
            "cnic": "3310254993211",
            "address": null
        },
        {
            "mobile": "3116667916",
            "name": "DATA NOT RECIEVED FROM NADRA",
            "cnic": "3310254993211",
            "address": null
        },
        {
            "mobile": "3216667916",
            "name": "ARSHAD JAWAID S\/O M HUSSAIN",
            "cnic": "3310254993211",
            "address": "GHULAM MUHAMMAD ABAD FAISAL ABAD CITY CHAK 219 R B CHANI ANWALI SAHIANWALA FAISAL ABAD"
        }
    ],
    "timestamp": "2024-03-18 16:25:09"
}{
    "status": 100,
    "message": "No record Found",
    "timestamp": "2024-03-18 16:25:28"
}{
    "status": 100,
    "data": [
        {
            "mobile": "3449030093",
            "name": "IMRAN KHAN",
            "cnic": "1120150974377",
            "address": "LONDEWAH TEHSIL LUCKY MARWAT DISTRICT LUCKY MARWAT"
        }
    ],
    "timestamp": "2024-03-18 16:25:59"
}{
    "status": 100,
    "data": [
        {
            "mobile": "3366669964",
            "name": "ARSHAD JAVED",
            "cnic": "3310254993211",
            "address": ""
        }
    ],
    "timestamp": "2024-03-18 16:26:50"
}{
    "status": 100,
    "message": "No record Found",
    "timestamp": "2024-03-18 16:29:43"
}{
    "status": 100,
    "message": "No record Found",
    "timestamp": "2024-03-18 16:35:34"
}{
    "status": 100,
    "data": [
        {
            "mobile": "3453847568",
            "name": "INAYAT ALLAH",
            "cnic": "4320387452669",
            "address": "FATEH PUR LARKANA GOTH MIAN LAAL LARKANA"
        }
    ],
    "timestamp": "2024-03-18 16:38:53"
}{
    "status": 100,
    "data": [
        {
            "mobile": "3313473926",
            "name": "INAYAT ALLAH .",
            "cnic": "4320387452669",
            "address": "Lahore5588907  Lahore"
        },
        {
            "mobile": "3453472818",
            "name": "INAYAT ALLAH .",
            "cnic": "4320387452669",
            "address": "Lahore5588907  Lahore"
        },
        {
            "mobile": "3456539747",
            "name": "INAYAT ALLAH",
            "cnic": "4320387452669",
            "address": "FATEH PUR LARKANA GOTH MIAN LAAL LARKANA"
        },
        {
            "mobile": "3453847568",
            "name": "INAYAT ALLAH",
            "cnic": "4320387452669",
            "address": "FATEH PUR LARKANA GOTH MIAN LAAL LARKANA"
        },
        {
            "mobile": "3413595551",
            "name": "INAYAT ALLAH .",
            "cnic": "4320387452669",
            "address": "Lahore5588907  Lahore"
        }
    ],
    "timestamp": "2024-03-18 16:39:11"
}{
    "status": 100,
    "message": "No record Found",
    "timestamp": "2024-03-18 16:39:52"
}{
    "status": 100,
    "data": [
        {
            "mobile": "3453472818",
            "name": "INAYAT ALLAH .",
            "cnic": "4320387452669",
            "address": "Lahore5588907  Lahore"
        }
    ],
    "timestamp": "2024-03-18 16:40:05"
}{
    "status": 100,
    "data": [
        {
            "mobile": "3082670795",
            "name": "RIAZ HUSSAIN",
            "cnic": "3120190887015",
            "address": null
        },
        {
            "mobile": "3301391104",
            "name": "Riaz Hussain",
            "cnic": "3120190887015",
            "address": "Alhussaini Chook"
        },
        {
            "mobile": "3363212388",
            "name": "Riaz Hussain",
            "cnic": "3120190887015",
            "address": "Alhussaini Chook"
        },
        {
            "mobile": "3012746216",
            "name": "RIAZ HUSSAIN",
            "cnic": "3120190887015",
            "address": "ALHUSSAINE CHOWK AUCH BUKHARI BAHAWALPUR AUSHARIF AHMEDPUR EAST ALHUSSAINE C Bahawal Pur"
        }
    ],
    "timestamp": "2024-03-18 16:42:53"
}{
    "status": 100,
    "data": [
        {
            "mobile": "3339731043",
            "name": "NEHMAT ALLAH KHAN",
            "cnic": "1110114535083",
            "address": "DAAK KHANA NEEZAM BAZAAR KACHO"
        },
        {
            "mobile": "3369062989",
            "name": "NEHMAT ALLAH KHAN",
            "cnic": "1110114535083",
            "address": ""
        },
        {
            "mobile": "3339724392",
            "name": "NEHMAT ALLAH KHAN",
            "cnic": "1110114535083",
            "address": "DAAK KHANA NEEZAM BAZAAR KACHO"
        },
        {
            "mobile": "3358394248",
            "name": "NEHMAT ALLAH KHAN",
            "cnic": "1110114535083",
            "address": "NEEZAM BAZAAR BANNU KACHOZ EY"
        },
        {
            "mobile": "3358392200",
            "name": "NEHMAT ALLAH KHAN",
            "cnic": "1110114535083",
            "address": "NEEZAM BAZAAR BANNU KACHOZ EY"
        },
        {
            "mobile": "3339722344",
            "name": "NEHMAT ALLAH KHAN",
            "cnic": "1110114535083",
            "address": "DAAK KHANA NEEZAM BAZAAR KACHO"
        }
    ],
    "timestamp": "2024-03-18 16:43:22"
}{
    "status": 100,
    "message": "No record Found",
    "timestamp": "2024-03-18 16:44:42"
}{
    "status": 100,
    "data": [
        {
            "mobile": "3010764827",
            "name": "MUHAMMAD ABBAS .",
            "cnic": "3410152616901",
            "address": null
        },
        {
            "mobile": "3038530857",
            "name": "MUHAMMAD ABBAS .",
            "cnic": "3410152616901",
            "address": null
        },
        {
            "mobile": "3217931649",
            "name": "MUHAMMAD ABBAS .",
            "cnic": "3410152616901",
            "address": null
        },
        {
            "mobile": "3433564778",
            "name": null,
            "cnic": "3410152616901",
            "address": null
        },
        {
            "mobile": "3420865102",
            "name": null,
            "cnic": "3410152616901",
            "address": null
        }
    ],
    "timestamp": "2024-03-18 17:01:50"
}{
    "status": 100,
    "data": [
        {
            "mobile": "3010764827",
            "name": "MUHAMMAD ABBAS .",
            "cnic": "3410152616901",
            "address": null
        }
    ],
    "timestamp": "2024-03-18 17:02:18"
}{
    "status": 100,
    "data": [
        {
            "mobile": "3470157276",
            "name": null,
            "cnic": "7110313965695",
            "address": null
        }
    ],
    "timestamp": "2024-03-18 17:14:21"
}{
    "status": 100,
    "data": [
        {
            "mobile": "3008135394",
            "name": "MUHAMMAD SHAHID .",
            "cnic": "3230371982789",
            "address": "KHAS KOT ADDU CHAH ALI HUSSAIN WALA PATT I GHULAM ALI GHARBI MUZAFFAR GARHKHAS KO Muzaffar Garh"
        }
    ],
    "timestamp": "2024-03-18 17:15:09"
}{
    "status": 100,
    "data": [
        {
            "mobile": "3356894798",
            "name": "IRFAN ALI",
            "cnic": "3710529706915",
            "address": null
        }
    ],
    "timestamp": "2024-03-18 17:30:17"
}{
    "status": 100,
    "message": "No record Found",
    "timestamp": "2024-03-18 17:30:49"
}{
    "status": 100,
    "message": "No record Found",
    "timestamp": "2024-03-18 17:31:46"
}{
    "status": 100,
    "message": "No record Found",
    "timestamp": "2024-03-18 17:47:55"
}{
    "status": 100,
    "data": [
        {
            "mobile": "3078821978",
            "name": "ROBINA B B .",
            "cnic": "3120248413196",
            "address": null
        },
        {
            "mobile": "3078821978",
            "name": "ANWAR ALI .",
            "cnic": "3520203191461",
            "address": "LAHORE ETIHAD PURA MULTAN ROAD CHOHANG L AHORELAHORE ETIHAD PURA MULTAN ROAD CHOH Lahore"
        }
    ],
    "timestamp": "2024-03-18 17:49:00"
}{
    "status": 100,
    "message": "No record Found",
    "timestamp": "2024-03-18 18:19:56"
}{
    "status": 100,
    "message": "No record Found",
    "timestamp": "2024-03-18 18:30:21"
}{
    "status": 100,
    "data": [
        {
            "mobile": "3403118470",
            "name": "IKHLAS AKRAM",
            "cnic": "3740120993799",
            "address": "KHAS GOJAR KHAN MANGOT RAWALPINDI"
        },
        {
            "mobile": "3495397166",
            "name": "IKHLAS AKRAM",
            "cnic": "3740120993799",
            "address": "KHAS GOJAR KHAN MANGOT RAWALPINDI"
        },
        {
            "mobile": "3475867278",
            "name": "IKHLAS AKRAM",
            "cnic": "3740120993799",
            "address": "KHAS GOJAR KHAN MANGOT RAWALPINDI"
        },
        {
            "mobile": "3427819120",
            "name": null,
            "cnic": "3740120993799",
            "address": null
        }
    ],
    "timestamp": "2024-03-18 18:30:27"
}{
    "status": 100,
    "message": "No record Found",
    "timestamp": "2024-03-18 18:31:52"
}{
    "status": 100,
    "message": "No record Found",
    "timestamp": "2024-03-18 18:40:03"
}{
    "status": 100,
    "data": [
        {
            "mobile": "3444887938",
            "name": null,
            "cnic": "3730185064485",
            "address": null
        },
        {
            "mobile": "3111596482",
            "name": "waheed  masih",
            "cnic": "3730185064485",
            "address": null
        },
        {
            "mobile": "3095023434",
            "name": "WAHEED MASEEH .",
            "cnic": "3730185064485",
            "address": "JHELUM DOMELI CHURCH STREET DINA JHELUM  JHELUM G.P.O."
        }
    ],
    "timestamp": "2024-03-18 20:21:03"
}{
    "status": 100,
    "data": [
        {
            "mobile": "3498854374",
            "name": "PARVEEN BI BI",
            "cnic": "3620354864784",
            "address": "DAAK KHANA SAL SADAR MATARH YEN TEHSIL LODHRAN DIS"
        }
    ],
    "timestamp": "2024-03-18 23:17:21"
}{
    "status": 100,
    "message": "No record Found",
    "timestamp": "2024-03-18 23:18:53"
}{
    "status": 100,
    "message": "No record Found",
    "timestamp": "2024-03-18 23:19:11"
}{
    "status": 100,
    "data": [
        {
            "mobile": "3247480350",
            "name": "NAZEERAN BIBI .",
            "cnic": "3120497837660",
            "address": null
        }
    ],
    "timestamp": "2024-03-18 23:19:49"
}{
    "status": 100,
    "message": "No record Found",
    "timestamp": "2024-03-18 23:21:28"
}{
    "status": 100,
    "data": [
        {
            "mobile": "3067334356",
            "name": "AHMED BUX",
            "cnic": "3220225045113",
            "address": null
        },
        {
            "mobile": "3067334356",
            "name": "ZAFAR IQBAL .",
            "cnic": "3320404597165",
            "address": "MADRAJBANA AHMAD PUR SIAL TANGO JHANG  JHANG G.P.O."
        }
    ],
    "timestamp": "2024-03-18 23:22:31"
}