{
    "status": 100,
    "message": "No record Found",
    "timestamp": "2024-03-19 00:04:40"
}{
    "status": 100,
    "message": "No record Found",
    "timestamp": "2024-03-19 00:05:34"
}{
    "status": 100,
    "message": "No record Found",
    "timestamp": "2024-03-19 00:07:40"
}{
    "status": 100,
    "message": "No record Found",
    "timestamp": "2024-03-19 00:08:10"
}{
    "status": 100,
    "message": "No record Found",
    "timestamp": "2024-03-19 01:47:35"
}{
    "status": 100,
    "data": [
        {
            "mobile": "3200793729",
            "name": "AKRAM HUSSAIN",
            "cnic": "3630216208317",
            "address": null
        },
        {
            "mobile": "3129933112",
            "name": "akram  hussain",
            "cnic": "3630216208317",
            "address": null
        },
        {
            "mobile": "3078322048",
            "name": "AKRAM HUSSAIN",
            "cnic": "3630216208317",
            "address": "2740 MULTAN ABBAS PURA CHOWK S HAH ABBAS VEHARI ROAD MULTAN M Lahore"
        },
        {
            "mobile": "3057384290",
            "name": "AKRAM HUSSAIN",
            "cnic": "3630216208317",
            "address": "2740 MULTAN ABBAS PURA CHOWK S HAH ABBAS VEHARI ROAD MULTAN M Lahore"
        },
        {
            "mobile": "3049557528",
            "name": "AKRAM HUSSAIN",
            "cnic": "3630216208317",
            "address": "2740 MULTAN ABBAS PURA CHOWK S HAH ABBAS VEHARI ROAD MULTAN M Lahore"
        },
        {
            "mobile": "3049559576",
            "name": "AKRAM HUSSAIN",
            "cnic": "3630216208317",
            "address": "2740 MULTAN ABBAS PURA CHOWK S HAH ABBAS VEHARI ROAD MULTAN M Lahore"
        }
    ],
    "timestamp": "2024-03-19 01:52:15"
}{
    "status": 100,
    "data": [
        {
            "mobile": "3497699313",
            "name": "GHULAM SARWER",
            "cnic": "3320211787093",
            "address": "DAAK KHANA KHAS MARHI SHAH SAKHERA TEHSIL 18 HAZAR"
        }
    ],
    "timestamp": "2024-03-19 03:30:34"
}{
    "status": 100,
    "data": [
        {
            "mobile": "3167487089",
            "name": "ghulam  sarwar",
            "cnic": "3320211787093",
            "address": null
        },
        {
            "mobile": "3497699313",
            "name": "GHULAM SARWER",
            "cnic": "3320211787093",
            "address": "DAAK KHANA KHAS MARHI SHAH SAKHERA TEHSIL 18 HAZAR"
        },
        {
            "mobile": "3499413771",
            "name": "GHULAM SARWER",
            "cnic": "3320211787093",
            "address": "DAAK KHANA KHAS MARHI SHAH SAKHERA TEHSIL 18 HAZAR"
        },
        {
            "mobile": "3167485041",
            "name": "ghulam  sarwar",
            "cnic": "3320211787093",
            "address": null
        }
    ],
    "timestamp": "2024-03-19 03:30:43"
}{
    "status": 100,
    "message": "No record Found",
    "timestamp": "2024-03-19 04:07:11"
}{
    "status": 100,
    "message": "No record Found",
    "timestamp": "2024-03-19 04:24:53"
}{
    "status": 100,
    "data": [
        {
            "mobile": "3037038882",
            "name": "MUHAMMAD WAQAS .",
            "cnic": "3410106730449",
            "address": "5 GUJRANWALA GOBAND GARH COLLEGE ROADCCL JRANWALA5 GUJRANWALA GOBAND GARH COLLEGE Gujranwala"
        },
        {
            "mobile": "3037038882",
            "name": "USMAN YOUSAF",
            "cnic": "3410182616599",
            "address": null
        }
    ],
    "timestamp": "2024-03-19 04:28:36"
}{
    "status": 100,
    "message": "No record Found",
    "timestamp": "2024-03-19 04:36:48"
}{
    "status": 100,
    "message": "No record Found",
    "timestamp": "2024-03-19 04:36:59"
}{
    "status": 100,
    "data": [
        {
            "mobile": "3319714796",
            "name": "RIAZ HUSSAIN",
            "cnic": "3240413936407",
            "address": "UMER KWTRWJHANQADRHRAJN PUR"
        }
    ],
    "timestamp": "2024-03-19 04:38:58"
}{
    "status": 100,
    "data": [
        {
            "mobile": "3213030045",
            "name": "Yasir  Mushtaq",
            "cnic": "3540157642401",
            "address": "Post-PAID"
        }
    ],
    "timestamp": "2024-03-19 04:47:02"
}{
    "status": 100,
    "data": [
        {
            "mobile": "3213030045",
            "name": "Yasir  Mushtaq",
            "cnic": "3540157642401",
            "address": "Post-PAID"
        },
        {
            "mobile": "3214041204",
            "name": "YASIR MUSHTAQ .",
            "cnic": "3540157642401",
            "address": "FEROZ WALA FEERWZALH FEROZ  Sheikhupura"
        },
        {
            "mobile": "3224696985",
            "name": "YASIR MUSHTAQ .",
            "cnic": "3540157642401",
            "address": null
        },
        {
            "mobile": "3230489677",
            "name": "YASIR MUSHTAQ .",
            "cnic": "3540157642401",
            "address": null
        }
    ],
    "timestamp": "2024-03-19 04:47:21"
}{
    "status": 100,
    "data": [
        {
            "mobile": "3366666258",
            "name": "AURANG ZAIB",
            "cnic": "3310681329431",
            "address": null
        }
    ],
    "timestamp": "2024-03-19 05:15:01"
}{
    "status": 100,
    "data": [
        {
            "mobile": "3032656334",
            "name": "ANEZAH B B .",
            "cnic": "3310024501628",
            "address": "HOUSE NUMBER 63 STREET NUMBER 12 MOHALA MADINA TOWN BLOCK X FAISAL ABAD TEHSIL FAISAL ABAD CITY DISTR"
        },
        {
            "mobile": "3057126081",
            "name": "ANEZAH B B .",
            "cnic": "3310024501628",
            "address": "HOUSE NUMBER 63 STREET NUMBER 12 MOHALA MADINA TOWN BLOCK X FAISAL ABAD TEHSIL FAISAL ABAD CITY DISTR"
        },
        {
            "mobile": "3096782552",
            "name": "ANEZAH B B .",
            "cnic": "3310024501628",
            "address": null
        },
        {
            "mobile": "3096780504",
            "name": "ANEZAH B B .",
            "cnic": "3310024501628",
            "address": "HOUSE NUMBER 63 STREET NUMBER 12 MOHALA MADINA TOWN BLOCK X FAISAL ABAD TEHSIL FAISAL ABAD CITY DISTR"
        }
    ],
    "timestamp": "2024-03-19 05:31:41"
}{
    "status": 100,
    "data": [
        {
            "mobile": "3056446782",
            "name": "MUHAMMAD AHMAD .",
            "cnic": "3520258937597",
            "address": "RAIWAND LAHORE SULTAN KAY  LAHORE G.P.O"
        },
        {
            "mobile": "3074054598",
            "name": "MUHAMMAD AHMAD .",
            "cnic": "3520258937597",
            "address": "RAIWAND LAHORE SULTAN KAY  LAHORE G.P.O"
        },
        {
            "mobile": "3074592498",
            "name": "MUHAMMAD AHMAD .",
            "cnic": "3520258937597",
            "address": "RAIWAND LAHORE SULTAN KAY  LAHORE G.P.O"
        },
        {
            "mobile": "3056444734",
            "name": "MUHAMMAD AHMAD .",
            "cnic": "3520258937597",
            "address": "RAIWAND LAHORE SULTAN KAY  LAHORE G.P.O"
        },
        {
            "mobile": "3074590450",
            "name": "MUHAMMAD AHMAD .",
            "cnic": "3520258937597",
            "address": "RAIWAND LAHORE SULTAN KAY  LAHORE G.P.O"
        }
    ],
    "timestamp": "2024-03-19 05:33:22"
}{
    "status": 100,
    "message": "No record Found",
    "timestamp": "2024-03-19 05:34:01"
}{
    "status": 100,
    "data": [
        {
            "mobile": "3207095115",
            "name": "MUHAMMAD IMRAN .",
            "cnic": "3310502215209",
            "address": null
        }
    ],
    "timestamp": "2024-03-19 05:35:06"
}{
    "status": 100,
    "message": "No record Found",
    "timestamp": "2024-03-19 05:39:24"
}{
    "status": 100,
    "message": "No record Found",
    "timestamp": "2024-03-19 05:39:35"
}{
    "status": 100,
    "message": "No record Found",
    "timestamp": "2024-03-19 05:39:54"
}{
    "status": 100,
    "message": "No record Found",
    "timestamp": "2024-03-19 05:40:02"
}{
    "status": 100,
    "data": [
        {
            "mobile": "3077031958",
            "name": "MUHAMMAD SHABBIR .",
            "cnic": "3540164554041",
            "address": "SHAHDRAH FEROZ WALA NAZD MAZAAR  Sheikhupura"
        }
    ],
    "timestamp": "2024-03-19 05:40:18"
}{
    "status": 100,
    "message": "No record Found",
    "timestamp": "2024-03-19 05:41:27"
}{
    "status": 100,
    "message": "No record Found",
    "timestamp": "2024-03-19 05:41:54"
}{
    "status": 100,
    "message": "No record Found",
    "timestamp": "2024-03-19 05:42:30"
}{
    "status": 100,
    "message": "No record Found",
    "timestamp": "2024-03-19 05:43:38"
}{
    "status": 100,
    "data": [
        {
            "mobile": "3402769120",
            "name": "GHULAM MUHAMMAD",
            "cnic": "3660174281323",
            "address": "KHAS BUREWALA CHAK NUMBER 251 E B VEHARI"
        }
    ],
    "timestamp": "2024-03-19 05:43:48"
}{
    "status": 100,
    "message": "No record Found",
    "timestamp": "2024-03-19 05:44:47"
}{
    "status": 100,
    "message": "No record Found",
    "timestamp": "2024-03-19 05:45:01"
}{
    "status": 100,
    "message": "No record Found",
    "timestamp": "2024-03-19 06:16:42"
}{
    "status": 100,
    "message": "No record Found",
    "timestamp": "2024-03-19 06:21:13"
}{
    "status": 100,
    "data": [
        {
            "mobile": "3132955597",
            "name": "Shahnawaz  cust",
            "cnic": "4320356391069",
            "address": null
        },
        {
            "mobile": "3003979647",
            "name": "SHAHNAWAZ .",
            "cnic": "4320356391069",
            "address": null
        },
        {
            "mobile": "3122464282",
            "name": "Shahnawaz  cust",
            "cnic": "4320356391069",
            "address": null
        },
        {
            "mobile": "3142110987",
            "name": "Shahnawaz  cust",
            "cnic": "4320356391069",
            "address": null
        },
        {
            "mobile": "3473456564",
            "name": "SHAHNAWAZ SHAHNAWAZ",
            "cnic": "4320356391069",
            "address": "DOKRI PIYARO SARIO GHAZI CHOWK BADH TOWN COMMITTEE"
        },
        {
            "mobile": "3453405508",
            "name": "SHAHNAWAZ SHAHNAWAZ",
            "cnic": "4320356391069",
            "address": "DOKRI PIYARO SARIO GHAZI CHOWK BADH TOWN COMMITTEE"
        },
        {
            "mobile": "3092807167",
            "name": "SHAHNAWAZ .",
            "cnic": "4320356391069",
            "address": null
        },
        {
            "mobile": "3118176737",
            "name": "Not Available",
            "cnic": "4320356391069",
            "address": "Post-PAID"
        },
        {
            "mobile": "3122462234",
            "name": "Shahnawaz  cust",
            "cnic": "4320356391069",
            "address": null
        },
        {
            "mobile": "3152535485",
            "name": "Not Available",
            "cnic": "4320356391069",
            "address": "Post-PAID"
        },
        {
            "mobile": "3092805119",
            "name": "SHAHNAWAZ .",
            "cnic": "4320356391069",
            "address": "LARRKANA KHALIQ COLONY FARHAN SCHOOL  Larkana"
        }
    ],
    "timestamp": "2024-03-19 06:22:31"
}{
    "status": 100,
    "data": [
        {
            "mobile": "3011372216",
            "name": "MUHAMMAD JAVID",
            "cnic": "4230185027691",
            "address": null
        }
    ],
    "timestamp": "2024-03-19 06:26:39"
}{
    "status": 100,
    "data": [
        {
            "mobile": "3175648932",
            "name": "DATA NOT RECIEVED FROM NADRA",
            "cnic": "3740696989501",
            "address": null
        },
        {
            "mobile": "3485756754",
            "name": "MUHAMMAD IQBAL",
            "cnic": "3740696989501",
            "address": "STREET \/ MOHALA PARHI TAXILA DISTRICT RAWALPINDI"
        },
        {
            "mobile": "3078174081",
            "name": "DATA NOT RECIEVED FROM NADRA",
            "cnic": "3740696989501",
            "address": null
        },
        {
            "mobile": "3175646884",
            "name": "DATA NOT RECIEVED FROM NADRA",
            "cnic": "3740696989501",
            "address": null
        }
    ],
    "timestamp": "2024-03-19 06:36:19"
}{
    "status": 100,
    "message": "No record Found",
    "timestamp": "2024-03-19 06:39:41"
}{
    "status": 100,
    "data": [
        {
            "mobile": "3151299914",
            "name": "Asif  Khan",
            "cnic": "1720114774289",
            "address": null
        },
        {
            "mobile": "3485127771",
            "name": "ASIF KHAN",
            "cnic": "1720114774289",
            "address": "PABBI NOWSHERA MOHALA ANDERRKHEL DAAG BAYSOOD NOWS"
        },
        {
            "mobile": "3305178291",
            "name": "Asif Khan",
            "cnic": "1720114774289",
            "address": "Moh Ander Khel City Dag Baisud"
        },
        {
            "mobile": "3313818575",
            "name": "ASIF KHAN",
            "cnic": "1720114774289",
            "address": "PABE NOWSHERAH MUHALAH INDARR"
        },
        {
            "mobile": "3109694970",
            "name": "ASIF KHAN",
            "cnic": "1720114774289",
            "address": "MOH ANDER KHEL CITY DAG BAISUD"
        },
        {
            "mobile": "3151297866",
            "name": "Asif  Khan",
            "cnic": "1720114774289",
            "address": null
        }
    ],
    "timestamp": "2024-03-19 06:40:00"
}{
    "status": 100,
    "data": [
        {
            "mobile": "3212360060",
            "name": "ASGHAR MUHAMMAD",
            "cnic": "4230124845689",
            "address": "13 KARACHI SOUTH 3RD FLOOR HOOR BAI BUILDING BARNAS GARDEN MUHAMMAD BUN QASIM ROAD KARACHI KARACHI SOUTH"
        }
    ],
    "timestamp": "2024-03-19 06:44:48"
}{
    "status": 100,
    "data": [
        {
            "mobile": "3157856085",
            "name": "DATA NOT RECIEVED FROM NADRA",
            "cnic": "3460206618279",
            "address": null
        }
    ],
    "timestamp": "2024-03-19 06:45:20"
}{
    "status": 100,
    "data": [
        {
            "mobile": "3086334526",
            "name": "ASMA ASIF",
            "cnic": "3460178921098",
            "address": null
        }
    ],
    "timestamp": "2024-03-19 06:46:40"
}{
    "status": 100,
    "message": "No record Found",
    "timestamp": "2024-03-19 06:46:57"
}{
    "status": 100,
    "data": [
        {
            "mobile": "3019548506",
            "name": "UZMA SIDDIQUE .",
            "cnic": "3310464999760",
            "address": null
        },
        {
            "mobile": "3035438837",
            "name": "UZMA SIDDIQUE .",
            "cnic": "3310464999760",
            "address": null
        },
        {
            "mobile": "3457883812",
            "name": "UZMA SIDDIQUE",
            "cnic": "3310464999760",
            "address": "1 KHAS JARANWALA CHAK NUMBER 96 G B DUFFER KAY FAI"
        },
        {
            "mobile": "3487420410",
            "name": "UZMA SIDDIQUE",
            "cnic": "3310464999760",
            "address": "1 KHAS JARANWALA CHAK NUMBER 96 G B DUFFER KAY FAI"
        },
        {
            "mobile": "3424833294",
            "name": "UZMA SIDDIQUE",
            "cnic": "3310464999760",
            "address": "1 KHAS JARANWALA CHAK NUMBER 96 G B DUFFER KAY FAI"
        },
        {
            "mobile": "3467768996",
            "name": "UZMA SIDDIQUE",
            "cnic": "3310464999760",
            "address": "1 KHAS JARANWALA CHAK NUMBER 96 G B DUFFER KAY FAI"
        },
        {
            "mobile": "3483065018",
            "name": "UZMA SIDDIQUE",
            "cnic": "3310464999760",
            "address": "1 KHAS JARANWALA CHAK NUMBER 96 G B DUFFER KAY FAI"
        }
    ],
    "timestamp": "2024-03-19 06:47:45"
}{
    "status": 100,
    "data": [
        {
            "mobile": "3335783212",
            "name": "ali raza shahzad",
            "cnic": "3720120238177",
            "address": ", Moh Talab Mairan City DHUDHI"
        }
    ],
    "timestamp": "2024-03-19 06:49:03"
}{
    "status": 100,
    "data": [
        {
            "mobile": "3324114276",
            "name": "GHULAM NABI",
            "cnic": "5340314053127",
            "address": "SOHBAT PUR JHAT PAT SOHBAT PUR"
        }
    ],
    "timestamp": "2024-03-19 06:49:20"
}{
    "status": 100,
    "message": "No record Found",
    "timestamp": "2024-03-19 06:49:21"
}{
    "status": 100,
    "message": "No record Found",
    "timestamp": "2024-03-19 06:57:18"
}{
    "status": 100,
    "message": "No record Found",
    "timestamp": "2024-03-19 07:03:03"
}{
    "status": 100,
    "data": [
        {
            "mobile": "3007192387",
            "name": "SHAHID ALI",
            "cnic": "3120317279017",
            "address": "QAIM PUR HASILPUR  Bahawal Pur"
        },
        {
            "mobile": "3007192387",
            "name": "SAJJAD HUSSAIN",
            "cnic": "3740507563445",
            "address": null
        }
    ],
    "timestamp": "2024-03-19 07:07:13"
}{
    "status": 100,
    "data": [
        {
            "mobile": "3414185811",
            "name": null,
            "cnic": "3540175854667",
            "address": null
        }
    ],
    "timestamp": "2024-03-19 07:11:17"
}{
    "status": 100,
    "data": [
        {
            "mobile": "3235498379",
            "name": "SHAKEELA .",
            "cnic": "3540499142114",
            "address": null
        }
    ],
    "timestamp": "2024-03-19 07:13:06"
}{
    "status": 100,
    "data": [
        {
            "mobile": "3477342454",
            "name": "SALEEM ALI",
            "cnic": "3540364124391",
            "address": "KHAS SAFDARABAD CHAK NUMBER 184 AAR B KOT NIZAM D"
        }
    ],
    "timestamp": "2024-03-19 07:13:31"
}{
    "status": 100,
    "message": "No record Found",
    "timestamp": "2024-03-19 07:14:52"
}{
    "status": 100,
    "message": "No record Found",
    "timestamp": "2024-03-19 07:24:00"
}{
    "status": 100,
    "message": "No record Found",
    "timestamp": "2024-03-19 07:33:09"
}{
    "status": 100,
    "message": "No record Found",
    "timestamp": "2024-03-19 07:33:22"
}{
    "status": 100,
    "message": "No record Found",
    "timestamp": "2024-03-19 07:37:42"
}{
    "status": 100,
    "data": [
        {
            "mobile": "3124951472",
            "name": "TECHACCESS",
            "cnic": "3520213019095",
            "address": "H # 241 St # 62 E-11\/3 - 44000 . Islamabad"
        }
    ],
    "timestamp": "2024-03-19 07:55:46"
}{
    "status": 100,
    "data": [
        {
            "mobile": "3205996813",
            "name": "SAFIA BEGUM .",
            "cnic": "1730102780584",
            "address": null
        }
    ],
    "timestamp": "2024-03-19 07:57:00"
}{
    "status": 100,
    "data": [
        {
            "mobile": "3205996813",
            "name": "SAFIA BEGUM .",
            "cnic": "1730102780584",
            "address": null
        }
    ],
    "timestamp": "2024-03-19 07:57:16"
}{
    "status": 100,
    "message": "No record Found",
    "timestamp": "2024-03-19 07:57:41"
}{
    "status": 100,
    "message": "No record Found",
    "timestamp": "2024-03-19 07:57:58"
}{
    "status": 100,
    "data": [
        {
            "mobile": "3319714796",
            "name": "RIAZ HUSSAIN",
            "cnic": "3240413936407",
            "address": "UMER KWTRWJHANQADRHRAJN PUR"
        }
    ],
    "timestamp": "2024-03-19 07:59:29"
}{
    "status": 100,
    "message": "No record Found",
    "timestamp": "2024-03-19 08:07:20"
}{
    "status": 100,
    "message": "No record Found",
    "timestamp": "2024-03-19 08:17:29"
}{
    "status": 100,
    "message": "No record Found",
    "timestamp": "2024-03-19 08:18:02"
}{
    "status": 100,
    "message": "No record Found",
    "timestamp": "2024-03-19 08:25:22"
}{
    "status": 100,
    "message": "No record Found",
    "timestamp": "2024-03-19 08:44:03"
}{
    "status": 100,
    "data": [
        {
            "mobile": "3007753571",
            "name": "ZAINAB",
            "cnic": "3630253919001",
            "address": "MOHALA NEW ZIKARIA  TOWN MAIN BOSAN ROAD Gujrat"
        }
    ],
    "timestamp": "2024-03-19 08:45:04"
}{
    "status": 100,
    "data": [
        {
            "mobile": "3007753571",
            "name": "ZAINAB",
            "cnic": "3630253919001",
            "address": "MOHALA NEW ZIKARIA  TOWN MAIN BOSAN ROAD Gujrat"
        },
        {
            "mobile": "3157751523",
            "name": "muhammad zain akhtar",
            "cnic": "3630253919001",
            "address": null
        },
        {
            "mobile": "3007751523",
            "name": "ZAINAB",
            "cnic": "3630253919001",
            "address": "MOHALA NEW ZIKARIA  TOWN MAIN BOSAN ROAD Gujrat"
        }
    ],
    "timestamp": "2024-03-19 08:45:14"
}{
    "status": 100,
    "data": [
        {
            "mobile": "3353792139",
            "name": "ZAHRAN MAIE",
            "cnic": "3610232444726",
            "address": "DAAK KHANA QATAL PUR SHAKRO WA"
        }
    ],
    "timestamp": "2024-03-19 08:48:33"
}{
    "status": 100,
    "data": [
        {
            "mobile": "3351768876",
            "name": "ZAHRAN MAIE",
            "cnic": "3610232444726",
            "address": "DAAK KHANA QATAL PUR SHAKRO WA"
        },
        {
            "mobile": "3353792139",
            "name": "ZAHRAN MAIE",
            "cnic": "3610232444726",
            "address": "DAAK KHANA QATAL PUR SHAKRO WA"
        },
        {
            "mobile": "3406576813",
            "name": "ZAHRAN MAIE",
            "cnic": "3610232444726",
            "address": "DAAK KHANA QATAL PUR SHAKRO WALA TEHSIL KABEER WAL"
        },
        {
            "mobile": "3353792447",
            "name": "ZAHRAN MAIE",
            "cnic": "3610232444726",
            "address": "DAAK KHANA QATAL PUR SHAKRO WA"
        },
        {
            "mobile": "3320680515",
            "name": "ZAHRAN MAIE",
            "cnic": "3610232444726",
            "address": "DAAK KHANA QATAL PUR SHAKRO WA"
        }
    ],
    "timestamp": "2024-03-19 08:50:20"
}{
    "status": 100,
    "data": [
        {
            "mobile": "3157372070",
            "name": "hussain  nawaz",
            "cnic": "3630267071149",
            "address": null
        }
    ],
    "timestamp": "2024-03-19 09:01:38"
}{
    "status": 100,
    "data": [
        {
            "mobile": "3129001199",
            "name": "Waheed  Ullah",
            "cnic": "1720194840283",
            "address": "Post-PAID"
        },
        {
            "mobile": "3129001199",
            "name": "rizwan  ahmedsheikh",
            "cnic": "8220311718041",
            "address": null
        }
    ],
    "timestamp": "2024-03-19 09:01:53"
}{
    "status": 100,
    "message": "No record Found",
    "timestamp": "2024-03-19 09:02:38"
}{
    "status": 100,
    "data": [
        {
            "mobile": "3404346446",
            "name": null,
            "cnic": "3230352160847",
            "address": null
        },
        {
            "mobile": "3404346446",
            "name": "RAZIA B B",
            "cnic": "3450250685004",
            "address": "DAAK KHANA MUSHTAQ BAGH SALO H WALI TEHSIL SHAKAR"
        }
    ],
    "timestamp": "2024-03-19 09:02:52"
}{
    "status": 100,
    "data": [
        {
            "mobile": "3213301989",
            "name": "NADEEM HUSSAIN .",
            "cnic": "3450267335207",
            "address": null
        }
    ],
    "timestamp": "2024-03-19 09:05:06"
}{
    "status": 100,
    "message": "No record Found",
    "timestamp": "2024-03-19 09:18:50"
}{
    "status": 100,
    "data": [
        {
            "mobile": "3319714796",
            "name": "RIAZ HUSSAIN",
            "cnic": "3240413936407",
            "address": "UMER KWTRWJHANQADRHRAJN PUR"
        }
    ],
    "timestamp": "2024-03-19 09:27:20"
}{
    "status": 100,
    "data": [
        {
            "mobile": "3319714796",
            "name": "RIAZ HUSSAIN",
            "cnic": "3240413936407",
            "address": "UMER KWTRWJHANQADRHRAJN PUR"
        }
    ],
    "timestamp": "2024-03-19 09:27:30"
}{
    "status": 100,
    "data": [
        {
            "mobile": "3319714796",
            "name": "RIAZ HUSSAIN",
            "cnic": "3240413936407",
            "address": "UMER KWTRWJHANQADRHRAJN PUR"
        }
    ],
    "timestamp": "2024-03-19 09:27:47"
}{
    "status": 100,
    "message": "No record Found",
    "timestamp": "2024-03-19 09:43:36"
}{
    "status": 100,
    "message": "No record Found",
    "timestamp": "2024-03-19 09:45:30"
}{
    "status": 100,
    "data": [
        {
            "mobile": "3319714796",
            "name": "RIAZ HUSSAIN",
            "cnic": "3240413936407",
            "address": "UMER KWTRWJHANQADRHRAJN PUR"
        }
    ],
    "timestamp": "2024-03-19 09:47:38"
}{
    "status": 100,
    "data": [
        {
            "mobile": "3456310057",
            "name": "khalil  ahmad",
            "cnic": "3540415761481",
            "address": null
        }
    ],
    "timestamp": "2024-03-19 09:51:10"
}{
    "status": 100,
    "message": "No record Found",
    "timestamp": "2024-03-19 09:53:49"
}{
    "status": 100,
    "message": "No record Found",
    "timestamp": "2024-03-19 09:54:20"
}{
    "status": 100,
    "message": "No record Found",
    "timestamp": "2024-03-19 10:11:25"
}{
    "status": 100,
    "data": [
        {
            "mobile": "3105170183",
            "name": "Taimoor  Shah",
            "cnic": "3710238140097",
            "address": null
        },
        {
            "mobile": "3045217226",
            "name": "TEHMOOR SHAH .",
            "cnic": "3710238140097",
            "address": "KHAS FATEH JANG JABBI KISRAAN ATTOCK  ATTOCK G.P.O."
        },
        {
            "mobile": "3063237193",
            "name": "TEHMOOR SHAH .",
            "cnic": "3710238140097",
            "address": "KHAS FATEH JANG JABBI KISRAAN ATTOCK  ATTOCK G.P.O."
        },
        {
            "mobile": "3412301766",
            "name": null,
            "cnic": "3710238140097",
            "address": null
        }
    ],
    "timestamp": "2024-03-19 10:12:28"
}{
    "status": 100,
    "message": "No record Found",
    "timestamp": "2024-03-19 10:12:35"
}{
    "status": 100,
    "message": "No record Found",
    "timestamp": "2024-03-19 10:13:03"
}{
    "status": 100,
    "message": "No record Found",
    "timestamp": "2024-03-19 10:23:25"
}{
    "status": 100,
    "message": "No record Found",
    "timestamp": "2024-03-19 10:23:37"
}{
    "status": 100,
    "data": [
        {
            "mobile": "3027914787",
            "name": "MUHAMMAD AHMAD .",
            "cnic": "3530165334433",
            "address": "DAAK KHANA HAVELI LAKHA ADLIKAY SAHAG T TEHSIL DEPALPUR DISTRICT OKARA OKARA G.P.O."
        }
    ],
    "timestamp": "2024-03-19 10:24:57"
}{
    "status": 100,
    "data": [
        {
            "mobile": "3064086062",
            "name": "SALMAN ABID .",
            "cnic": "3520276798921",
            "address": "HOUSE NUMBER 7 STREET NUMBER 39 MOHALA CHOWK BARAF KHANA GAWALMANDI LAHORE LAHORE G.P.O"
        },
        {
            "mobile": "3064086062",
            "name": "MUHAMMAD ATEEQ .",
            "cnic": "3530255858217",
            "address": null
        }
    ],
    "timestamp": "2024-03-19 10:25:12"
}{
    "status": 100,
    "data": [
        {
            "mobile": "3453219289",
            "name": "EHSAN ALI",
            "cnic": "3540279272641",
            "address": "MOHALA UNION COUNCILE DAAK KHANA KHAS SYED WALA TE"
        }
    ],
    "timestamp": "2024-03-19 10:30:06"
}{
    "status": 100,
    "data": [
        {
            "mobile": "3004272189",
            "name": "IMTIAZ AHMED",
            "cnic": "3520289706197",
            "address": "H NO 4 B AZAM COLONY ENGINE SHED Lahore"
        }
    ],
    "timestamp": "2024-03-19 11:32:50"
}{
    "status": 100,
    "message": "No record Found",
    "timestamp": "2024-03-19 11:48:30"
}{
    "status": 100,
    "message": "No record Found",
    "timestamp": "2024-03-19 11:49:50"
}{
    "status": 100,
    "message": "No record Found",
    "timestamp": "2024-03-19 11:49:55"
}{
    "status": 100,
    "message": "No record Found",
    "timestamp": "2024-03-19 11:52:42"
}{
    "status": 100,
    "data": [
        {
            "mobile": "3095100423",
            "name": "TASLEEM AKHTAR .",
            "cnic": "3720308000656",
            "address": "village ahmed bhan SAKRAND City SHAHEED BENAZIR ABAD Lahore"
        },
        {
            "mobile": "3095100423",
            "name": "DEEN MUHAMMAD KHAN",
            "cnic": "9040301207209",
            "address": "GOJAR KHAN DHOK HAYAT ALI WARD NUMBER 14 GOJAR KHAN RAWALPIN Lahore"
        }
    ],
    "timestamp": "2024-03-19 11:53:35"
}{
    "status": 100,
    "message": "No record Found",
    "timestamp": "2024-03-19 11:58:31"
}{
    "status": 100,
    "message": "No record Found",
    "timestamp": "2024-03-19 11:59:18"
}