{
    "status": 100,
    "data": [
        {
            "mobile": "3035989289",
            "name": "MUHAMMAD KARIM",
            "cnic": "2110390405757",
            "address": null
        },
        {
            "mobile": "3035989289",
            "name": "RUKHSAR AHMAD .",
            "cnic": "3740228981317",
            "address": "KHAS KAHUTA CHOAKHALSAH MOHRHA HEERAN R RAWALPINDI RAWALPINDI G.P.O."
        }
    ],
    "timestamp": "2024-03-20 18:00:12"
}{
    "status": 100,
    "data": [
        {
            "mobile": "3036448912",
            "name": "KALEEM ALLAH",
            "cnic": "3240333672691",
            "address": "ROJHAAN ROJHAAN QADIRA RAJAN PUR"
        }
    ],
    "timestamp": "2024-03-20 18:01:52"
}{
    "status": 100,
    "data": [
        {
            "mobile": "3116528656",
            "name": "kaleem  ullah",
            "cnic": "3240333672691",
            "address": null
        },
        {
            "mobile": "3034718656",
            "name": "KALEEM ALLAH .",
            "cnic": "3240333672691",
            "address": "ROJHAAN QADIRA RAJAN PUR  RAJAN PUR"
        },
        {
            "mobile": "3036448912",
            "name": "KALEEM ALLAH",
            "cnic": "3240333672691",
            "address": "ROJHAAN ROJHAAN QADIRA RAJAN PUR"
        },
        {
            "mobile": "3116526608",
            "name": "kaleem  ullah",
            "cnic": "3240333672691",
            "address": null
        },
        {
            "mobile": "3023744974",
            "name": "KALEEM ALLAH .",
            "cnic": "3240333672691",
            "address": "ROJHAAN QADIRA RAJAN PUR  RAJAN PUR"
        }
    ],
    "timestamp": "2024-03-20 18:02:04"
}{
    "status": 100,
    "data": [
        {
            "mobile": "3004441574",
            "name": "MUHAMMAD REHAN .",
            "cnic": "3520189191097",
            "address": "DAAK KHANA KHAS ARJAH TEHSIL DHEER KOT DISTRICT BAGH BAGH G.P.O."
        },
        {
            "mobile": "3174869833",
            "name": "DATA NOT RECIEVED FROM NADRA",
            "cnic": "3520189191097",
            "address": null
        },
        {
            "mobile": "3430582868",
            "name": "MUHAMMAD REHAN",
            "cnic": "3520189191097",
            "address": "KHAS DHEER KOT ARJAH BAGH"
        },
        {
            "mobile": "3206089670",
            "name": "MUHAMMAD REHAN .",
            "cnic": "3520189191097",
            "address": null
        },
        {
            "mobile": "3224937090",
            "name": "MUHAMMAD REHAN .",
            "cnic": "3520189191097",
            "address": null
        },
        {
            "mobile": "3244551373",
            "name": "MUHAMMAD REHAN .",
            "cnic": "3520189191097",
            "address": null
        },
        {
            "mobile": "3244549325",
            "name": "MUHAMMAD REHAN",
            "cnic": "3520189191097",
            "address": "KHAS DHEER KOT ARJAH BAGH"
        }
    ],
    "timestamp": "2024-03-20 18:03:16"
}{
    "status": 100,
    "message": "No record Found",
    "timestamp": "2024-03-20 18:05:11"
}{
    "status": 100,
    "message": "No record Found",
    "timestamp": "2024-03-20 18:09:10"
}{
    "status": 100,
    "data": [
        {
            "mobile": "3034340501",
            "name": "SUMMERA KARIM .",
            "cnic": "3520211875260",
            "address": null
        },
        {
            "mobile": "3414031848",
            "name": "SUMERA KARIM",
            "cnic": "3520211875260",
            "address": "ARJAH POST OFFICE HAS BAGH"
        },
        {
            "mobile": "3064323523",
            "name": "SUMMERA KARIM .",
            "cnic": "3520211875260",
            "address": null
        },
        {
            "mobile": "3208419015",
            "name": "SUMMERA KARIM .",
            "cnic": "3520211875260",
            "address": null
        },
        {
            "mobile": "3094622819",
            "name": "SUMMERA KARIM .",
            "cnic": "3520211875260",
            "address": "ARJAH POST OFFICE HAS BAGH  BAGH G.P.O."
        }
    ],
    "timestamp": "2024-03-20 18:10:00"
}{
    "status": 100,
    "data": [
        {
            "mobile": "3004441574",
            "name": "MUHAMMAD REHAN .",
            "cnic": "3520189191097",
            "address": "DAAK KHANA KHAS ARJAH TEHSIL DHEER KOT DISTRICT BAGH BAGH G.P.O."
        },
        {
            "mobile": "3174869833",
            "name": "DATA NOT RECIEVED FROM NADRA",
            "cnic": "3520189191097",
            "address": null
        },
        {
            "mobile": "3430582868",
            "name": "MUHAMMAD REHAN",
            "cnic": "3520189191097",
            "address": "KHAS DHEER KOT ARJAH BAGH"
        },
        {
            "mobile": "3206089670",
            "name": "MUHAMMAD REHAN .",
            "cnic": "3520189191097",
            "address": null
        },
        {
            "mobile": "3224937090",
            "name": "MUHAMMAD REHAN .",
            "cnic": "3520189191097",
            "address": null
        },
        {
            "mobile": "3244551373",
            "name": "MUHAMMAD REHAN .",
            "cnic": "3520189191097",
            "address": null
        },
        {
            "mobile": "3244549325",
            "name": "MUHAMMAD REHAN",
            "cnic": "3520189191097",
            "address": "KHAS DHEER KOT ARJAH BAGH"
        }
    ],
    "timestamp": "2024-03-20 18:10:58"
}{
    "status": 100,
    "data": [
        {
            "mobile": "3333869333",
            "name": "hamza rehman",
            "cnic": "3210269198565",
            "address": "House No 37\/38 Block DERA GHAZ"
        },
        {
            "mobile": "3333869333",
            "name": "MUHAMMAD USMAN PARACHA",
            "cnic": "4220171222053",
            "address": "HOUSE NO A-17 ALFALAH HOUSING"
        }
    ],
    "timestamp": "2024-03-20 18:17:43"
}{
    "status": 100,
    "message": "No record Found",
    "timestamp": "2024-03-20 18:18:50"
}{
    "status": 100,
    "message": "No record Found",
    "timestamp": "2024-03-20 18:19:04"
}{
    "status": 100,
    "data": [
        {
            "mobile": "3336218574",
            "name": "MOHAMMAD HAFEEZ",
            "cnic": "3240421256443",
            "address": "MOZA   QADRAN  DAKHANA"
        },
        {
            "mobile": "3336218574",
            "name": "ASIM  RASHEED",
            "cnic": "3610218709459",
            "address": "KHAS KABEER WALA CHAK NUMBER 1"
        }
    ],
    "timestamp": "2024-03-20 18:21:40"
}{
    "status": 100,
    "message": "No record Found",
    "timestamp": "2024-03-20 18:22:52"
}{
    "status": 100,
    "data": [
        {
            "mobile": "3379831592",
            "name": "muhammad asif",
            "cnic": "2160247743605",
            "address": ", rabia khel subsec farash khe"
        }
    ],
    "timestamp": "2024-03-20 18:22:56"
}{
    "status": 100,
    "data": [
        {
            "mobile": "3457677372",
            "name": "KHALIDA NAZEER",
            "cnic": "3310511851786",
            "address": "DAAK KHANA IFFAT ABAD CHAK 372 G B KARTAR PUR TEHS"
        },
        {
            "mobile": "3457677372",
            "name": null,
            "cnic": "6110162756903",
            "address": null
        }
    ],
    "timestamp": "2024-03-20 18:24:33"
}{
    "status": 100,
    "message": "No record Found",
    "timestamp": "2024-03-20 18:28:04"
}{
    "status": 100,
    "message": "No record Found",
    "timestamp": "2024-03-20 18:28:23"
}{
    "status": 100,
    "message": "No record Found",
    "timestamp": "2024-03-20 18:46:48"
}{
    "status": 100,
    "data": [
        {
            "mobile": "3021111645",
            "name": "HASSAN NAWAZ .",
            "cnic": "3450169398129",
            "address": null
        },
        {
            "mobile": "3099503116",
            "name": "HASSAN NAWAZ .",
            "cnic": "3450169398129",
            "address": null
        },
        {
            "mobile": "3099503176",
            "name": "HASSAN NAWAZ .",
            "cnic": "3450169398129",
            "address": null
        },
        {
            "mobile": "3400367620",
            "name": null,
            "cnic": "3450169398129",
            "address": null
        },
        {
            "mobile": "3145153744",
            "name": "hassan  nawaz",
            "cnic": "3450169398129",
            "address": null
        }
    ],
    "timestamp": "2024-03-20 18:47:26"
}{
    "status": 100,
    "message": "No record Found",
    "timestamp": "2024-03-20 19:08:14"
}{
    "status": 100,
    "message": "No record Found",
    "timestamp": "2024-03-20 19:08:53"
}{
    "status": 100,
    "message": "No record Found",
    "timestamp": "2024-03-20 19:14:11"
}{
    "status": 100,
    "message": "No record Found",
    "timestamp": "2024-03-20 19:14:26"
}{
    "status": 100,
    "message": "No record Found",
    "timestamp": "2024-03-20 19:14:43"
}{
    "status": 100,
    "data": [
        {
            "mobile": "3319538971",
            "name": "MIRAJ B B",
            "cnic": "3530214090840",
            "address": "DEPALPUR SHAH MIR HUJRAH SHAH"
        }
    ],
    "timestamp": "2024-03-20 19:15:10"
}{
    "status": 100,
    "message": "No record Found",
    "timestamp": "2024-03-20 19:17:01"
}{
    "status": 100,
    "message": "No record Found",
    "timestamp": "2024-03-20 19:17:17"
}{
    "status": 100,
    "data": [
        {
            "mobile": "3343179174",
            "name": "KHURRAM RAZA",
            "cnic": "4220136824169",
            "address": "HOUSE NUMBER 152\/1 STREET NUMB"
        }
    ],
    "timestamp": "2024-03-20 19:18:36"
}{
    "status": 100,
    "message": "No record Found",
    "timestamp": "2024-03-20 19:18:47"
}{
    "status": 100,
    "message": "No record Found",
    "timestamp": "2024-03-20 19:18:57"
}{
    "status": 100,
    "message": "No record Found",
    "timestamp": "2024-03-20 19:19:40"
}{
    "status": 100,
    "data": [
        {
            "mobile": "3244467573",
            "name": "MUHAMMAD BASIT ARIF .",
            "cnic": "3520249709939",
            "address": null
        },
        {
            "mobile": "3244467573",
            "name": "NASREEN BI BI",
            "cnic": "3520296459172",
            "address": "999 BLOCK NUMBER 5 SECTOR D-II GREEN TOWN GREEN TOWN LAHORE CITY LAHORE"
        }
    ],
    "timestamp": "2024-03-20 19:38:43"
}{
    "status": 100,
    "message": "No record Found",
    "timestamp": "2024-03-20 19:53:06"
}{
    "status": 100,
    "data": [
        {
            "mobile": "3004584234",
            "name": "GHULAM BATOOL ..",
            "cnic": "3660343322108",
            "address": "KHAS VEHARI KHAS VEHARI Abbotabad"
        }
    ],
    "timestamp": "2024-03-20 21:12:02"
}{
    "status": 100,
    "data": [
        {
            "mobile": "3004584234",
            "name": "GHULAM BATOOL ..",
            "cnic": "3660343322108",
            "address": "KHAS VEHARI KHAS VEHARI Abbotabad"
        },
        {
            "mobile": "3008538734",
            "name": "GHULAM BATOOL ..",
            "cnic": "3660343322108",
            "address": "KHAS VEHARI KHAS VEHARI Abbotabad"
        },
        {
            "mobile": "3057348365",
            "name": "GHULAM BATOOL ..",
            "cnic": "3660343322108",
            "address": null
        },
        {
            "mobile": "3227124034",
            "name": "GHULAM BATOOL ..",
            "cnic": "3660343322108",
            "address": null
        },
        {
            "mobile": "3057346317",
            "name": "GHULAM BATOOL ..",
            "cnic": "3660343322108",
            "address": "KHAS VEHARI KHAS VEHARI Abbotabad"
        },
        {
            "mobile": "3073802951",
            "name": "GHULAM BATOOL ..",
            "cnic": "3660343322108",
            "address": "KHAS VEHARI KHAS VEHARI Abbotabad"
        }
    ],
    "timestamp": "2024-03-20 21:13:33"
}{
    "status": 100,
    "data": [
        {
            "mobile": "3126226916",
            "name": "muhammad  waseem",
            "cnic": "3230182540455",
            "address": null
        },
        {
            "mobile": "3126226916",
            "name": "DATA NOT RECIEVED FROM NADRA",
            "cnic": "3610272490049",
            "address": null
        }
    ],
    "timestamp": "2024-03-20 22:50:15"
}{
    "status": 100,
    "data": [
        {
            "mobile": "3070938184",
            "name": "SHAMEEM KHATON .",
            "cnic": "3230108794980",
            "address": null
        }
    ],
    "timestamp": "2024-03-20 22:50:40"
}{
    "status": 100,
    "data": [
        {
            "mobile": "3073930369",
            "name": "SHAHID ALI .",
            "cnic": "4520699263091",
            "address": "GOTH DABBY DAAK KHANA DABBY TALI TEHSIL L THARI MIRWAH DISTRICT KHAIRPUR MIRS KHAIRPUR MIRS G.P.O."
        },
        {
            "mobile": "3073930369",
            "name": "SALEEM AHMAD KHAN",
            "cnic": "5440090003727",
            "address": null
        }
    ],
    "timestamp": "2024-03-20 23:02:20"
}{
    "status": 100,
    "data": [
        {
            "mobile": "3004162479",
            "name": "HAMID RAZA",
            "cnic": "3730216978569",
            "address": "MOHALA KOT DAAK KHANA KHAS KAND WAAL TEHSIL PIND DADAN KHAN DISTRICT JHELUM"
        }
    ],
    "timestamp": "2024-03-20 23:41:35"
}{
    "status": 100,
    "message": "No record Found",
    "timestamp": "2024-03-20 23:47:53"
}{
    "status": 100,
    "message": "No record Found",
    "timestamp": "2024-03-20 23:48:28"
}