{
    "status": 100,
    "data": [
        {
            "mobile": "3047242438",
            "name": "BADAL KHAN BURIRO .",
            "cnic": "4510112597039",
            "address": null
        }
    ],
    "timestamp": "2024-03-21 00:12:18"
}{
    "status": 100,
    "data": [
        {
            "mobile": "3091810308",
            "name": "MUHAMMAD RASHEED KHAN .",
            "cnic": "8210106484947",
            "address": null
        }
    ],
    "timestamp": "2024-03-21 02:12:34"
}{
    "status": 100,
    "data": [
        {
            "mobile": "3054232321",
            "name": "FARHAD",
            "cnic": "1540146384231",
            "address": "MALAKAND MALAKAND Malakand"
        },
        {
            "mobile": "3054232321",
            "name": "NASREEN BIBI .",
            "cnic": "3520116588856",
            "address": null
        }
    ],
    "timestamp": "2024-03-21 03:11:55"
}{
    "status": 100,
    "data": [
        {
            "mobile": "3051622149",
            "name": "MUHAMMAD WAQAR .",
            "cnic": "3420128655829",
            "address": null
        },
        {
            "mobile": "3480588925",
            "name": "MUHAMMAD WAQAR",
            "cnic": "3420128655829",
            "address": "DAAK KHANA TANDAH DAHO NAJ KH TEHSIL GUJRAT DISTRI"
        },
        {
            "mobile": "3045437201",
            "name": "MUHAMMAD WAQAR .",
            "cnic": "3420128655829",
            "address": "TANDAH GUJRAT DHWNJK GUJRAT  Gujrat"
        },
        {
            "mobile": "3051620101",
            "name": "MUHAMMAD WAQAR .",
            "cnic": "3420128655829",
            "address": "TANDAH GUJRAT DHWNJK GUJRAT  Gujrat"
        }
    ],
    "timestamp": "2024-03-21 03:19:58"
}{
    "status": 100,
    "data": [
        {
            "mobile": "3174866842",
            "name": "Muhammad  Mashtaq",
            "cnic": "3510115726735",
            "address": null
        }
    ],
    "timestamp": "2024-03-21 03:54:26"
}{
    "status": 100,
    "data": [
        {
            "mobile": "3357600200",
            "name": "NAQEEB ALLAH",
            "cnic": "3420101038005",
            "address": "TANDAH GUJRAT QILA SORA SINGH GUJRAT"
        },
        {
            "mobile": "3249971999",
            "name": "NAQEEB ULLAH",
            "cnic": "3420101038005",
            "address": "TANDAH GUJRAT QILA SORA SINGH GUJRAT"
        }
    ],
    "timestamp": "2024-03-21 04:04:27"
}{
    "status": 100,
    "data": [
        {
            "mobile": "3002994997",
            "name": "MUHAMMAD FAYAZ",
            "cnic": "4230162961129",
            "address": "MIRZA ADAM KHAN ROAD SYED-A-BAD H NO K-20-S-23\/A-5  MALIK  FAYAZ HOUSE Karachi"
        }
    ],
    "timestamp": "2024-03-21 04:07:02"
}{
    "status": 100,
    "message": "No record Found",
    "timestamp": "2024-03-21 04:12:56"
}{
    "status": 100,
    "data": [
        {
            "mobile": "3497548830",
            "name": "IHSAN ASLAM",
            "cnic": "3540173934021",
            "address": "DAAK KHANA SHAHDRH BHARHTA TEHSIL FEROZ WALA DISTR"
        }
    ],
    "timestamp": "2024-03-21 04:13:20"
}{
    "status": 100,
    "data": [
        {
            "mobile": "3064225592",
            "name": "SYED BASHARAT ALI SHAH .",
            "cnic": "3520115806997",
            "address": "HOUSE NUMBER 138 STREET NUMBER 34 MOHALA IQBAL PARK MUREEDKAY DISTRICT SHEIKHUPURA  SHEIK"
        },
        {
            "mobile": "3064225592",
            "name": "SURAYYA B B",
            "cnic": "3520128852602",
            "address": null
        }
    ],
    "timestamp": "2024-03-21 04:13:46"
}{
    "status": 100,
    "message": "No record Found",
    "timestamp": "2024-03-21 04:15:37"
}{
    "status": 100,
    "message": "No record Found",
    "timestamp": "2024-03-21 04:26:37"
}{
    "status": 100,
    "data": [
        {
            "mobile": "3063463438",
            "name": "KHURSHID B B .",
            "cnic": "3610349807850",
            "address": null
        },
        {
            "mobile": "3063463438",
            "name": "IMRAN ALLAH .",
            "cnic": "4520321908075",
            "address": "GOTH HAMID ABAD DAAK KHANA WADA MACHION HAJANA SHAH TEHSIL \/ DISTRICT KHAIRPUR MIRS  KHAIRPUR MIRS G"
        }
    ],
    "timestamp": "2024-03-21 04:26:58"
}{
    "status": 100,
    "message": "No record Found",
    "timestamp": "2024-03-21 04:42:30"
}{
    "status": 100,
    "data": [
        {
            "mobile": "3146700467",
            "name": "KHURSHID ALAM .",
            "cnic": "3120556445897",
            "address": "KHAS YAZMAAN CHAK NUMBER 5 D N B BAHAWAL PUR Bahawal Pur"
        },
        {
            "mobile": "3146700467",
            "name": "DATA NOT RECIEVED FROM NADRA",
            "cnic": "3230250069443",
            "address": null
        }
    ],
    "timestamp": "2024-03-21 04:46:05"
}{
    "status": 100,
    "data": [
        {
            "mobile": "3146700467",
            "name": "KHURSHID ALAM .",
            "cnic": "3120556445897",
            "address": "KHAS YAZMAAN CHAK NUMBER 5 D N B BAHAWAL PUR Bahawal Pur"
        },
        {
            "mobile": "3146700467",
            "name": "DATA NOT RECIEVED FROM NADRA",
            "cnic": "3230250069443",
            "address": null
        }
    ],
    "timestamp": "2024-03-21 04:46:59"
}{
    "status": 100,
    "data": [
        {
            "mobile": "3429572526",
            "name": "FAIZ MUHAMMAD",
            "cnic": "1350464982399",
            "address": "DILBORHI AUGI DILBORHI MANSEHRA"
        }
    ],
    "timestamp": "2024-03-21 04:48:10"
}{
    "status": 100,
    "message": "No record Found",
    "timestamp": "2024-03-21 04:48:44"
}{
    "status": 100,
    "data": [
        {
            "mobile": "3363876432",
            "name": "israr hussain",
            "cnic": "4230139831623",
            "address": "House No 1484 Gali No 20 liaqa"
        },
        {
            "mobile": "3492587851",
            "name": "ISRAR HUSSAIN",
            "cnic": "4230139831623",
            "address": "KARACHI NAZIMABAD JANOBI LIAQAT ASHRAF COLONY 2 MEHMOODABAD 6 KARACHI KARACHI SOUTH"
        },
        {
            "mobile": "3308586341",
            "name": "israr hussain",
            "cnic": "4230139831623",
            "address": "House No 1484 Gali No 20 liaqa"
        },
        {
            "mobile": "3477206873",
            "name": null,
            "cnic": "4230139831623",
            "address": null
        }
    ],
    "timestamp": "2024-03-21 04:49:07"
}{
    "status": 100,
    "data": [
        {
            "mobile": "3005555215",
            "name": "HAIER PAKISTAN",
            "cnic": "1730126052715",
            "address": "HAIER OFFICE"
        }
    ],
    "timestamp": "2024-03-21 04:49:29"
}{
    "status": 100,
    "data": [
        {
            "mobile": "3365488047",
            "name": "abdul ahad",
            "cnic": "6110157679349",
            "address": ", r QUETTA"
        },
        {
            "mobile": "3126202357",
            "name": "ABDUL AHAD .",
            "cnic": "6110157679349",
            "address": null
        },
        {
            "mobile": "3325676047",
            "name": "abdul ahad",
            "cnic": "6110157679349",
            "address": "Flat No 15\/5-B Street No 110 I"
        },
        {
            "mobile": "3417902357",
            "name": "ABDUL AHAD",
            "cnic": "6110157679349",
            "address": "RAJA STREET FAQEER MUHAMMAD ROAD QUETTA"
        },
        {
            "mobile": "3149506305",
            "name": "abdul  ahad",
            "cnic": "6110157679349",
            "address": null
        }
    ],
    "timestamp": "2024-03-21 04:49:57"
}{
    "status": 100,
    "message": "No record Found",
    "timestamp": "2024-03-21 04:50:14"
}{
    "status": 100,
    "message": "No record Found",
    "timestamp": "2024-03-21 04:50:20"
}{
    "status": 100,
    "data": [
        {
            "mobile": "3174890363",
            "name": "Muhammad Umar Hayat",
            "cnic": "3420389306351",
            "address": null
        }
    ],
    "timestamp": "2024-03-21 04:56:19"
}{
    "status": 100,
    "message": "No record Found",
    "timestamp": "2024-03-21 04:58:01"
}{
    "status": 100,
    "message": "No record Found",
    "timestamp": "2024-03-21 04:58:36"
}{
    "status": 100,
    "message": "No record Found",
    "timestamp": "2024-03-21 04:58:50"
}{
    "status": 100,
    "message": "No record Found",
    "timestamp": "2024-03-21 05:03:17"
}{
    "status": 100,
    "message": "No record Found",
    "timestamp": "2024-03-21 05:09:04"
}{
    "status": 100,
    "message": "No record Found",
    "timestamp": "2024-03-21 05:11:05"
}{
    "status": 100,
    "message": "No record Found",
    "timestamp": "2024-03-21 05:12:21"
}{
    "status": 100,
    "message": "No record Found",
    "timestamp": "2024-03-21 05:12:56"
}{
    "status": 100,
    "message": "No record Found",
    "timestamp": "2024-03-21 05:13:06"
}{
    "status": 100,
    "message": "No record Found",
    "timestamp": "2024-03-21 05:28:50"
}{
    "status": 100,
    "data": [
        {
            "mobile": "3427190112",
            "name": "MUHAMMAD RAMZAN",
            "cnic": "3220329017399",
            "address": "LAYYAH SIAL COLONY WARD NUMBER 3 CHOWK AZAM LAYYAH"
        },
        {
            "mobile": "3097024084",
            "name": "MUHAMMAD RAMZAN .",
            "cnic": "3220329017399",
            "address": null
        },
        {
            "mobile": "3425263674",
            "name": null,
            "cnic": "3220329017399",
            "address": null
        },
        {
            "mobile": "3097022036",
            "name": "MUHAMMAD RAMZAN .",
            "cnic": "3220329017399",
            "address": "village ahmed bhan SAKRAND City SHAHEED BENAZIR ABAD Lahore"
        }
    ],
    "timestamp": "2024-03-21 05:49:10"
}{
    "status": 100,
    "message": "No record Found",
    "timestamp": "2024-03-21 05:53:20"
}{
    "status": 100,
    "data": [
        {
            "mobile": "3008198316",
            "name": "MUHAMMAD KASHIF .",
            "cnic": "3630487753213",
            "address": "CHAH HAZAR YE WALA DAAK KHANA ULLAH ABAD WAHI BAKHAR TEHSIL SHUJA ABAD DISTRICT MULTAN  PAKISTAN"
        },
        {
            "mobile": "3008198316",
            "name": "TPL TRAKKER PVT LTD",
            "cnic": "4220106809175",
            "address": "39-K BLOCK-6 P.E.C.H.S ATTN: MAJOR KHALID KARACHI Karachi"
        }
    ],
    "timestamp": "2024-03-21 05:53:22"
}{
    "status": 100,
    "data": [
        {
            "mobile": "3462033032",
            "name": "MUHAMMAD RIZWAN",
            "cnic": "3310555363465",
            "address": "ADDAH MUREED WALA 196 G B NUZD DAK KHANA MOHALA IS"
        }
    ],
    "timestamp": "2024-03-21 05:53:23"
}{
    "status": 100,
    "message": "No record Found",
    "timestamp": "2024-03-21 05:53:29"
}{
    "status": 100,
    "message": "No record Found",
    "timestamp": "2024-03-21 05:55:34"
}{
    "status": 100,
    "message": "No record Found",
    "timestamp": "2024-03-21 06:14:51"
}{
    "status": 100,
    "data": [
        {
            "mobile": "3007287820",
            "name": "NAZEER AHMAD .",
            "cnic": "3310229535599",
            "address": "FAISAL ABAD CITY RAJA TOWN GULISTAN ROAD  FAISAL ABAD FAISAL ABAD Faisalabad"
        }
    ],
    "timestamp": "2024-03-21 06:17:52"
}{
    "status": 100,
    "data": [
        {
            "mobile": "3206629445",
            "name": "WASEEM ALI .",
            "cnic": "4320174246111",
            "address": null
        }
    ],
    "timestamp": "2024-03-21 06:18:48"
}{
    "status": 100,
    "data": [
        {
            "mobile": "3206629445",
            "name": "WASEEM ALI .",
            "cnic": "4320174246111",
            "address": null
        }
    ],
    "timestamp": "2024-03-21 06:18:49"
}{
    "status": 100,
    "message": "No record Found",
    "timestamp": "2024-03-21 06:20:22"
}{
    "status": 100,
    "message": "No record Found",
    "timestamp": "2024-03-21 06:20:31"
}{
    "status": 100,
    "data": [
        {
            "mobile": "3008741818",
            "name": "MIAN SHAHZAD AHMED",
            "cnic": "3410127302345",
            "address": "CAPRT FOOD PRODUCTS MARKAZ-E-SANAT G-T ROAD GUJRANWALA  . Gujranwala"
        },
        {
            "mobile": "3339070000",
            "name": "MIAN SHAHZAD AHMED",
            "cnic": "3410127302345",
            "address": "Moh Allah Bakhsh St # 19 Eproc"
        },
        {
            "mobile": "0554284097",
            "name": "MIAN SHAHZAD HAMI",
            "cnic": "3410127302345",
            "address": null
        }
    ],
    "timestamp": "2024-03-21 06:29:48"
}{
    "status": 100,
    "data": [
        {
            "mobile": "3453922931",
            "name": "SAATHI KHAN",
            "cnic": "5340271139461",
            "address": "DERA MURAD JAMALI BALOCH WARD NUMBER 2 DERA MURAD"
        }
    ],
    "timestamp": "2024-03-21 06:37:42"
}{
    "status": 100,
    "message": "No record Found",
    "timestamp": "2024-03-21 06:38:06"
}{
    "status": 100,
    "data": [
        {
            "mobile": "3238646582",
            "name": "HASINA BIBI .",
            "cnic": "3610241636648",
            "address": null
        }
    ],
    "timestamp": "2024-03-21 06:42:12"
}{
    "status": 100,
    "message": "No record Found",
    "timestamp": "2024-03-21 06:44:40"
}{
    "status": 100,
    "message": "No record Found",
    "timestamp": "2024-03-21 06:48:29"
}{
    "status": 100,
    "data": [
        {
            "mobile": "3021111645",
            "name": "HASSAN NAWAZ .",
            "cnic": "3450169398129",
            "address": null
        }
    ],
    "timestamp": "2024-03-21 06:48:52"
}{
    "status": 100,
    "message": "No record Found",
    "timestamp": "2024-03-21 06:48:52"
}{
    "status": 100,
    "message": "No record Found",
    "timestamp": "2024-03-21 06:53:17"
}{
    "status": 100,
    "message": "No record Found",
    "timestamp": "2024-03-21 06:53:26"
}{
    "status": 100,
    "data": [
        {
            "mobile": "3084000513",
            "name": "ALI HUSSNAIN .",
            "cnic": "3510292667017",
            "address": null
        }
    ],
    "timestamp": "2024-03-21 06:53:31"
}{
    "status": 100,
    "message": "No record Found",
    "timestamp": "2024-03-21 06:57:56"
}{
    "status": 100,
    "message": "No record Found",
    "timestamp": "2024-03-21 06:58:12"
}{
    "status": 100,
    "message": "No record Found",
    "timestamp": "2024-03-21 07:00:05"
}{
    "status": 100,
    "message": "No record Found",
    "timestamp": "2024-03-21 07:08:22"
}{
    "status": 100,
    "message": "No record Found",
    "timestamp": "2024-03-21 07:08:41"
}{
    "status": 100,
    "data": [
        {
            "mobile": "3339480964",
            "name": "AKBAR KHAN",
            "cnic": "1560204949127",
            "address": "GANSHL DERAI PO DERAI BABA TEH"
        },
        {
            "mobile": "3339480964",
            "name": "Hameeda",
            "cnic": "2120342896096",
            "address": "Malak Gul Ahmed Kallay , Zakha"
        }
    ],
    "timestamp": "2024-03-21 07:15:59"
}{
    "status": 100,
    "message": "No record Found",
    "timestamp": "2024-03-21 07:23:36"
}{
    "status": 100,
    "message": "No record Found",
    "timestamp": "2024-03-21 07:31:52"
}{
    "status": 100,
    "data": [
        {
            "mobile": "3051735619",
            "name": "MUHAMMAD AKRAM .",
            "cnic": "3330222429211",
            "address": "KHAS KAMALIA CHAK 721 G B TOBA TEK SINGH  Tooba Tek Singh"
        },
        {
            "mobile": "3458658289",
            "name": "MUHAMMAD AKRAM",
            "cnic": "3330222429211",
            "address": "KHAS KAMALIA CHAK NUMBER 721 G BATOBAH TEK SINGH"
        },
        {
            "mobile": "3476767239",
            "name": "MUHAMMAD AKRAM",
            "cnic": "3330222429211",
            "address": "KHAS KAMALIA CHAK NUMBER 721 G BATOBAH TEK SINGH"
        },
        {
            "mobile": "3471757821",
            "name": "MUHAMMAD AKRAM",
            "cnic": "3330222429211",
            "address": "KHAS KAMALIA CHAK NUMBER 721 G BATOBAH TEK SINGH"
        },
        {
            "mobile": "3306481265",
            "name": "MUHAMMAD AKRAM",
            "cnic": "3330222429211",
            "address": "KHAS KAMALIA CHAK NUMBER 721 G"
        }
    ],
    "timestamp": "2024-03-21 07:39:51"
}{
    "status": 100,
    "message": "No record Found",
    "timestamp": "2024-03-21 07:40:30"
}{
    "status": 100,
    "message": "No record Found",
    "timestamp": "2024-03-21 07:40:43"
}{
    "status": 100,
    "data": [
        {
            "mobile": "3335071616",
            "name": "WAQAR AHMAD MALIK",
            "cnic": "6110188164411",
            "address": ""
        }
    ],
    "timestamp": "2024-03-21 07:43:22"
}{
    "status": 100,
    "data": [
        {
            "mobile": "3005274129",
            "name": "WAQAR AHMED MALIK",
            "cnic": "6110188164411",
            "address": "SUIT # 41  Memon  Khanewal"
        },
        {
            "mobile": "3005840507",
            "name": "WAQAR AHMED MALIK",
            "cnic": "6110188164411",
            "address": null
        },
        {
            "mobile": "3335071616",
            "name": "WAQAR AHMAD MALIK",
            "cnic": "6110188164411",
            "address": ""
        },
        {
            "mobile": "3335069568",
            "name": "WAQAR AHMAD MALIK",
            "cnic": "6110188164411",
            "address": null
        }
    ],
    "timestamp": "2024-03-21 07:43:52"
}{
    "status": 100,
    "data": [
        {
            "mobile": "3216581075",
            "name": "LIAQAT ALI",
            "cnic": "3520230256597",
            "address": "13616 HAJVEER YE STREET SHAHDRAH TOWN LAHORE CITY LAHORE"
        }
    ],
    "timestamp": "2024-03-21 07:59:08"
}{
    "status": 100,
    "message": "No record Found",
    "timestamp": "2024-03-21 08:09:20"
}{
    "status": 100,
    "message": "No record Found",
    "timestamp": "2024-03-21 08:10:11"
}{
    "status": 100,
    "data": [
        {
            "mobile": "3025041846",
            "name": "NOOR BEGUM .",
            "cnic": "3710554399922",
            "address": "1 PINDI GHAIB PURANI ATTOCK  ATTOCK G.P.O."
        }
    ],
    "timestamp": "2024-03-21 08:40:09"
}{
    "status": 100,
    "data": [
        {
            "mobile": "3042110904",
            "name": "MUHAMMAD IDREES .",
            "cnic": "3110503038687",
            "address": null
        },
        {
            "mobile": "3042110904",
            "name": "GUL HASSAN",
            "cnic": "4320295615461",
            "address": "QAMBAR QAMBAR ALI KHAN GOTH MA HI MAKOL LARRKANA Larkana"
        }
    ],
    "timestamp": "2024-03-21 08:42:35"
}{
    "status": 100,
    "data": [
        {
            "mobile": "3047242438",
            "name": "BADAL KHAN BURIRO .",
            "cnic": "4510112597039",
            "address": null
        }
    ],
    "timestamp": "2024-03-21 08:48:14"
}{
    "status": 100,
    "data": [
        {
            "mobile": "3166494267",
            "name": "abdul  sattar",
            "cnic": "3530219849409",
            "address": "Post-PAID"
        },
        {
            "mobile": "3166494267",
            "name": "ali  raza",
            "cnic": "3630280765473",
            "address": null
        }
    ],
    "timestamp": "2024-03-21 08:54:09"
}{
    "status": 100,
    "data": [
        {
            "mobile": "3354496419",
            "name": "ali hassan",
            "cnic": "3510369954201",
            "address": "sarai City PHOOL NAGAR Tehsil"
        },
        {
            "mobile": "3354496065",
            "name": "ali hassan",
            "cnic": "3510369954201",
            "address": "sarai City PHOOL NAGAR Tehsil"
        },
        {
            "mobile": "3065402768",
            "name": "ALI HASSAN .",
            "cnic": "3510369954201",
            "address": null
        }
    ],
    "timestamp": "2024-03-21 09:01:05"
}{
    "status": 100,
    "data": [
        {
            "mobile": "3035163911",
            "name": "RAZIA B B .",
            "cnic": "3660125660672",
            "address": null
        }
    ],
    "timestamp": "2024-03-21 09:04:03"
}{
    "status": 100,
    "data": [
        {
            "mobile": "3024554442",
            "name": "ABDUL QADIR .",
            "cnic": "3120303459935",
            "address": "Lahore10509076  Lahore"
        }
    ],
    "timestamp": "2024-03-21 09:04:42"
}{
    "status": 100,
    "message": "No record Found",
    "timestamp": "2024-03-21 09:05:17"
}{
    "status": 100,
    "data": [
        {
            "mobile": "3055612488",
            "name": "SAEEDA YASMIN .",
            "cnic": "3740114360402",
            "address": "DAAK KHANA KHAS CANAL BAJRANA TEHSIL GO OJAR KHAN DISTRICT RAWALPINDI RAWALPINDI G.P.O."
        }
    ],
    "timestamp": "2024-03-21 09:20:37"
}{
    "status": 100,
    "data": [
        {
            "mobile": "3109770294",
            "name": "munfarija",
            "cnic": "1540190543224",
            "address": null
        }
    ],
    "timestamp": "2024-03-21 09:28:25"
}{
    "status": 100,
    "data": [
        {
            "mobile": "3047599343",
            "name": "MUHAMMAD AFTAB .",
            "cnic": "3630126975763",
            "address": "CHAH MAJAWAR WALA DAAK KHANA BAHADUR PUR BATO WAHI TEHSIL JALAL PUR PIRWALA DISTRICT MULTAN  MULT"
        },
        {
            "mobile": "3047599343",
            "name": "KHAWAJA MAZHAR UL HUQ",
            "cnic": "3840103793543",
            "address": "KHAWAJAGAN MIANI TEH BHALWAL DIST SARGOD HAKHAWAJAGAN MIANI TEH BHALWAL DIST SARG Bhalwal"
        }
    ],
    "timestamp": "2024-03-21 09:33:54"
}{
    "status": 100,
    "message": "No record Found",
    "timestamp": "2024-03-21 09:39:00"
}{
    "status": 100,
    "message": "No record Found",
    "timestamp": "2024-03-21 09:46:06"
}{
    "status": 100,
    "message": "No record Found",
    "timestamp": "2024-03-21 09:57:10"
}{
    "status": 100,
    "message": "No record Found",
    "timestamp": "2024-03-21 10:00:50"
}{
    "status": 100,
    "data": [
        {
            "mobile": "3149275565",
            "name": "rahim  ullah",
            "cnic": "1730123478363",
            "address": null
        },
        {
            "mobile": "3429008540",
            "name": "RAHIM ULLAH",
            "cnic": "1730123478363",
            "address": "HOUSE NUMBER 1112 ANDROON ASIYA GATE PESHAWAR"
        },
        {
            "mobile": "3173709300",
            "name": "rahim  ullah",
            "cnic": "1730123478363",
            "address": null
        },
        {
            "mobile": "3109920335",
            "name": "rahim  ullah",
            "cnic": "1730123478363",
            "address": null
        }
    ],
    "timestamp": "2024-03-21 10:06:11"
}{
    "status": 100,
    "data": [
        {
            "mobile": "3098570142",
            "name": "MUHAMMAD ADEEL JAVED .",
            "cnic": "3310510031753",
            "address": null
        },
        {
            "mobile": "3234913310",
            "name": "MUHAMMAD ADEEL JAVED .",
            "cnic": "3310510031753",
            "address": null
        },
        {
            "mobile": "3436831882",
            "name": "MUHAMMAD ADIL JAVEED",
            "cnic": "3310510031753",
            "address": "POST OFFICE KHAS CHAK 210 G B LAKKHAN TEHSIL SUMANDRI ZILAH FAISALABAD"
        }
    ],
    "timestamp": "2024-03-21 10:06:37"
}{
    "status": 100,
    "message": "No record Found",
    "timestamp": "2024-03-21 10:06:57"
}{
    "status": 100,
    "data": [
        {
            "mobile": "3004618684",
            "name": "MUHAMMAD WASEEM RAZA",
            "cnic": "3520209446911",
            "address": "2012 LAHORE CITY MUZAFFAR COLO NY DHOLANWAL LAHORE Lahore"
        },
        {
            "mobile": "3004618684",
            "name": "SHARAFAT ALI .",
            "cnic": "3530148979373",
            "address": null
        }
    ],
    "timestamp": "2024-03-21 10:07:19"
}{
    "status": 100,
    "data": [
        {
            "mobile": "3057779839",
            "name": "Muhammad Hanif Anjum",
            "cnic": "3610351091757",
            "address": null
        }
    ],
    "timestamp": "2024-03-21 10:07:36"
}{
    "status": 100,
    "data": [
        {
            "mobile": "3248979723",
            "name": "LIAQAT ALI",
            "cnic": "3520137278177",
            "address": "HOUSE NUMBER E-656 MOHALA SITARA COLONY 2 CHUNGI AMARSIDHU LAHORE KAIN T DISTRICT LAHORE"
        }
    ],
    "timestamp": "2024-03-21 10:14:05"
}{
    "status": 100,
    "data": [
        {
            "mobile": "3016731140",
            "name": "BASHARAT ALI",
            "cnic": "3840522733383",
            "address": null
        },
        {
            "mobile": "3018633514",
            "name": "BASHARAT ALI",
            "cnic": "3840522733383",
            "address": "KARACHI KARACHI Karachi"
        },
        {
            "mobile": "3417593514",
            "name": "BASHARAT ALI",
            "cnic": "3840522733383",
            "address": "KHAS SILANWALI CHAK NUMBER 133 SOUTH SARGODHA"
        },
        {
            "mobile": "3460632833",
            "name": "BASHARAT ALI",
            "cnic": "3840522733383",
            "address": "KHAS SILANWALI CHAK NUMBER 133 SOUTH SARGODHA"
        }
    ],
    "timestamp": "2024-03-21 10:27:16"
}{
    "status": 100,
    "message": "No record Found",
    "timestamp": "2024-03-21 10:28:53"
}{
    "status": 100,
    "message": "No record Found",
    "timestamp": "2024-03-21 10:29:08"
}{
    "status": 100,
    "message": "No record Found",
    "timestamp": "2024-03-21 10:30:13"
}{
    "status": 100,
    "data": [
        {
            "mobile": "3012131401",
            "name": "ASIF NAWAZ",
            "cnic": "3130364680399",
            "address": "THAHEEM CONSTRUCTION COMPANY PLOT#D-12-B SITE AREA NEAR CHILDREN PARK Kotri"
        }
    ],
    "timestamp": "2024-03-21 10:31:22"
}{
    "status": 100,
    "message": "No record Found",
    "timestamp": "2024-03-21 10:39:14"
}{
    "status": 100,
    "message": "No record Found",
    "timestamp": "2024-03-21 10:45:51"
}{
    "status": 100,
    "message": "No record Found",
    "timestamp": "2024-03-21 11:01:24"
}{
    "status": 100,
    "message": "No record Found",
    "timestamp": "2024-03-21 11:03:24"
}{
    "status": 100,
    "message": "No record Found",
    "timestamp": "2024-03-21 11:03:47"
}{
    "status": 100,
    "message": "No record Found",
    "timestamp": "2024-03-21 11:04:24"
}{
    "status": 100,
    "message": "No record Found",
    "timestamp": "2024-03-21 11:07:42"
}{
    "status": 100,
    "message": "No record Found",
    "timestamp": "2024-03-21 11:08:58"
}{
    "status": 100,
    "message": "No record Found",
    "timestamp": "2024-03-21 11:11:20"
}{
    "status": 100,
    "data": [
        {
            "mobile": "3079362905",
            "name": "MUHAMMAD LUQMAN HAIDER .",
            "cnic": "3620347725905",
            "address": null
        }
    ],
    "timestamp": "2024-03-21 11:12:19"
}{
    "status": 100,
    "data": [
        {
            "mobile": "3125472500",
            "name": "MALIK MANSOR MAZHA",
            "cnic": "3720116277717",
            "address": "HOUSE NO MCB10\/95 EID GAH , BE"
        },
        {
            "mobile": "3005474100",
            "name": "MALIK MANSOOR MAZHAR",
            "cnic": "3720116277717",
            "address": null
        },
        {
            "mobile": "3335484840",
            "name": "MALIK MANSOOR MAZHAR",
            "cnic": "3720116277717",
            "address": "HOSUE NO. 0-10\/95 BEHIND GPO E"
        },
        {
            "mobile": "3125484840",
            "name": "DATA NOT RECIEVED FROM NADRA",
            "cnic": "3720116277717",
            "address": null
        },
        {
            "mobile": "3335482792",
            "name": "MALIK MANSOOR MAZHAR",
            "cnic": "3720116277717",
            "address": "HOSUE NO. 0-10\/95 BEHIND GPO E"
        },
        {
            "mobile": "3125470452",
            "name": "DATA NOT RECIEVED FROM NADRA",
            "cnic": "3720116277717",
            "address": null
        },
        {
            "mobile": "3125482792",
            "name": "DATA NOT RECIEVED FROM NADRA",
            "cnic": "3720116277717",
            "address": null
        },
        {
            "mobile": "3005472052",
            "name": "MALIK MANSOOR MAZHAR",
            "cnic": "3720116277717",
            "address": "H NO MCB 10 95 MOH TALAGANG ROAD TEH DISTT Chakwal"
        },
        {
            "mobile": "3046660319",
            "name": "DPO CHAKWAL",
            "cnic": "3720116277717",
            "address": "DPO OFFICE CHAKWAL DISTRICT COMPLEX Chakwal"
        }
    ],
    "timestamp": "2024-03-21 11:12:56"
}{
    "status": 100,
    "data": [
        {
            "mobile": "3027654508",
            "name": "MOEEN KHALIL .",
            "cnic": "3130191361665",
            "address": null
        },
        {
            "mobile": "3027654508",
            "name": "MUHAMMAD KAMRAN",
            "cnic": "3130476339929",
            "address": "MUJAHID COLONY SADIQ ABAD Rahim Yar Khan"
        }
    ],
    "timestamp": "2024-03-21 11:29:38"
}{
    "status": 100,
    "data": [
        {
            "mobile": "3012305626",
            "name": "MUHAMMAD KAMRAN",
            "cnic": "3130476339929",
            "address": "MUJAHID COLONY SADIQ ABAD Rahim Yar Khan"
        },
        {
            "mobile": "3027656556",
            "name": "MUHAMMAD KAMRAN",
            "cnic": "3130476339929",
            "address": null
        },
        {
            "mobile": "3061240854",
            "name": "MUHAMMAD KAMRAN",
            "cnic": "3130476339929",
            "address": null
        },
        {
            "mobile": "3027654508",
            "name": "MUHAMMAD KAMRAN",
            "cnic": "3130476339929",
            "address": "MUJAHID COLONY SADIQ ABAD Rahim Yar Khan"
        },
        {
            "mobile": "3061528508",
            "name": "MUHAMMAD KAMRAN",
            "cnic": "3130476339929",
            "address": "MUJAHID COLONY SADIQ ABAD Rahim Yar Khan"
        },
        {
            "mobile": "3061238806",
            "name": "MUHAMMAD KAMRAN",
            "cnic": "3130476339929",
            "address": "MUJAHID COLONY SADIQ ABAD Rahim Yar Khan"
        }
    ],
    "timestamp": "2024-03-21 11:30:36"
}{
    "status": 100,
    "data": [
        {
            "mobile": "3319437736",
            "name": "KHURSHID MURAD",
            "cnic": "1420331124031",
            "address": ""
        }
    ],
    "timestamp": "2024-03-21 11:31:49"
}{
    "status": 100,
    "data": [
        {
            "mobile": "3319437736",
            "name": "KHURSHID MURAD",
            "cnic": "1420331124031",
            "address": ""
        },
        {
            "mobile": "3075732720",
            "name": "KHURSHID MURAD",
            "cnic": "1420331124031",
            "address": null
        },
        {
            "mobile": "3469195075",
            "name": "KHURSHID MURAD",
            "cnic": "1420331124031",
            "address": "ZARGARAN TAKHT NUSRATI TAKHT NUSRATI TAKHT NUSRATI"
        },
        {
            "mobile": "3439078754",
            "name": null,
            "cnic": "1420331124031",
            "address": null
        },
        {
            "mobile": "3075730672",
            "name": "KHURSHID MURAD",
            "cnic": "1420331124031",
            "address": "S\/O JAHAN SHAH ZARGARAN TEH AND P\/O T.NASRATI Karak"
        }
    ],
    "timestamp": "2024-03-21 11:32:10"
}{
    "status": 100,
    "data": [
        {
            "mobile": "3007544144",
            "name": "MUHAMMAD IQBAL SHAKIR",
            "cnic": "3310190248525",
            "address": "KHAS CHAK JHAMRAH CHAK NUMBER 144 RAB GHRHTAL KILAAN Faisalabad"
        }
    ],
    "timestamp": "2024-03-21 11:32:51"
}{
    "status": 100,
    "message": "No record Found",
    "timestamp": "2024-03-21 11:36:06"
}{
    "status": 100,
    "message": "No record Found",
    "timestamp": "2024-03-21 11:38:35"
}{
    "status": 100,
    "message": "No record Found",
    "timestamp": "2024-03-21 11:41:22"
}{
    "status": 100,
    "data": [
        {
            "mobile": "3042343824",
            "name": "M ADNAN",
            "cnic": "4210187388337",
            "address": "GALI NO 6 SARGODA  Jhang"
        }
    ],
    "timestamp": "2024-03-21 11:42:29"
}{
    "status": 100,
    "message": "No record Found",
    "timestamp": "2024-03-21 11:48:05"
}{
    "status": 100,
    "data": [
        {
            "mobile": "3007414460",
            "name": "M SAFDAR CHUGHTAI",
            "cnic": "3410305494915",
            "address": "VILLAGE HAMBO KI TEHSIL NOSHEHRA VIRKAAN Gujranwala"
        },
        {
            "mobile": "3456519917",
            "name": "MUHAMMAD SAFDAR",
            "cnic": "3410305494915",
            "address": "ADHO WALI NOWSHERA WARQA HUMBOKI GUJRANWALA"
        }
    ],
    "timestamp": "2024-03-21 11:48:18"
}{
    "status": 100,
    "data": [
        {
            "mobile": "3219752376",
            "name": "ZAHEER HUSSAIN .",
            "cnic": "3540294077911",
            "address": null
        }
    ],
    "timestamp": "2024-03-21 11:48:54"
}{
    "status": 100,
    "message": "No record Found",
    "timestamp": "2024-03-21 11:51:05"
}{
    "status": 100,
    "message": "No record Found",
    "timestamp": "2024-03-21 12:08:04"
}{
    "status": 100,
    "message": "No record Found",
    "timestamp": "2024-03-21 12:08:49"
}{
    "status": 100,
    "message": "No record Found",
    "timestamp": "2024-03-21 12:22:09"
}{
    "status": 100,
    "message": "No record Found",
    "timestamp": "2024-03-21 12:42:15"
}{
    "status": 100,
    "data": [
        {
            "mobile": "3213027876",
            "name": "DATA NOT RECIEVED FROM NADRA",
            "cnic": "3720144054379",
            "address": null
        },
        {
            "mobile": "3462405856",
            "name": "ABID HUSSAIN",
            "cnic": "3720144054379",
            "address": "1 KHAS CHAKWAL BHATTI GOJAR CHAKWAL"
        },
        {
            "mobile": "3425784382",
            "name": "ABID HUSSAIN",
            "cnic": "3720144054379",
            "address": "1 KHAS CHAKWAL BHATTI GOJAR CHAKWAL"
        },
        {
            "mobile": "3105743755",
            "name": "DATA NOT RECIEVED FROM NADRA",
            "cnic": "3720144054379",
            "address": null
        },
        {
            "mobile": "3052485975",
            "name": "ABID HUSSAIN",
            "cnic": "3720144054379",
            "address": "KHAS CHAKWAL BHATI GOJAR CHAKW AL Chakwal"
        },
        {
            "mobile": "3052488023",
            "name": "ABID HUSSAIN",
            "cnic": "3720144054379",
            "address": "KHAS CHAKWAL BHATI GOJAR CHAKW AL Chakwal"
        }
    ],
    "timestamp": "2024-03-21 12:42:26"
}{
    "status": 100,
    "data": [
        {
            "mobile": "3498313390",
            "name": "MUHAMMAD RAFEEQ ANJUM",
            "cnic": "4250169227887",
            "address": "MALEER AYYUB GOTH UNIVERSITY ROAD KARACHI MALEER"
        }
    ],
    "timestamp": "2024-03-21 12:45:59"
}{
    "status": 100,
    "data": [
        {
            "mobile": "3176203682",
            "name": "muhammad  adeel",
            "cnic": "3210252456019",
            "address": null
        }
    ],
    "timestamp": "2024-03-21 12:46:25"
}{
    "status": 100,
    "data": [
        {
            "mobile": "3328392703",
            "name": "ZAHEER AHMAD",
            "cnic": "3460269155959",
            "address": "DAAK KHANA KHAS MUSA PUR TEHSI"
        }
    ],
    "timestamp": "2024-03-21 12:46:47"
}{
    "status": 100,
    "message": "No record Found",
    "timestamp": "2024-03-21 13:09:46"
}{
    "status": 100,
    "data": [
        {
            "mobile": "3008881292",
            "name": "MUHAMMAD WASEEM ASGHAR .",
            "cnic": "3650167892863",
            "address": "1 CHICHA WATNI CHEEMA TOWN CHICHA WATNI  SAHIWAL7 CHICHA WATNI 12 CHICHA WATNI SA Sahiwaa"
        }
    ],
    "timestamp": "2024-03-21 13:40:44"
}{
    "status": 100,
    "data": [
        {
            "mobile": "3001278179",
            "name": "NASIR ALI .",
            "cnic": "3650106372267",
            "address": null
        }
    ],
    "timestamp": "2024-03-21 13:41:08"
}{
    "status": 100,
    "message": "No record Found",
    "timestamp": "2024-03-21 13:41:22"
}{
    "status": 100,
    "data": [
        {
            "mobile": "3053455268",
            "name": "NISAR AHMAD .",
            "cnic": "3650155741047",
            "address": null
        },
        {
            "mobile": "3053455268",
            "name": "HAJI",
            "cnic": "4130351632059",
            "address": "GOTH ALLAH BUX RIND HYD Hyderabad"
        }
    ],
    "timestamp": "2024-03-21 13:41:39"
}{
    "status": 100,
    "message": "No record Found",
    "timestamp": "2024-03-21 13:49:05"
}{
    "status": 100,
    "data": [
        {
            "mobile": "3106183967",
            "name": "MUHAMMAD YASIR NASIR .",
            "cnic": "3620120940905",
            "address": "village ahmed bhan SAKRAND City SHAHEED BENAZIR ABAD Lahore"
        }
    ],
    "timestamp": "2024-03-21 13:51:17"
}{
    "status": 100,
    "message": "No record Found",
    "timestamp": "2024-03-21 13:51:40"
}{
    "status": 100,
    "message": "No record Found",
    "timestamp": "2024-03-21 13:51:52"
}{
    "status": 100,
    "data": [
        {
            "mobile": "3473999334",
            "name": null,
            "cnic": "3710288919605",
            "address": null
        }
    ],
    "timestamp": "2024-03-21 14:09:02"
}{
    "status": 100,
    "message": "No record Found",
    "timestamp": "2024-03-21 14:09:26"
}{
    "status": 100,
    "data": [
        {
            "mobile": "3002933622",
            "name": "MUHAMMAD IRFAN",
            "cnic": "3410178997467",
            "address": null
        },
        {
            "mobile": "3067310053",
            "name": "MUHAMMAD IRFAN",
            "cnic": "3410178997467",
            "address": "1 7 RAJA RAMZAN WALI GUJRANWAL A SUNDAR NAGR GUJRANWALA GUJRA Lahore"
        },
        {
            "mobile": "3476159208",
            "name": "MUHAMMAD IRFAN",
            "cnic": "3410178997467",
            "address": "RAJA RAMZAN WALI GUJRANWALA SUNDAR NAGR GUJRANWALA"
        },
        {
            "mobile": "3157762631",
            "name": "Muhammad  Irfan",
            "cnic": "3410178997467",
            "address": null
        },
        {
            "mobile": "3157665510",
            "name": "Muhammad  Irfan",
            "cnic": "3410178997467",
            "address": null
        },
        {
            "mobile": "3002039091",
            "name": "AIR VIEW INTERNATIONAL TRAVEL & TOURS",
            "cnic": "3410178997467",
            "address": "AIR VIEW INTERNATIONAL OFFICE No 36 JINNAH STADIUM"
        },
        {
            "mobile": "3067308005",
            "name": "MUHAMMAD IRFAN",
            "cnic": "3410178997467",
            "address": "1 7 RAJA RAMZAN WALI GUJRANWAL A SUNDAR NAGR GUJRANWALA GUJRA Lahore"
        }
    ],
    "timestamp": "2024-03-21 14:13:01"
}{
    "status": 100,
    "data": [
        {
            "mobile": "3096887790",
            "name": "WAQAS AHMAD .",
            "cnic": "3510403496689",
            "address": null
        }
    ],
    "timestamp": "2024-03-21 14:29:04"
}{
    "status": 100,
    "message": "No record Found",
    "timestamp": "2024-03-21 14:29:50"
}{
    "status": 100,
    "message": "No record Found",
    "timestamp": "2024-03-21 14:36:07"
}{
    "status": 100,
    "data": [
        {
            "mobile": "3006063512",
            "name": "IJAZ AHMED",
            "cnic": "3840195498095",
            "address": "ISLAMABAD ISLAMABAD Islamabad"
        }
    ],
    "timestamp": "2024-03-21 14:36:24"
}{
    "status": 100,
    "message": "No record Found",
    "timestamp": "2024-03-21 14:39:14"
}{
    "status": 100,
    "message": "No record Found",
    "timestamp": "2024-03-21 14:52:24"
}{
    "status": 100,
    "data": [
        {
            "mobile": "3096887790",
            "name": "WAQAS AHMAD .",
            "cnic": "3510403496689",
            "address": null
        },
        {
            "mobile": "3434272215",
            "name": "WAQAS AHMED",
            "cnic": "3510403496689",
            "address": "BHACHOKI MAHJA DAAK KHANA KHAS RAIWAND DISTRICT LA"
        },
        {
            "mobile": "3138958958",
            "name": "DATA NOT RECIEVED FROM NADRA",
            "cnic": "3510403496689",
            "address": null
        }
    ],
    "timestamp": "2024-03-21 14:53:30"
}{
    "status": 100,
    "data": [
        {
            "mobile": "3462720800",
            "name": "MUHAMMAD JAVED MUGHAL",
            "cnic": "3410188813607",
            "address": "KOT SHERA GUJRANWALA MUNDIYALA MIR SHAKA RAN GUJRA"
        }
    ],
    "timestamp": "2024-03-21 14:57:58"
}{
    "status": 100,
    "data": [
        {
            "mobile": "3170761603",
            "name": "muhammad javaid mughal",
            "cnic": "3410188813607",
            "address": "Post-PAID"
        },
        {
            "mobile": "3156056602",
            "name": "muhammad javaid mughal",
            "cnic": "3410188813607",
            "address": null
        },
        {
            "mobile": "3438869641",
            "name": "MUHAMMAD JAVED MUGHAL",
            "cnic": "3410188813607",
            "address": "KOT SHERA GUJRANWALA MUNDIYALA MIR SHAKA RAN GUJRA"
        },
        {
            "mobile": "3462720800",
            "name": "MUHAMMAD JAVED MUGHAL",
            "cnic": "3410188813607",
            "address": "KOT SHERA GUJRANWALA MUNDIYALA MIR SHAKA RAN GUJRA"
        },
        {
            "mobile": "3466056602",
            "name": "MUHAMMAD JAVED MUGHAL",
            "cnic": "3410188813607",
            "address": "KOT SHERA GUJRANWALA MUNDIYALA MIR SHAKA RAN GUJRA"
        }
    ],
    "timestamp": "2024-03-21 14:58:31"
}{
    "status": 100,
    "message": "No record Found",
    "timestamp": "2024-03-21 15:14:21"
}{
    "status": 100,
    "data": [
        {
            "mobile": "3436806507",
            "name": "MUHAMMAD BUTA",
            "cnic": "3540156619403",
            "address": "MUREEDKAY FEROZ WALA NANGAL KASWALA SHEKHUPURA"
        }
    ],
    "timestamp": "2024-03-21 15:34:48"
}{
    "status": 100,
    "message": "No record Found",
    "timestamp": "2024-03-21 15:39:57"
}{
    "status": 100,
    "message": "No record Found",
    "timestamp": "2024-03-21 15:50:31"
}{
    "status": 100,
    "message": "No record Found",
    "timestamp": "2024-03-21 16:08:43"
}{
    "status": 100,
    "message": "No record Found",
    "timestamp": "2024-03-21 16:27:09"
}{
    "status": 100,
    "data": [
        {
            "mobile": "3327848480",
            "name": "KASHIF ABBAS",
            "cnic": "3230411477945",
            "address": ""
        }
    ],
    "timestamp": "2024-03-21 16:27:15"
}{
    "status": 100,
    "data": [
        {
            "mobile": "3214262351",
            "name": "MUHAMMAD BILAL MARWAT",
            "cnic": "8240162275775",
            "address": null
        }
    ],
    "timestamp": "2024-03-21 16:28:15"
}{
    "status": 100,
    "data": [
        {
            "mobile": "3002664807",
            "name": "AMANAT ALI .",
            "cnic": "4520554686233",
            "address": null
        }
    ],
    "timestamp": "2024-03-21 16:29:19"
}{
    "status": 100,
    "message": "No record Found",
    "timestamp": "2024-03-21 16:30:01"
}{
    "status": 100,
    "message": "No record Found",
    "timestamp": "2024-03-21 16:30:10"
}{
    "status": 100,
    "message": "No record Found",
    "timestamp": "2024-03-21 16:49:35"
}{
    "status": 100,
    "message": "No record Found",
    "timestamp": "2024-03-21 16:53:48"
}{
    "status": 100,
    "message": "No record Found",
    "timestamp": "2024-03-21 16:55:44"
}{
    "status": 100,
    "message": "No record Found",
    "timestamp": "2024-03-21 16:55:59"
}{
    "status": 100,
    "message": "No record Found",
    "timestamp": "2024-03-21 17:00:41"
}{
    "status": 100,
    "message": "No record Found",
    "timestamp": "2024-03-21 17:17:37"
}{
    "status": 100,
    "data": [
        {
            "mobile": "3421934665",
            "name": "SADDAM HUSSAIN",
            "cnic": "1530374609971",
            "address": "GHORHAH BANDA DAAK KHANA SAMAR BAGH KAMBAT TEHSIL"
        },
        {
            "mobile": "3421934665",
            "name": null,
            "cnic": "3320231961379",
            "address": null
        }
    ],
    "timestamp": "2024-03-21 17:22:25"
}{
    "status": 100,
    "data": [
        {
            "mobile": "3045151043",
            "name": "GHULAM ALI .",
            "cnic": "3740590637229",
            "address": "JHELUM KINYAL POST OFFICE LONAN JHELUM  JHELUM G.P.O."
        }
    ],
    "timestamp": "2024-03-21 17:27:43"
}{
    "status": 100,
    "data": [
        {
            "mobile": "3071564714",
            "name": "Information Related",
            "cnic": "3640110499281",
            "address": null
        }
    ],
    "timestamp": "2024-03-21 18:06:27"
}{
    "status": 100,
    "message": "No record Found",
    "timestamp": "2024-03-21 18:10:42"
}{
    "status": 100,
    "data": [
        {
            "mobile": "3370395002",
            "name": "NASREEN B B",
            "cnic": "1710183338302",
            "address": "DAAK KHANA SAR DARIYAB GUL AA"
        }
    ],
    "timestamp": "2024-03-21 18:15:01"
}{
    "status": 100,
    "data": [
        {
            "mobile": "3013817747",
            "name": "MUNAWAR HUSSAIN",
            "cnic": "3660209781701",
            "address": "CHAK NO 81\/F HASILPUR Multan"
        },
        {
            "mobile": "3013817747",
            "name": "MUHAMMAD ANWAR",
            "cnic": "4540294219961",
            "address": "GOTH JAAN MUHAMMAD BRWHEESAEED KHAN JAMALI NAWAB SHAH 88 NUS Bahawal Pur"
        }
    ],
    "timestamp": "2024-03-21 18:40:54"
}{
    "status": 100,
    "data": [
        {
            "mobile": "3037893250",
            "name": "AHMAR SHAREEF CHOUDRY .",
            "cnic": "3660390996913",
            "address": "HOUSE NUMBER 352 STREET NUMBER 4 MOHALA A SHARKI COLONY BLOCK SAODRAN VEHARI WAH"
        }
    ],
    "timestamp": "2024-03-21 18:41:38"
}{
    "status": 100,
    "data": [
        {
            "mobile": "3222297011",
            "name": "LACHI .",
            "cnic": "4410244637904",
            "address": null
        }
    ],
    "timestamp": "2024-03-21 18:50:39"
}{
    "status": 100,
    "data": [
        {
            "mobile": "3035089289",
            "name": "RUBAB HASHMI .",
            "cnic": "3310520800034",
            "address": "HOUSE NUMBER A-50 STREET NUMBER 31 CHAK KKI BAZAAR SUMANDRI DISTRICT FAISAL ABA FAISALABAD G.P.O."
        }
    ],
    "timestamp": "2024-03-21 18:52:28"
}{
    "status": 100,
    "message": "No record Found",
    "timestamp": "2024-03-21 19:20:29"
}{
    "status": 100,
    "data": [
        {
            "mobile": "3320453990",
            "name": "RIYASAT ALI",
            "cnic": "3410192927419",
            "address": "GUJARANWALA THAKAR DWAARH RAHW"
        }
    ],
    "timestamp": "2024-03-21 20:24:08"
}{
    "status": 100,
    "message": "No record Found",
    "timestamp": "2024-03-21 20:32:56"
}{
    "timestamp": "2024-03-21 22:45:27"
}{
    "status": 100,
    "data": [
        {
            "mobile": "3496863564",
            "name": "IBRAR KHAN",
            "cnic": "3830194181363",
            "address": "DAAK KHANA KALA BAGH KACHH TANDAR KHEL TEHSIL EESA"
        }
    ],
    "timestamp": "2024-03-21 23:51:34"
}{
    "status": 100,
    "data": [
        {
            "mobile": "3315559666",
            "name": "MUHAMMAD ASIF",
            "cnic": "6110182444683",
            "address": ""
        }
    ],
    "timestamp": "2024-03-21 23:54:25"
}