{
    "status": 100,
    "data": [
        {
            "mobile": "3434219060",
            "name": "SHAMEEM AKHTAR",
            "cnic": "3840327183772",
            "address": "KHAS SARGODHA LADAY WALA CHAK NUMBER 52 A N B SARG"
        }
    ],
    "timestamp": "2024-03-22 00:16:21"
}{
    "status": 100,
    "data": [
        {
            "mobile": "3241043834",
            "name": "SAQIB KHAN",
            "cnic": "3410384837049",
            "address": null
        }
    ],
    "timestamp": "2024-03-22 00:46:48"
}{
    "status": 100,
    "data": [
        {
            "mobile": "3487331150",
            "name": "RAZIA B B",
            "cnic": "3310041689048",
            "address": "KHAS FAISAL ABAD CHAK NUMBER 232 RAB RASALEWALA FA"
        }
    ],
    "timestamp": "2024-03-22 02:22:38"
}{
    "status": 100,
    "data": [
        {
            "mobile": "3046973166",
            "name": "RAZIA B B .",
            "cnic": "3310041689048",
            "address": null
        },
        {
            "mobile": "3481792581",
            "name": "RAZIA B B",
            "cnic": "3310041689048",
            "address": "KHAS FAISAL ABAD CHAK NUMBER 232 RAB RASALEWALA FA"
        },
        {
            "mobile": "3487331150",
            "name": "RAZIA B B",
            "cnic": "3310041689048",
            "address": "KHAS FAISAL ABAD CHAK NUMBER 232 RAB RASALEWALA FA"
        },
        {
            "mobile": "3046971118",
            "name": "RAZIA B B .",
            "cnic": "3310041689048",
            "address": "KHAS FAISAL ABAD CHAK NUMBER 232 RAB DJJ ALEWALA FAISAL ABAD Faisalabad"
        },
        {
            "mobile": "3037132859",
            "name": "RAZIA B B .",
            "cnic": "3310041689048",
            "address": "KHAS FAISAL ABAD CHAK NUMBER 232 RAB DJJ ALEWALA FAISAL ABAD Faisalabad"
        }
    ],
    "timestamp": "2024-03-22 02:24:06"
}{
    "status": 100,
    "data": [
        {
            "mobile": "4236630800",
            "name": "SYED WASIM ABAS SHAH",
            "cnic": "3540134919407",
            "address": null
        },
        {
            "mobile": "3404453302",
            "name": "SYED WASEEM ABBAS SHAH",
            "cnic": "3540134919407",
            "address": "KHAS FEROZ WALA DHAMAKAY SHEKHUPURA"
        },
        {
            "mobile": "3009810094",
            "name": "SYED WASEEM ABBAS SHAH",
            "cnic": "3540134919407",
            "address": "KHAS FEROZ WALA DHAMAKAY SHEKHUPURA"
        },
        {
            "mobile": "3484472814",
            "name": "SYED WASEEM ABBAS SHAH",
            "cnic": "3540134919407",
            "address": "KHAS FEROZ WALA DHAMAKAY SHEKHUPURA"
        },
        {
            "mobile": "3454907168",
            "name": "SYED WASEEM ABBAS SHAH",
            "cnic": "3540134919407",
            "address": "KHAS FEROZ WALA DHAMAKAY SHEKHUPURA"
        },
        {
            "mobile": "3227200890",
            "name": "SYED WASEEM ABBAS SH",
            "cnic": "3540134919407",
            "address": null
        },
        {
            "mobile": "3227198842",
            "name": "SYED WASEEM ABBAS SH",
            "cnic": "3540134919407",
            "address": "KHAS FEROZ WALA DHAMAKAY SHEIK HUPURA Sheikhupura"
        }
    ],
    "timestamp": "2024-03-22 03:13:29"
}{
    "status": 100,
    "message": "No record Found",
    "timestamp": "2024-03-22 03:18:08"
}{
    "status": 100,
    "message": "No record Found",
    "timestamp": "2024-03-22 03:32:22"
}{
    "status": 100,
    "message": "No record Found",
    "timestamp": "2024-03-22 03:32:32"
}{
    "status": 100,
    "message": "No record Found",
    "timestamp": "2024-03-22 03:32:39"
}{
    "status": 100,
    "message": "No record Found",
    "timestamp": "2024-03-22 03:32:53"
}{
    "status": 100,
    "message": "No record Found",
    "timestamp": "2024-03-22 03:33:08"
}{
    "status": 100,
    "message": "No record Found",
    "timestamp": "2024-03-22 03:33:17"
}{
    "status": 100,
    "message": "No record Found",
    "timestamp": "2024-03-22 03:33:28"
}{
    "status": 100,
    "message": "No record Found",
    "timestamp": "2024-03-22 03:33:40"
}{
    "status": 100,
    "message": "No record Found",
    "timestamp": "2024-03-22 03:33:53"
}{
    "status": 100,
    "message": "No record Found",
    "timestamp": "2024-03-22 03:34:03"
}{
    "status": 100,
    "data": [
        {
            "mobile": "3036448912",
            "name": "KALEEM ALLAH",
            "cnic": "3240333672691",
            "address": "ROJHAAN ROJHAAN QADIRA RAJAN PUR"
        }
    ],
    "timestamp": "2024-03-22 03:34:11"
}{
    "status": 100,
    "data": [
        {
            "mobile": "3371412135",
            "name": "MANZOOR",
            "cnic": "3650199377717",
            "address": "DAAK KHANA KHAS CHAK NUMBER 99"
        }
    ],
    "timestamp": "2024-03-22 03:34:29"
}{
    "status": 100,
    "data": [
        {
            "mobile": "3371412135",
            "name": "MANZOOR",
            "cnic": "3650199377717",
            "address": "DAAK KHANA KHAS CHAK NUMBER 99"
        }
    ],
    "timestamp": "2024-03-22 03:35:16"
}{
    "status": 100,
    "message": "No record Found",
    "timestamp": "2024-03-22 03:47:16"
}{
    "status": 100,
    "message": "No record Found",
    "timestamp": "2024-03-22 04:09:48"
}{
    "status": 100,
    "message": "No record Found",
    "timestamp": "2024-03-22 04:15:59"
}{
    "status": 100,
    "message": "No record Found",
    "timestamp": "2024-03-22 04:39:17"
}{
    "status": 100,
    "message": "No record Found",
    "timestamp": "2024-03-22 04:56:47"
}{
    "status": 100,
    "message": "No record Found",
    "timestamp": "2024-03-22 05:10:37"
}{
    "status": 100,
    "message": "No record Found",
    "timestamp": "2024-03-22 05:11:00"
}{
    "status": 100,
    "message": "No record Found",
    "timestamp": "2024-03-22 05:11:15"
}{
    "status": 100,
    "message": "No record Found",
    "timestamp": "2024-03-22 05:11:28"
}{
    "status": 100,
    "message": "No record Found",
    "timestamp": "2024-03-22 05:11:41"
}{
    "status": 100,
    "message": "No record Found",
    "timestamp": "2024-03-22 05:11:58"
}{
    "status": 100,
    "message": "No record Found",
    "timestamp": "2024-03-22 05:12:09"
}{
    "status": 100,
    "data": [
        {
            "mobile": "3473999334",
            "name": null,
            "cnic": "3710288919605",
            "address": null
        }
    ],
    "timestamp": "2024-03-22 05:12:25"
}{
    "status": 100,
    "data": [
        {
            "mobile": "3425178304",
            "name": null,
            "cnic": "1310136260930",
            "address": null
        }
    ],
    "timestamp": "2024-03-22 05:12:47"
}{
    "status": 100,
    "data": [
        {
            "mobile": "3138273736",
            "name": "DATA NOT RECIEVED FROM NADRA",
            "cnic": "4230178793736",
            "address": null
        }
    ],
    "timestamp": "2024-03-22 05:13:43"
}{
    "status": 100,
    "message": "No record Found",
    "timestamp": "2024-03-22 05:14:12"
}{
    "status": 100,
    "data": [
        {
            "mobile": "3491151840",
            "name": "",
            "cnic": "CP11391149001",
            "address": null
        }
    ],
    "timestamp": "2024-03-22 05:23:46"
}{
    "status": 100,
    "data": [
        {
            "mobile": "3214262351",
            "name": "MUHAMMAD BILAL MARWAT",
            "cnic": "8240162275775",
            "address": null
        }
    ],
    "timestamp": "2024-03-22 05:33:42"
}{
    "status": 100,
    "data": [
        {
            "mobile": "3484452895",
            "name": "MUHAMMAD BILAL MARWAT",
            "cnic": "8240162275775",
            "address": "1 PALANDRI PALANDRI NAKAR JHANDA BAGLAA 8241"
        },
        {
            "mobile": "3485380857",
            "name": "MUHAMMAD BILAL MARWAT",
            "cnic": "8240162275775",
            "address": "1 PALANDRI PALANDRI NAKAR JHANDA BAGLAA 8241"
        },
        {
            "mobile": "3214262351",
            "name": "MUHAMMAD BILAL MARWAT",
            "cnic": "8240162275775",
            "address": null
        },
        {
            "mobile": "3225442581",
            "name": "MUHAMMAD BILAL MARWAT",
            "cnic": "8240162275775",
            "address": null
        },
        {
            "mobile": "3410681994",
            "name": null,
            "cnic": "8240162275775",
            "address": null
        }
    ],
    "timestamp": "2024-03-22 05:33:54"
}{
    "status": 100,
    "message": "No record Found",
    "timestamp": "2024-03-22 05:40:16"
}{
    "status": 100,
    "data": [
        {
            "mobile": "3400440251",
            "name": null,
            "cnic": "3540404425159",
            "address": null
        },
        {
            "mobile": "3400440251",
            "name": "MUHAMMAD ZOHAIB IHSAN",
            "cnic": "4530448139581",
            "address": "WARID NUMBER 7 MOHALA DOCTOR SHABBIR PARO DARYA KH"
        }
    ],
    "timestamp": "2024-03-22 05:42:37"
}{
    "status": 100,
    "data": [
        {
            "mobile": "3213197216",
            "name": "FIDA HUSSAIN .",
            "cnic": "3540404425159",
            "address": null
        },
        {
            "mobile": "3213951054",
            "name": "FIDA HUSSAIN .",
            "cnic": "3540404425159",
            "address": null
        },
        {
            "mobile": "3444404571",
            "name": "FIDA HUSSAIN",
            "cnic": "3540404425159",
            "address": "POST OFFICE DARS WALI APROCH ROAD FAROOQ ABAD TEHSIL SHEIKHU PURA ZILAH SHEKHUPURA"
        },
        {
            "mobile": "3400440251",
            "name": null,
            "cnic": "3540404425159",
            "address": null
        }
    ],
    "timestamp": "2024-03-22 05:43:36"
}{
    "status": 100,
    "message": "No record Found",
    "timestamp": "2024-03-22 06:01:12"
}{
    "status": 100,
    "message": "No record Found",
    "timestamp": "2024-03-22 06:17:07"
}{
    "status": 100,
    "data": [
        {
            "mobile": "3414832241",
            "name": null,
            "cnic": "3720314283831",
            "address": null
        }
    ],
    "timestamp": "2024-03-22 06:39:07"
}{
    "status": 100,
    "data": [
        {
            "mobile": "3496717127",
            "name": "MUHAMMAD IRFAN",
            "cnic": "3330362506509",
            "address": "1 59-A LAHORE BABU SUNNAT NAGR LAHORE LAHORE"
        }
    ],
    "timestamp": "2024-03-22 06:44:28"
}{
    "status": 100,
    "data": [
        {
            "mobile": "3496717127",
            "name": "MUHAMMAD IRFAN",
            "cnic": "3330362506509",
            "address": "1 59-A LAHORE BABU SUNNAT NAGR LAHORE LAHORE"
        }
    ],
    "timestamp": "2024-03-22 06:44:42"
}{
    "status": 100,
    "data": [
        {
            "mobile": "3018812644",
            "name": "MUHAMMAD REHMAN .",
            "cnic": "1420359502359",
            "address": "SHAH SALEEM BANDA TAKHT NUSRATI BANJAKH  BANDA SHANOH GUDDI KHAIL KARAK Karak"
        },
        {
            "mobile": "3018812644",
            "name": "ALWACH H .",
            "cnic": "1710281696778",
            "address": null
        }
    ],
    "timestamp": "2024-03-22 06:45:46"
}{
    "status": 100,
    "message": "No record Found",
    "timestamp": "2024-03-22 06:46:53"
}{
    "status": 100,
    "message": "No record Found",
    "timestamp": "2024-03-22 06:50:04"
}{
    "status": 100,
    "message": "No record Found",
    "timestamp": "2024-03-22 06:58:24"
}{
    "status": 100,
    "message": "No record Found",
    "timestamp": "2024-03-22 07:00:58"
}{
    "status": 100,
    "data": [
        {
            "mobile": "3412009907",
            "name": "MUHAMMAD RASHID",
            "cnic": "4240174436449",
            "address": "A-82 ZUBAIRI COLONY MANGHOPIR ROAD SITE KARACHI GH"
        }
    ],
    "timestamp": "2024-03-22 07:03:21"
}{
    "status": 100,
    "message": "No record Found",
    "timestamp": "2024-03-22 07:13:37"
}{
    "status": 100,
    "message": "No record Found",
    "timestamp": "2024-03-22 07:18:51"
}{
    "status": 100,
    "data": [
        {
            "mobile": "3048414698",
            "name": "MUHAMMAD AHMED .",
            "cnic": "3310556208965",
            "address": null
        },
        {
            "mobile": "3063308260",
            "name": "MUHAMMAD AHMED .",
            "cnic": "3310556208965",
            "address": null
        },
        {
            "mobile": "3428882511",
            "name": null,
            "cnic": "3310556208965",
            "address": null
        },
        {
            "mobile": "3048412650",
            "name": "MUHAMMAD AHMED .",
            "cnic": "3310556208965",
            "address": "ADDA MUREED WALA 196 G B MOHALA ISLAM PURA SUMANDRI DISTRICT FAISALABAD  PAKISTAN"
        }
    ],
    "timestamp": "2024-03-22 07:22:37"
}{
    "status": 100,
    "message": "No record Found",
    "timestamp": "2024-03-22 07:39:50"
}{
    "status": 100,
    "data": [
        {
            "mobile": "3467955366",
            "name": null,
            "cnic": "3520252551795",
            "address": null
        }
    ],
    "timestamp": "2024-03-22 08:01:46"
}{
    "status": 100,
    "data": [
        {
            "mobile": "3365522185",
            "name": "sifat ullah",
            "cnic": "2150643631207",
            "address": ", Dawar, Ali Zai City DANDE DA"
        }
    ],
    "timestamp": "2024-03-22 08:02:09"
}{
    "status": 100,
    "message": "No record Found",
    "timestamp": "2024-03-22 08:04:41"
}{
    "status": 100,
    "message": "No record Found",
    "timestamp": "2024-03-22 08:05:18"
}{
    "status": 100,
    "message": "No record Found",
    "timestamp": "2024-03-22 08:25:49"
}{
    "status": 100,
    "message": "No record Found",
    "timestamp": "2024-03-22 08:41:13"
}{
    "status": 100,
    "data": [
        {
            "mobile": "3153233038",
            "name": "MALIK SHAHID",
            "cnic": "1730148704719",
            "address": "DAAK KHANA TEERAI PAAYAAN PAJGI TEHSIL PESHAWAR DI"
        },
        {
            "mobile": "3153233038",
            "name": "sharmete  jeeti",
            "cnic": "4110331527168",
            "address": null
        }
    ],
    "timestamp": "2024-03-22 08:57:01"
}{
    "status": 100,
    "message": "No record Found",
    "timestamp": "2024-03-22 09:15:12"
}{
    "status": 100,
    "data": [
        {
            "mobile": "3145209751",
            "name": "ghulam  muhammad",
            "cnic": "5620169832641",
            "address": null
        }
    ],
    "timestamp": "2024-03-22 09:16:36"
}{
    "status": 100,
    "message": "No record Found",
    "timestamp": "2024-03-22 09:17:06"
}{
    "status": 100,
    "data": [
        {
            "mobile": "3351946770",
            "name": "KWSRNWREEN",
            "cnic": "1420298955848",
            "address": "TARKHA KEHOI KARAK TARKHA KOI"
        },
        {
            "mobile": "3489516506",
            "name": "KAUSAR NOREEN",
            "cnic": "1420298955848",
            "address": "TARKHA KEHOI KARAK TARKHA KOI KARAK"
        },
        {
            "mobile": "3351944722",
            "name": "KWSRNWREEN",
            "cnic": "1420298955848",
            "address": "TARKHA KEHOI KARAK TARKHA KOI"
        }
    ],
    "timestamp": "2024-03-22 09:24:17"
}{
    "status": 100,
    "message": "No record Found",
    "timestamp": "2024-03-22 09:24:39"
}{
    "status": 100,
    "message": "No record Found",
    "timestamp": "2024-03-22 09:26:07"
}{
    "status": 100,
    "message": "No record Found",
    "timestamp": "2024-03-22 09:26:15"
}{
    "status": 100,
    "message": "No record Found",
    "timestamp": "2024-03-22 09:35:47"
}{
    "status": 100,
    "message": "No record Found",
    "timestamp": "2024-03-22 09:35:58"
}{
    "status": 100,
    "data": [
        {
            "mobile": "3224100234",
            "name": "AMEER ALI .",
            "cnic": "3520230240719",
            "address": null
        }
    ],
    "timestamp": "2024-03-22 09:39:06"
}{
    "status": 100,
    "data": [
        {
            "mobile": "3322278568",
            "name": "SYED ASIF JAMAL YOUSAF",
            "cnic": "4220181292905",
            "address": "B-72  10-A CENTRAL GORIMENT OF"
        },
        {
            "mobile": "3332448282",
            "name": "SYED ASIF JAMAL YOUSAF",
            "cnic": "4220181292905",
            "address": "B-72 KARACHI NAZIMABAD SHARKI"
        },
        {
            "mobile": "3323212605",
            "name": "Syed Asif Jamal Yousuf",
            "cnic": "4220181292905",
            "address": "B 72 Bl 10 A Central Govt Off"
        },
        {
            "mobile": "3172217328",
            "name": "Not Available",
            "cnic": "4220181292905",
            "address": "Post-PAID"
        }
    ],
    "timestamp": "2024-03-22 09:40:27"
}{
    "status": 100,
    "data": [
        {
            "mobile": "3002228404",
            "name": "MUHAMMAD AWAIS .",
            "cnic": "3330144181527",
            "address": "P-5 2 GOJRA JINNAH PARK GOJRA TOBA TEK  TOBA TAKE SINGH  G.P.O."
        },
        {
            "mobile": "3002228404",
            "name": "ABDUL RAZZAQ",
            "cnic": "3530105581101",
            "address": null
        }
    ],
    "timestamp": "2024-03-22 09:44:13"
}{
    "status": 100,
    "data": [
        {
            "mobile": "3440442143",
            "name": "MUHAMMAD ARSHAD",
            "cnic": "3540339559537",
            "address": "DAAK KHANA KHAS JATARI KOHNA TEHSIL SAFDARABAD DIS"
        }
    ],
    "timestamp": "2024-03-22 09:44:37"
}{
    "status": 100,
    "data": [
        {
            "mobile": "3352033961",
            "name": "Rehman Ul Haq",
            "cnic": "4210185555825",
            "address": "House No 4-b-5\/17 Nazimabad Ci"
        },
        {
            "mobile": "3002181080",
            "name": "REHMAN ALHAQ",
            "cnic": "4210185555825",
            "address": null
        },
        {
            "mobile": "3452128730",
            "name": "REHMAN ALHAQ",
            "cnic": "4210185555825",
            "address": "4-B-5\/17 KARACHI WASTI NAZIM ABAD KARACHI KARACHI"
        },
        {
            "mobile": "3212033960",
            "name": "RAHMAN UL HAQ",
            "cnic": "4210185555825",
            "address": "HOUSE NO 4-B-5\/17 NAZIMABAD CI"
        },
        {
            "mobile": "3212031912",
            "name": "RAHMAN UL HAQ",
            "cnic": "4210185555825",
            "address": "HOUSE NO 4-B-5\/17 NAZIMABAD CI"
        },
        {
            "mobile": "3002179032",
            "name": "REHMAN ALHAQ",
            "cnic": "4210185555825",
            "address": "-B-5\/17 KARACHI NAZIMABAD WAST I NAZIM ABAD KARACHI WASTI Lahore"
        }
    ],
    "timestamp": "2024-03-22 09:48:04"
}{
    "status": 100,
    "data": [
        {
            "mobile": "3111431596",
            "name": "Ameer  Ali",
            "cnic": "3520230240719",
            "address": null
        },
        {
            "mobile": "3224100234",
            "name": "AMEER ALI .",
            "cnic": "3520230240719",
            "address": null
        },
        {
            "mobile": "3444806381",
            "name": "AMEER ALI .",
            "cnic": "3520230240719",
            "address": "STREET \/ MOHALA AHMAD ABAD MAANGA MANDI I TEHSIL LAHORE CITY DISTRICT LAHORE G.P.O"
        },
        {
            "mobile": "3111429548",
            "name": "Ameer  Ali",
            "cnic": "3520230240719",
            "address": null
        }
    ],
    "timestamp": "2024-03-22 09:49:36"
}{
    "status": 100,
    "message": "No record Found",
    "timestamp": "2024-03-22 09:55:28"
}{
    "status": 100,
    "data": [
        {
            "mobile": "3417646493",
            "name": "IMRAN TALIB",
            "cnic": "3320385732899",
            "address": "KHAS SHORKOT CHAK NUMBER 493 J B JHANG"
        }
    ],
    "timestamp": "2024-03-22 09:58:22"
}{
    "status": 100,
    "message": "No record Found",
    "timestamp": "2024-03-22 10:00:09"
}{
    "status": 100,
    "data": [
        {
            "mobile": "3226178123",
            "name": "FATIMA BIBI .",
            "cnic": "3630303053094",
            "address": null
        }
    ],
    "timestamp": "2024-03-22 10:01:41"
}{
    "status": 100,
    "data": [
        {
            "mobile": "3113878688",
            "name": "Mina  Khatoon",
            "cnic": "4320548440726",
            "address": null
        }
    ],
    "timestamp": "2024-03-22 10:02:17"
}{
    "status": 100,
    "message": "No record Found",
    "timestamp": "2024-03-22 10:09:49"
}{
    "status": 100,
    "message": "No record Found",
    "timestamp": "2024-03-22 10:10:14"
}{
    "status": 100,
    "data": [
        {
            "mobile": "3349969669",
            "name": "MASOOD AL RAHMAN KHAN",
            "cnic": "1210109592553",
            "address": "HOUSE NUMBER E\/39 MOHALA FATEH"
        }
    ],
    "timestamp": "2024-03-22 10:23:24"
}{
    "status": 100,
    "data": [
        {
            "mobile": "3339961662",
            "name": "MASOOD AL RAHMAN KHAN",
            "cnic": "1210109592553",
            "address": ""
        },
        {
            "mobile": "3306978482",
            "name": "MASOOD AL RAHMAN KHAN",
            "cnic": "1210109592553",
            "address": "HOUSE NUMBER E\/39 MOHALA FATEH"
        },
        {
            "mobile": "3339964434",
            "name": "MASOOD AL RAHMAN KHAN",
            "cnic": "1210109592553",
            "address": "HOUSE NUMBER E\/39 STREET \/ MOH"
        },
        {
            "mobile": "3139335854",
            "name": "MASOOD AL RAHMAN KHAN",
            "cnic": "1210109592553",
            "address": "E\/39 FATEH A BADSHAH DERA ISMAIL KHAN DERA ISMAIL"
        },
        {
            "mobile": "3349969669",
            "name": "MASOOD AL RAHMAN KHAN",
            "cnic": "1210109592553",
            "address": "HOUSE NUMBER E\/39 MOHALA FATEH"
        },
        {
            "mobile": "3339959614",
            "name": "MASOOD AL RAHMAN KHAN",
            "cnic": "1210109592553",
            "address": null
        }
    ],
    "timestamp": "2024-03-22 10:23:32"
}{
    "status": 100,
    "message": "No record Found",
    "timestamp": "2024-03-22 10:25:07"
}{
    "status": 100,
    "data": [
        {
            "mobile": "3334648000",
            "name": "SNGPL  ..",
            "cnic": "3520221820239",
            "address": "MR. AAMIR TUFAIL"
        }
    ],
    "timestamp": "2024-03-22 10:38:04"
}{
    "status": 100,
    "message": "No record Found",
    "timestamp": "2024-03-22 10:39:30"
}{
    "status": 100,
    "message": "No record Found",
    "timestamp": "2024-03-22 10:39:39"
}{
    "status": 100,
    "data": [
        {
            "mobile": "3436379572",
            "name": null,
            "cnic": "3660140219442",
            "address": null
        },
        {
            "mobile": "3436378827",
            "name": null,
            "cnic": "3660140219442",
            "address": null
        },
        {
            "mobile": "3466250809",
            "name": null,
            "cnic": "3660140219442",
            "address": null
        },
        {
            "mobile": "3436826679",
            "name": null,
            "cnic": "3660140219442",
            "address": null
        }
    ],
    "timestamp": "2024-03-22 10:42:43"
}{
    "status": 100,
    "message": "No record Found",
    "timestamp": "2024-03-22 10:46:11"
}{
    "status": 100,
    "data": [
        {
            "mobile": "3206875764",
            "name": "MUHAMMAD MEHTAB AHMAD .",
            "cnic": "3520252551795",
            "address": null
        },
        {
            "mobile": "3469241564",
            "name": null,
            "cnic": "3520252551795",
            "address": null
        },
        {
            "mobile": "3467955366",
            "name": null,
            "cnic": "3520252551795",
            "address": null
        },
        {
            "mobile": "3409088242",
            "name": "MEHTAB AHMED WATTO",
            "cnic": "3520252551795",
            "address": "DAAK KHANA BASEER PUR AMEERA TEJEKA TEHSIL DEPALPUR ZILAH OKARA"
        },
        {
            "mobile": "3429834169",
            "name": "MEHTAB AHMED WATTO",
            "cnic": "3520252551795",
            "address": "DAAK KHANA BASEER PUR AMEERA TEJEKA TEHSIL DEPALPUR ZILAH OKARA"
        },
        {
            "mobile": "3126155565",
            "name": "DATA NOT RECIEVED FROM NADRA",
            "cnic": "3520252551795",
            "address": null
        },
        {
            "mobile": "3038093465",
            "name": "MUHAMMAD MEHTAB AHMAD .",
            "cnic": "3520252551795",
            "address": "DAAK KHANA BASEER PUR AMEERA TEJEKA TEH HSIL DEPALPUR DISTRICT OKARA OKARA G.P.O."
        }
    ],
    "timestamp": "2024-03-22 10:54:07"
}{
    "status": 100,
    "data": [
        {
            "mobile": "3030494451",
            "name": "MUHAMMAD ANWAR .",
            "cnic": "3510169367757",
            "address": "KOTHAR CHONIYA SHAMKOT KHANA KASUR  KASUR G.P.O."
        }
    ],
    "timestamp": "2024-03-22 10:54:31"
}{
    "status": 100,
    "message": "No record Found",
    "timestamp": "2024-03-22 10:54:43"
}{
    "status": 100,
    "message": "No record Found",
    "timestamp": "2024-03-22 10:55:00"
}{
    "status": 100,
    "message": "No record Found",
    "timestamp": "2024-03-22 10:56:01"
}{
    "status": 100,
    "message": "No record Found",
    "timestamp": "2024-03-22 10:56:20"
}{
    "status": 100,
    "message": "No record Found",
    "timestamp": "2024-03-22 10:59:16"
}{
    "status": 100,
    "message": "No record Found",
    "timestamp": "2024-03-22 11:01:54"
}{
    "status": 100,
    "message": "No record Found",
    "timestamp": "2024-03-22 11:02:13"
}{
    "status": 100,
    "data": [
        {
            "mobile": "3311420557",
            "name": "zubia khurram",
            "cnic": "3520202275652",
            "address": "House No 16-A Gali No same sam"
        },
        {
            "mobile": "3434676077",
            "name": "ZOBIA KHURRAM",
            "cnic": "3520202275652",
            "address": "HOUSE NUMBER 16-A GALAI NUMBER 11 BUTT STREET MOHALA SYED PUR MULTAN ROAD LAHORE"
        },
        {
            "mobile": "3234831229",
            "name": "ZUBIA KHURRAM .",
            "cnic": "3520202275652",
            "address": null
        },
        {
            "mobile": "3413852636",
            "name": null,
            "cnic": "3520202275652",
            "address": null
        }
    ],
    "timestamp": "2024-03-22 11:09:57"
}{
    "status": 100,
    "message": "No record Found",
    "timestamp": "2024-03-22 11:11:08"
}{
    "status": 100,
    "message": "No record Found",
    "timestamp": "2024-03-22 11:13:59"
}{
    "status": 100,
    "data": [
        {
            "mobile": "3344359194",
            "name": "SYED BILAL SHAH",
            "cnic": "3730341956807",
            "address": "City Shah Safeer Tehsil Sohawa"
        }
    ],
    "timestamp": "2024-03-22 11:15:05"
}{
    "status": 100,
    "data": [
        {
            "mobile": "3225259728",
            "name": "MUHAMMAD ABBAS",
            "cnic": "3740105302941",
            "address": "BANDIALA MANDHAL POST OFFICE KHAS GOJAR KHAN DISTR"
        },
        {
            "mobile": "3234833538",
            "name": "MUHAMMAD ABBAS .",
            "cnic": "3740105302941",
            "address": null
        },
        {
            "mobile": "3048952958",
            "name": "MUHAMMAD ABBAS .",
            "cnic": "3740105302941",
            "address": "GOJAR KHAN BANDIALA MANDHAL POST OFFICE GOJAR KHAN BANDIALA MANDHAL POST OFFICE Gujranwala"
        },
        {
            "mobile": "3234831490",
            "name": "M ABBAS",
            "cnic": "3740105302941",
            "address": "2 GOJAR KHAN GOJAR KHAN RAWALPINDI"
        }
    ],
    "timestamp": "2024-03-22 11:15:47"
}{
    "status": 100,
    "data": [
        {
            "mobile": "3117735500",
            "name": "irfan  haider",
            "cnic": "3410460869717",
            "address": null
        },
        {
            "mobile": "3117735500",
            "name": "DATA NOT RECIEVED FROM NADRA",
            "cnic": "3720116692267",
            "address": null
        }
    ],
    "timestamp": "2024-03-22 11:18:11"
}{
    "status": 100,
    "data": [
        {
            "mobile": "3338455517",
            "name": "IRFAN HAIDER",
            "cnic": "3410460869717",
            "address": "HOUSE NO 61\/115 CHITAR KOT "
        },
        {
            "mobile": "3338544063",
            "name": "IRFAN HAIDER",
            "cnic": "3410460869717",
            "address": ""
        },
        {
            "mobile": "3117735500",
            "name": "irfan  haider",
            "cnic": "3410460869717",
            "address": null
        },
        {
            "mobile": "3058455517",
            "name": "IRFAN HAIDER",
            "cnic": "3410460869717",
            "address": null
        },
        {
            "mobile": "3320445667",
            "name": "IRFAN HAIDER",
            "cnic": "3410460869717",
            "address": "61\/115 WAZIRABAD CHATAR KOT RA"
        },
        {
            "mobile": "3117733452",
            "name": "irfan  haider",
            "cnic": "3410460869717",
            "address": null
        }
    ],
    "timestamp": "2024-03-22 11:18:33"
}{
    "status": 100,
    "message": "No record Found",
    "timestamp": "2024-03-22 11:56:45"
}{
    "status": 100,
    "message": "No record Found",
    "timestamp": "2024-03-22 12:05:14"
}{
    "status": 100,
    "data": [
        {
            "mobile": "3485938578",
            "name": "SABA SULTAN",
            "cnic": "1310136260930",
            "address": "BATTA KERI POST OFFICE SUMANDAR KHATTHA NAGRI BALA TEHSIL \/ ZILAH ABBOTABAD"
        },
        {
            "mobile": "3425178304",
            "name": null,
            "cnic": "1310136260930",
            "address": null
        },
        {
            "mobile": "3479332191",
            "name": null,
            "cnic": "1310136260930",
            "address": null
        },
        {
            "mobile": "3490454901",
            "name": null,
            "cnic": "1310136260930",
            "address": null
        }
    ],
    "timestamp": "2024-03-22 12:05:34"
}{
    "status": 100,
    "message": "No record Found",
    "timestamp": "2024-03-22 12:05:58"
}{
    "status": 100,
    "message": "No record Found",
    "timestamp": "2024-03-22 12:13:37"
}{
    "status": 100,
    "data": [
        {
            "mobile": "3030587849",
            "name": "MUHAMMAD AKBAR .",
            "cnic": "3610155844115",
            "address": null
        }
    ],
    "timestamp": "2024-03-22 12:15:16"
}{
    "status": 100,
    "data": [
        {
            "mobile": "3020712633",
            "name": "MUHAMMAD AKBAR .",
            "cnic": "3610155844115",
            "address": null
        },
        {
            "mobile": "3030587849",
            "name": "MUHAMMAD AKBAR .",
            "cnic": "3610155844115",
            "address": null
        },
        {
            "mobile": "3047175339",
            "name": "MUHAMMAD AKBAR .",
            "cnic": "3610155844115",
            "address": "village ahmed bhan SAKRAND City SHAHEED BENAZIR ABAD Lahore"
        },
        {
            "mobile": "3047173291",
            "name": "MUHAMMAD AKBAR .",
            "cnic": "3610155844115",
            "address": "village ahmed bhan SAKRAND City SHAHEED BENAZIR ABAD Lahore"
        }
    ],
    "timestamp": "2024-03-22 12:15:28"
}{
    "status": 100,
    "message": "No record Found",
    "timestamp": "2024-03-22 12:34:30"
}{
    "status": 100,
    "data": [
        {
            "mobile": "3120203144",
            "name": "Mazhar  Iqbal",
            "cnic": "3740299968917",
            "address": "Post-PAID"
        },
        {
            "mobile": "3466081144",
            "name": "MAZHAR IQBAL",
            "cnic": "3740299968917",
            "address": "KAHUTA KAHUTA KOHAS RAWALPINDI"
        },
        {
            "mobile": "3085451423",
            "name": "MAZHAR IQBAL .",
            "cnic": "3740299968917",
            "address": "KAHUTA KOHAS RAWALPINDI  RAWALPINDI G.P.O."
        },
        {
            "mobile": "3111226399",
            "name": "Mazhar  Iqbal",
            "cnic": "3740299968917",
            "address": null
        },
        {
            "mobile": "3120201096",
            "name": "Mazhar  Iqbal",
            "cnic": "3740299968917",
            "address": null
        }
    ],
    "timestamp": "2024-03-22 12:41:15"
}{
    "status": 100,
    "message": "No record Found",
    "timestamp": "2024-03-22 12:42:56"
}{
    "status": 100,
    "data": [
        {
            "mobile": "3417799601",
            "name": null,
            "cnic": "3320269813952",
            "address": null
        }
    ],
    "timestamp": "2024-03-22 12:49:41"
}{
    "status": 100,
    "data": [
        {
            "mobile": "3417799601",
            "name": null,
            "cnic": "3320269813952",
            "address": null
        }
    ],
    "timestamp": "2024-03-22 12:50:05"
}{
    "status": 100,
    "data": [
        {
            "mobile": "3115978003",
            "name": "DATA NOT RECIEVED FROM NADRA",
            "cnic": "3710183781127",
            "address": null
        },
        {
            "mobile": "3108770288",
            "name": "Not Available",
            "cnic": "3710183781127",
            "address": "Post-PAID"
        },
        {
            "mobile": "3061959779",
            "name": "MUHAMMAD KAMRAN",
            "cnic": "3710183781127",
            "address": null
        },
        {
            "mobile": "3244180089",
            "name": "MUHAMMAD KAMRAN",
            "cnic": "3710183781127",
            "address": null
        },
        {
            "mobile": "3105157898",
            "name": "DATA NOT RECIEVED FROM NADRA",
            "cnic": "3710183781127",
            "address": null
        },
        {
            "mobile": "3115975955",
            "name": "DATA NOT RECIEVED FROM NADRA",
            "cnic": "3710183781127",
            "address": null
        },
        {
            "mobile": "3038130789",
            "name": "MUHAMMAD KAMRAN",
            "cnic": "3710183781127",
            "address": "KHAS ATTOCK MOHALA SHAH PUR KA LU KILAAN ATTOCK Attock"
        },
        {
            "mobile": "3061957731",
            "name": "MUHAMMAD KAMRAN",
            "cnic": "3710183781127",
            "address": "KHAS ATTOCK MOHALA SHAH PUR KA LU KILAAN ATTOCK Attock"
        }
    ],
    "timestamp": "2024-03-22 13:02:23"
}{
    "status": 100,
    "data": [
        {
            "mobile": "3315111011",
            "name": "JASAM KHAN",
            "cnic": "1610174827175",
            "address": "DAAK KHANA RUSTAM KHAIRABAD TE"
        },
        {
            "mobile": "3360661234",
            "name": "JASAM KHAN",
            "cnic": "1610174827175",
            "address": "DAAK KHANA RUSTAM KHAIRABAD TE"
        },
        {
            "mobile": "3475006967",
            "name": "JASAM KHAN",
            "cnic": "1610174827175",
            "address": "BI-1490 5 RAWALPINDI MUSLIM TOWN SADIQ ABAD RAWALP"
        },
        {
            "mobile": "3337664987",
            "name": "JASAM KHAN",
            "cnic": "1610174827175",
            "address": "DAAK KHANA RUSTAM KHAIRABAD TE"
        },
        {
            "mobile": "3355397005",
            "name": "JASAM KHAN",
            "cnic": "1610174827175",
            "address": "DAAK KHANA RUSTAM KHAIRABAD TE"
        },
        {
            "mobile": "3175582484",
            "name": "Jasim  Khan",
            "cnic": "1610174827175",
            "address": null
        }
    ],
    "timestamp": "2024-03-22 13:43:17"
}{
    "status": 100,
    "data": [
        {
            "mobile": "3004864474",
            "name": "QASIM SHAHBAZ",
            "cnic": "3540460882909",
            "address": null
        }
    ],
    "timestamp": "2024-03-22 13:57:20"
}{
    "status": 100,
    "data": [
        {
            "mobile": "3004864474",
            "name": "QASIM SHAHBAZ",
            "cnic": "3540460882909",
            "address": null
        }
    ],
    "timestamp": "2024-03-22 14:11:49"
}{
    "status": 100,
    "data": [
        {
            "mobile": "3243698421",
            "name": "KIRSHAN KUMAR .",
            "cnic": "4420221330815",
            "address": null
        }
    ],
    "timestamp": "2024-03-22 14:12:18"
}{
    "status": 100,
    "message": "No record Found",
    "timestamp": "2024-03-22 14:12:44"
}{
    "status": 100,
    "message": "No record Found",
    "timestamp": "2024-03-22 14:13:36"
}{
    "status": 100,
    "message": "No record Found",
    "timestamp": "2024-03-22 14:14:21"
}{
    "status": 100,
    "data": [
        {
            "mobile": "3002426822",
            "name": "MUHAMMAD AZAM .",
            "cnic": "3510386155147",
            "address": null
        },
        {
            "mobile": "3002426822",
            "name": "ZAHOOR AHMED",
            "cnic": "4220198458973",
            "address": "H # 879 SEC # C\/37 ZAMANABAD LANDHI KHI Bahawal Nagar"
        }
    ],
    "timestamp": "2024-03-22 14:52:35"
}{
    "status": 100,
    "data": [
        {
            "mobile": "3002426822",
            "name": "MUHAMMAD AZAM .",
            "cnic": "3510386155147",
            "address": null
        },
        {
            "mobile": "3030901031",
            "name": "MUHAMMAD AZAM .",
            "cnic": "3510386155147",
            "address": null
        },
        {
            "mobile": "3404625900",
            "name": "MUHAMMAD AZAM",
            "cnic": "3510386155147",
            "address": "DAAK KHANA KHAS HAJAR WAL CHAK NUMBER 31 TEHSIL PA"
        },
        {
            "mobile": "3406800774",
            "name": "MUHAMMAD AZAM",
            "cnic": "3510386155147",
            "address": "DAAK KHANA KHAS HAJAR WAL CHAK NUMBER 31 TEHSIL PA"
        },
        {
            "mobile": "3071966822",
            "name": "MUHAMMAD AZAM .",
            "cnic": "3510386155147",
            "address": null
        },
        {
            "mobile": "3478387483",
            "name": null,
            "cnic": "3510386155147",
            "address": null
        },
        {
            "mobile": "3057862687",
            "name": "MUHAMMAD AZAM .",
            "cnic": "3510386155147",
            "address": "KHAS PATTOKI HAJAR WAL CHAK NUMBER 31  Kasur"
        }
    ],
    "timestamp": "2024-03-22 14:53:03"
}{
    "status": 100,
    "data": [
        {
            "mobile": "3058895946",
            "name": "AHMAD DEEN .",
            "cnic": "3640154892079",
            "address": "ARIF WALA WARD NUMBER 8 QABOOLA PAK PAT TTAN SHARIF PAK PATTAN SHARIF G.P.O."
        }
    ],
    "timestamp": "2024-03-22 14:58:36"
}{
    "status": 100,
    "message": "No record Found",
    "timestamp": "2024-03-22 15:18:04"
}{
    "status": 100,
    "message": "No record Found",
    "timestamp": "2024-03-22 15:30:50"
}{
    "status": 100,
    "data": [
        {
            "mobile": "3000365937",
            "name": "KAUSAR PARVEEN",
            "cnic": "4530423434978",
            "address": "K.A204 P O STREET WARD NUMBER 9 PADHEIDAN STATION NOSHEHRO F Lahore"
        }
    ],
    "timestamp": "2024-03-22 15:41:01"
}{
    "status": 100,
    "data": [
        {
            "mobile": "3039693896",
            "name": "ABDUL BAQI .",
            "cnic": "1710271164345",
            "address": "DAAK KHANA TANGI MAAR DHAND TEHSIL TANG GI DISTRICT CHARSADDA CHARSADDA G.P.O."
        },
        {
            "mobile": "3039693896",
            "name": "ANSAR QAMAR .",
            "cnic": "3550107109331",
            "address": null
        }
    ],
    "timestamp": "2024-03-22 15:46:17"
}{
    "status": 100,
    "data": [
        {
            "mobile": "3004584234",
            "name": "GHULAM BATOOL ..",
            "cnic": "3660343322108",
            "address": "KHAS VEHARI KHAS VEHARI Abbotabad"
        },
        {
            "mobile": "3008538734",
            "name": "GHULAM BATOOL ..",
            "cnic": "3660343322108",
            "address": "KHAS VEHARI KHAS VEHARI Abbotabad"
        },
        {
            "mobile": "3057348365",
            "name": "GHULAM BATOOL ..",
            "cnic": "3660343322108",
            "address": null
        },
        {
            "mobile": "3227124034",
            "name": "GHULAM BATOOL ..",
            "cnic": "3660343322108",
            "address": null
        },
        {
            "mobile": "3057346317",
            "name": "GHULAM BATOOL ..",
            "cnic": "3660343322108",
            "address": "KHAS VEHARI KHAS VEHARI Abbotabad"
        },
        {
            "mobile": "3073802951",
            "name": "GHULAM BATOOL ..",
            "cnic": "3660343322108",
            "address": "KHAS VEHARI KHAS VEHARI Abbotabad"
        }
    ],
    "timestamp": "2024-03-22 16:04:37"
}{
    "status": 100,
    "data": [
        {
            "mobile": "3323022007",
            "name": "MUHAMMAD WASEEM",
            "cnic": "3730116154579",
            "address": ""
        }
    ],
    "timestamp": "2024-03-22 16:28:04"
}{
    "status": 100,
    "message": "No record Found",
    "timestamp": "2024-03-22 16:28:37"
}{
    "status": 100,
    "message": "No record Found",
    "timestamp": "2024-03-22 16:28:58"
}{
    "status": 100,
    "message": "No record Found",
    "timestamp": "2024-03-22 16:29:51"
}{
    "status": 100,
    "message": "No record Found",
    "timestamp": "2024-03-22 16:33:50"
}{
    "status": 100,
    "message": "No record Found",
    "timestamp": "2024-03-22 16:34:51"
}{
    "status": 100,
    "message": "No record Found",
    "timestamp": "2024-03-22 16:37:34"
}{
    "status": 100,
    "message": "No record Found",
    "timestamp": "2024-03-22 16:39:27"
}{
    "status": 100,
    "data": [
        {
            "mobile": "3318588643",
            "name": "IHSAN ALI",
            "cnic": "1410133052235",
            "address": "IBRAHIM ZEEHNGWABRAHEEM ZEEHNG"
        },
        {
            "mobile": "3336393977",
            "name": "IHSAN ALI",
            "cnic": "1410133052235",
            "address": null
        }
    ],
    "timestamp": "2024-03-22 16:44:21"
}{
    "status": 100,
    "data": [
        {
            "mobile": "3061030633",
            "name": "MUHAMMAD IMRAN .",
            "cnic": "3630284057387",
            "address": null
        },
        {
            "mobile": "3061030633",
            "name": "NIZAM ALI .",
            "cnic": "4520117089569",
            "address": "W KAL RO DAAK KHANA ZAFFAR ABAD WHLEER TEHSIL FAIZ GANJ DISTRICT KHAIRPUR MIR PAKISTAN"
        }
    ],
    "timestamp": "2024-03-22 16:45:28"
}{
    "status": 100,
    "data": [
        {
            "mobile": "3077767530",
            "name": "SUMMERA FAYAZ .",
            "cnic": "3230479719154",
            "address": "NAZD FAZAL KALLATAH MILLS MOHALA GULAB SHAH WALA MUZAFFAR GARH MUZAFFARGARH G.P.O."
        }
    ],
    "timestamp": "2024-03-22 16:46:19"
}{
    "status": 100,
    "data": [
        {
            "mobile": "3439411338",
            "name": null,
            "cnic": "1510105351461",
            "address": null
        }
    ],
    "timestamp": "2024-03-22 16:47:45"
}{
    "status": 100,
    "data": [
        {
            "mobile": "3096018514",
            "name": "AM MUSFARA .",
            "cnic": "3450109396039",
            "address": "village ahmed bhan SAKRAND City SHAHEED BENAZIR ABAD Lahore"
        },
        {
            "mobile": "3096018514",
            "name": "SAMINA KAUSAR",
            "cnic": "3540451042380",
            "address": null
        }
    ],
    "timestamp": "2024-03-22 16:56:18"
}{
    "status": 100,
    "data": [
        {
            "mobile": "3074529212",
            "name": "MUHAMMAD ARSHAD",
            "cnic": "3410188463473",
            "address": null
        },
        {
            "mobile": "3095399356",
            "name": "MUHAMMAD ARSHAD",
            "cnic": "3410188463473",
            "address": null
        },
        {
            "mobile": "3027743837",
            "name": "MUHAMMAD ARSHAD",
            "cnic": "3410188463473",
            "address": "GUJRANWALA KARIM PURA GHORHAY SHAH HAFIZ ABAD ROAD GUJRANWAL Lahore"
        },
        {
            "mobile": "3096016466",
            "name": "MUHAMMAD ARSHAD",
            "cnic": "3410188463473",
            "address": "GUJRANWALA KARIM PURA GHORHAY SHAH HAFIZ ABAD ROAD GUJRANWAL Lahore"
        }
    ],
    "timestamp": "2024-03-22 17:10:16"
}{
    "status": 100,
    "data": [
        {
            "mobile": "3176154588",
            "name": "DATA NOT RECIEVED FROM NADRA",
            "cnic": "1420213521823",
            "address": null
        },
        {
            "mobile": "3362142968",
            "name": "AZMAT ALI KHAN",
            "cnic": "1420213521823",
            "address": "GALI \/ MOHALA DUB SANA GUNNI D"
        },
        {
            "mobile": "3176152540",
            "name": "DATA NOT RECIEVED FROM NADRA",
            "cnic": "1420213521823",
            "address": null
        }
    ],
    "timestamp": "2024-03-22 17:10:40"
}{
    "status": 100,
    "data": [
        {
            "mobile": "3487635761",
            "name": "SAHIB B B",
            "cnic": "3320121449146",
            "address": "DAAK KHANA BHAWANA THATTA JHAMB TEHSIL BHAWANA DIS"
        }
    ],
    "timestamp": "2024-03-22 17:11:39"
}{
    "status": 100,
    "data": [
        {
            "mobile": "3466879642",
            "name": "SAHIB B B",
            "cnic": "3320121449146",
            "address": "DAAK KHANA BHAWANA THATTA JHAMB TEHSIL BHAWANA DIS"
        },
        {
            "mobile": "3046327532",
            "name": "SAHIB BIBI .",
            "cnic": "3320121449146",
            "address": null
        },
        {
            "mobile": "3487635761",
            "name": "SAHIB B B",
            "cnic": "3320121449146",
            "address": "DAAK KHANA BHAWANA THATTA JHAMB TEHSIL BHAWANA DIS"
        },
        {
            "mobile": "3442130382",
            "name": "SAHIB B B",
            "cnic": "3320121449146",
            "address": "DAAK KHANA BHAWANA THATTA JHAMB TEHSIL BHAWANA DIS"
        }
    ],
    "timestamp": "2024-03-22 17:12:20"
}{
    "status": 100,
    "data": [
        {
            "mobile": "3419591091",
            "name": null,
            "cnic": "1510154080855",
            "address": null
        }
    ],
    "timestamp": "2024-03-22 17:22:46"
}{
    "status": 100,
    "data": [
        {
            "mobile": "3439259482",
            "name": "SHEERRYAZ SHEERRYAZ",
            "cnic": "1510154080855",
            "address": "DAGAR DAGAR MOHALA BARRAH HUJRAH BAGARRAH BONIR"
        },
        {
            "mobile": "3419591091",
            "name": null,
            "cnic": "1510154080855",
            "address": null
        }
    ],
    "timestamp": "2024-03-22 17:23:48"
}{
    "status": 100,
    "data": [
        {
            "mobile": "3485560295",
            "name": "KHALID KHAN",
            "cnic": "3740565800647",
            "address": "DAAK KHANA NARHA GOHARA TEHSIL HAVELIAN DISTRICT A"
        }
    ],
    "timestamp": "2024-03-22 17:26:48"
}{
    "status": 100,
    "data": [
        {
            "mobile": "3429281018",
            "name": "REHMAT KHAN",
            "cnic": "1510160036369",
            "address": "DAAK KHANA GOKAND SODHER TEHSIL DAGAR DISTRICT BON"
        }
    ],
    "timestamp": "2024-03-22 17:27:12"
}{
    "status": 100,
    "data": [
        {
            "mobile": "3429667556",
            "name": "REHMAT KHAN",
            "cnic": "1510160036369",
            "address": "DAAK KHANA GOKAND SODHER TEHSIL DAGAR DISTRICT BON"
        },
        {
            "mobile": "3429281018",
            "name": "REHMAT KHAN",
            "cnic": "1510160036369",
            "address": "DAAK KHANA GOKAND SODHER TEHSIL DAGAR DISTRICT BON"
        }
    ],
    "timestamp": "2024-03-22 17:27:25"
}{
    "status": 100,
    "message": "No record Found",
    "timestamp": "2024-03-22 17:28:40"
}{
    "status": 100,
    "data": [
        {
            "mobile": "3416244404",
            "name": "IMRAN TUFAIL",
            "cnic": "3520224051331",
            "address": "HOUSE NUMBER 19 GHAZALE STREET MOHALA MUJAHID ROAD PAKKI THATTHI SUMAN ABAD LAHORE"
        }
    ],
    "timestamp": "2024-03-22 17:33:16"
}{
    "status": 100,
    "data": [
        {
            "mobile": "3009477421",
            "name": "IMRAN",
            "cnic": "3520224051331",
            "address": "H.NO. 935. N SHAHB CHOK SAMAN abad lahore Lahore"
        },
        {
            "mobile": "3104776665",
            "name": "DATA NOT RECIEVED FROM NADRA",
            "cnic": "3520224051331",
            "address": null
        },
        {
            "mobile": "4237505677",
            "name": "IMRAN TUFAIL",
            "cnic": "3520224051331",
            "address": null
        },
        {
            "mobile": "3214065211",
            "name": "IMRAN",
            "cnic": "3520224051331",
            "address": null
        },
        {
            "mobile": "3416244404",
            "name": "IMRAN TUFAIL",
            "cnic": "3520224051331",
            "address": "HOUSE NUMBER 19 GHAZALE STREET MOHALA MUJAHID ROAD PAKKI THATTHI SUMAN ABAD LAHORE"
        },
        {
            "mobile": "3219477421",
            "name": "IMRAN TUFAIL",
            "cnic": "3520224051331",
            "address": "935-N LAHORE SHABAB CHOWK SUMAN ABAD LAHORE LAHORE"
        },
        {
            "mobile": "3214063163",
            "name": "IMRAN",
            "cnic": "3520224051331",
            "address": "935-N LAHORE SHABAB CHOWK SUMAN ABAD LAHORE LAHORE"
        }
    ],
    "timestamp": "2024-03-22 17:33:32"
}{
    "status": 100,
    "message": "No record Found",
    "timestamp": "2024-03-22 18:00:46"
}{
    "status": 100,
    "data": [
        {
            "mobile": "3348227744",
            "name": "Abdul Aziz",
            "cnic": "3420268820029",
            "address": "City Bagho Sharif Tehsil Khari"
        }
    ],
    "timestamp": "2024-03-22 18:09:44"
}{
    "status": 100,
    "message": "No record Found",
    "timestamp": "2024-03-22 18:10:20"
}{
    "status": 100,
    "data": [
        {
            "mobile": "3306930996",
            "name": "muhammad muzamil",
            "cnic": "3210404719193",
            "address": "kotla wala City YARI WALI Tehs"
        }
    ],
    "timestamp": "2024-03-22 18:10:38"
}{
    "status": 100,
    "data": [
        {
            "mobile": "3376348248",
            "name": "MUHAMMAD AMJAD",
            "cnic": "3210404016595",
            "address": ", BASTI SOBHE WALA CITY BASTI"
        }
    ],
    "timestamp": "2024-03-22 18:11:08"
}{
    "status": 100,
    "data": [
        {
            "mobile": "3436489331",
            "name": "MUHAMMAD IJAZ",
            "cnic": "3210261031149",
            "address": "KHAS DERA GHAZI KHAN BASTI SOBHAY WALI BASTI FOJA DERA GHAZI KHAN"
        }
    ],
    "timestamp": "2024-03-22 18:11:39"
}{
    "status": 100,
    "message": "No record Found",
    "timestamp": "2024-03-22 18:15:44"
}{
    "status": 100,
    "data": [
        {
            "mobile": "3447593536",
            "name": "KULSOOM BI BI",
            "cnic": "3120103099862",
            "address": "GALAI \/ MOHALA BASTI QARISHAN WALI DAAK KHANA CHAK LOHARAAN MANDHAL TEHSIL AHMEDPUR EAST ZILAH BAHAWALPUR"
        }
    ],
    "timestamp": "2024-03-22 18:21:46"
}{
    "status": 100,
    "message": "No record Found",
    "timestamp": "2024-03-22 19:09:35"
}{
    "status": 100,
    "message": "No record Found",
    "timestamp": "2024-03-22 19:11:40"
}{
    "status": 100,
    "message": "No record Found",
    "timestamp": "2024-03-22 19:22:05"
}{
    "status": 100,
    "message": "No record Found",
    "timestamp": "2024-03-22 19:22:58"
}{
    "status": 100,
    "message": "No record Found",
    "timestamp": "2024-03-22 20:06:24"
}{
    "status": 100,
    "message": "No record Found",
    "timestamp": "2024-03-22 20:06:40"
}{
    "status": 100,
    "message": "No record Found",
    "timestamp": "2024-03-22 22:13:49"
}