{
    "status": 100,
    "data": [
        {
            "mobile": "3037065558",
            "name": "ABDUL RAZZAQ .",
            "cnic": "3530122584569",
            "address": "DAAK KHANA HUJRAH SHAH MUKEEM FATIANA T TEHSIL DEPALPUR DISTRICT OKARA OKARA G.P.O."
        }
    ],
    "timestamp": "2024-03-23 01:10:45"
}{
    "status": 100,
    "data": [
        {
            "mobile": "3037065558",
            "name": "ABDUL RAZZAQ .",
            "cnic": "3530122584569",
            "address": "DAAK KHANA HUJRAH SHAH MUKEEM FATIANA T TEHSIL DEPALPUR DISTRICT OKARA OKARA G.P.O."
        },
        {
            "mobile": "3044549705",
            "name": "ABDUL RAZZAQ .",
            "cnic": "3530122584569",
            "address": null
        },
        {
            "mobile": "3074428311",
            "name": "ABDUL RAZZAQ .",
            "cnic": "3530122584569",
            "address": "DAAK KHANA HUJRAH SHAH MUKEEM FATIANA T TEHSIL DEPALPUR DISTRICT OKARA OKARA G.P.O."
        },
        {
            "mobile": "3081155440",
            "name": "ABDUL RAZZAQ .",
            "cnic": "3530122584569",
            "address": "DAAK KHANA HUJRAH SHAH MUKEEM FATIANA T TEHSIL DEPALPUR DISTRICT OKARA OKARA G.P.O."
        },
        {
            "mobile": "3044547657",
            "name": "ABDUL RAZZAQ .",
            "cnic": "3530122584569",
            "address": "DAAK KHANA HUJRAH SHAH MUKEEM FATIANA T TEHSIL DEPALPUR DISTRICT OKARA OKARA G.P.O."
        },
        {
            "mobile": "3217063510",
            "name": "ABDUL RAZZAQ",
            "cnic": "3530122584569",
            "address": "DAAK KHANA HUJRAH SHAH MUKEEM FATIANA TEHSIL DEPALPUR DISTRICT OKARA"
        },
        {
            "mobile": "3074426263",
            "name": "ABDUL RAZZAQ .",
            "cnic": "3530122584569",
            "address": "DAAK KHANA HUJRAH SHAH MUKEEM FATIANA T TEHSIL DEPALPUR DISTRICT OKARA OKARA G.P.O."
        }
    ],
    "timestamp": "2024-03-23 01:11:01"
}{
    "status": 100,
    "data": [
        {
            "mobile": "3164000076",
            "name": "DATA NOT RECIEVED FROM NADRA",
            "cnic": "3320217578277",
            "address": null
        }
    ],
    "timestamp": "2024-03-23 01:24:29"
}{
    "status": 100,
    "data": [
        {
            "mobile": "3164002124",
            "name": "DATA NOT RECIEVED FROM NADRA",
            "cnic": "3320217578277",
            "address": null
        },
        {
            "mobile": "3124443542",
            "name": "DATA NOT RECIEVED FROM NADRA",
            "cnic": "3320217578277",
            "address": null
        },
        {
            "mobile": "3440453431",
            "name": "SAQLAIN SAQLAIN",
            "cnic": "3320217578277",
            "address": "CHANDH BHRWANHJHNGCHK SEEDANWALHJHNG"
        },
        {
            "mobile": "3495629174",
            "name": "SAQLAIN SAQLAIN",
            "cnic": "3320217578277",
            "address": "CHANDH BHRWANHJHNGCHK SEEDANWALHJHNG"
        },
        {
            "mobile": "3435041284",
            "name": "SAQLAIN SAQLAIN",
            "cnic": "3320217578277",
            "address": "CHANDH BHRWANHJHNGCHK SEEDANWALHJHNG"
        },
        {
            "mobile": "3164000076",
            "name": "DATA NOT RECIEVED FROM NADRA",
            "cnic": "3320217578277",
            "address": null
        }
    ],
    "timestamp": "2024-03-23 01:24:52"
}{
    "status": 100,
    "message": "No record Found",
    "timestamp": "2024-03-23 03:01:05"
}{
    "status": 100,
    "data": [
        {
            "mobile": "3065904219",
            "name": "FATIMA SHAREEF .",
            "cnic": "3540158917836",
            "address": null
        }
    ],
    "timestamp": "2024-03-23 03:17:09"
}{
    "status": 100,
    "message": "No record Found",
    "timestamp": "2024-03-23 04:25:18"
}{
    "status": 100,
    "data": [
        {
            "mobile": "3153130295",
            "name": "Shano",
            "cnic": "4410311768450",
            "address": "Post-PAID"
        }
    ],
    "timestamp": "2024-03-23 04:44:22"
}{
    "status": 100,
    "message": "No record Found",
    "timestamp": "2024-03-23 04:45:39"
}{
    "status": 100,
    "message": "No record Found",
    "timestamp": "2024-03-23 04:45:54"
}{
    "status": 100,
    "data": [
        {
            "mobile": "3008878540",
            "name": "M HAYAT",
            "cnic": "3510217488219",
            "address": null
        },
        {
            "mobile": "3400522550",
            "name": "MUHAMMAD HAYAT",
            "cnic": "3510217488219",
            "address": "KASUR KOT MENIAN MIR SAHIB ROAD KOT RADHAKUSHAN KA"
        },
        {
            "mobile": "3054448054",
            "name": "M HAYAT",
            "cnic": "3510217488219",
            "address": null
        },
        {
            "mobile": "3454665875",
            "name": "MUHAMMAD HAYAT",
            "cnic": "3510217488219",
            "address": "KASUR KOT MENIAN MIR SAHIB ROAD KOT RADHAKUSHAN KA"
        },
        {
            "mobile": "3464608832",
            "name": "MUHAMMAD HAYAT",
            "cnic": "3510217488219",
            "address": "KASUR KOT MENIAN MIR SAHIB ROAD KOT RADHAKUSHAN KA"
        },
        {
            "mobile": "3008876492",
            "name": "M HAYAT",
            "cnic": "3510217488219",
            "address": "LALA ZAR COLONY WAZEER ABAD Gujranwala"
        }
    ],
    "timestamp": "2024-03-23 04:46:35"
}{
    "status": 100,
    "message": "No record Found",
    "timestamp": "2024-03-23 04:47:19"
}{
    "status": 100,
    "message": "No record Found",
    "timestamp": "2024-03-23 04:49:47"
}{
    "status": 100,
    "data": [
        {
            "mobile": "3103632511",
            "name": "DATA NOT RECIEVED FROM NADRA",
            "cnic": "4330310229174",
            "address": null
        }
    ],
    "timestamp": "2024-03-23 05:00:16"
}{
    "status": 100,
    "data": [
        {
            "mobile": "3103632511",
            "name": "DATA NOT RECIEVED FROM NADRA",
            "cnic": "4310517248351",
            "address": null
        },
        {
            "mobile": "3103632511",
            "name": "DATA NOT RECIEVED FROM NADRA",
            "cnic": "4330310229174",
            "address": null
        }
    ],
    "timestamp": "2024-03-23 05:00:48"
}{
    "status": 100,
    "data": [
        {
            "mobile": "3216581075",
            "name": "LIAQAT ALI",
            "cnic": "3520230256597",
            "address": "13616 HAJVEER YE STREET SHAHDRAH TOWN LAHORE CITY LAHORE"
        }
    ],
    "timestamp": "2024-03-23 05:02:01"
}{
    "status": 100,
    "message": "No record Found",
    "timestamp": "2024-03-23 05:11:34"
}{
    "status": 100,
    "message": "No record Found",
    "timestamp": "2024-03-23 05:11:47"
}{
    "status": 100,
    "message": "No record Found",
    "timestamp": "2024-03-23 05:12:03"
}{
    "status": 100,
    "message": "No record Found",
    "timestamp": "2024-03-23 05:12:18"
}{
    "status": 100,
    "message": "No record Found",
    "timestamp": "2024-03-23 05:12:29"
}{
    "status": 100,
    "message": "No record Found",
    "timestamp": "2024-03-23 05:12:43"
}{
    "status": 100,
    "message": "No record Found",
    "timestamp": "2024-03-23 05:12:53"
}{
    "status": 100,
    "message": "No record Found",
    "timestamp": "2024-03-23 05:13:21"
}{
    "status": 100,
    "data": [
        {
            "mobile": "3401047460",
            "name": "NAVEED AHMAD",
            "cnic": "3530181731693",
            "address": "BHEENI HAJI AMEEN DAAK KHANA JAMALKOT PANAN MAHAR"
        }
    ],
    "timestamp": "2024-03-23 05:15:44"
}{
    "status": 100,
    "data": [
        {
            "mobile": "3000760295",
            "name": "DATA NOT RECIEVED FROM NADRA",
            "cnic": "1620230853541",
            "address": null
        }
    ],
    "timestamp": "2024-03-23 05:20:11"
}{
    "status": 100,
    "data": [
        {
            "mobile": "3000762343",
            "name": "new  cust",
            "cnic": "1620230853541",
            "address": "Post-PAID"
        },
        {
            "mobile": "3015206028",
            "name": "MUHAMMAD REHMAN",
            "cnic": "1620230853541",
            "address": null
        },
        {
            "mobile": "3469741714",
            "name": "MUHAMMAD REHMAN",
            "cnic": "1620230853541",
            "address": "KOTHAR SAWABI MOHALA BAR GHANDE KOTHAR SAWABI"
        },
        {
            "mobile": "3455680618",
            "name": "MUHAMMAD REHMAN",
            "cnic": "1620230853541",
            "address": "KOTHAR SAWABI MOHALA BAR GHANDE KOTHAR SAWABI"
        },
        {
            "mobile": "3000760295",
            "name": "DATA NOT RECIEVED FROM NADRA",
            "cnic": "1620230853541",
            "address": null
        },
        {
            "mobile": "3015203980",
            "name": "MUHAMMAD REHMAN",
            "cnic": "1620230853541",
            "address": "N\/A N\/A Lahore"
        },
        {
            "mobile": "3045753383",
            "name": "MUHAMMAD REHMAN",
            "cnic": "1620230853541",
            "address": "N\/A N\/A Lahore"
        }
    ],
    "timestamp": "2024-03-23 05:20:30"
}{
    "status": 100,
    "data": [
        {
            "mobile": "3169775552",
            "name": "aftab  ahmad",
            "cnic": "1610256744823",
            "address": null
        },
        {
            "mobile": "3169775552",
            "name": "Shazia  Bibi",
            "cnic": "1730194968722",
            "address": null
        }
    ],
    "timestamp": "2024-03-23 05:33:32"
}{
    "status": 100,
    "data": [
        {
            "mobile": "3439098247",
            "name": "AFTAB AHMAD",
            "cnic": "1610256744823",
            "address": "SAPELNODHERI DAAK KHANA HATHIAN HATHIAN TEHSIL TAK"
        }
    ],
    "timestamp": "2024-03-23 05:33:45"
}{
    "status": 100,
    "message": "No record Found",
    "timestamp": "2024-03-23 05:40:34"
}{
    "status": 100,
    "data": [
        {
            "mobile": "3221085615",
            "name": "SHAHID ABBAS .",
            "cnic": "3610477799509",
            "address": null
        }
    ],
    "timestamp": "2024-03-23 05:41:30"
}{
    "status": 100,
    "message": "No record Found",
    "timestamp": "2024-03-23 05:41:52"
}{
    "status": 100,
    "data": [
        {
            "mobile": "3171798396",
            "name": "shamriaz  shahzad",
            "cnic": "3440363257349",
            "address": null
        }
    ],
    "timestamp": "2024-03-23 05:42:28"
}{
    "status": 100,
    "data": [
        {
            "mobile": "3421898351",
            "name": "HAZRAT BILAL",
            "cnic": "1720203796641",
            "address": "TETARAH DAAK KHANA TAROJABA TARO JABBA TEHSIL PABB"
        }
    ],
    "timestamp": "2024-03-23 05:52:50"
}{
    "status": 100,
    "message": "No record Found",
    "timestamp": "2024-03-23 05:53:58"
}{
    "status": 100,
    "message": "No record Found",
    "timestamp": "2024-03-23 05:54:20"
}{
    "status": 100,
    "message": "No record Found",
    "timestamp": "2024-03-23 06:12:55"
}{
    "status": 100,
    "message": "No record Found",
    "timestamp": "2024-03-23 06:15:14"
}{
    "status": 100,
    "message": "No record Found",
    "timestamp": "2024-03-23 06:18:50"
}{
    "status": 100,
    "message": "No record Found",
    "timestamp": "2024-03-23 06:44:18"
}{
    "status": 100,
    "data": [
        {
            "mobile": "3207468321",
            "name": "SHAMIM MAI .",
            "cnic": "3120443044508",
            "address": null
        },
        {
            "mobile": "3245678917",
            "name": "SHAMIM MAI .",
            "cnic": "3120443044508",
            "address": null
        },
        {
            "mobile": "3245678797",
            "name": "SHAMIM MAI .",
            "cnic": "3120443044508",
            "address": null
        }
    ],
    "timestamp": "2024-03-23 06:45:57"
}{
    "status": 100,
    "message": "No record Found",
    "timestamp": "2024-03-23 06:54:06"
}{
    "status": 100,
    "data": [
        {
            "mobile": "3128323107",
            "name": "DATA NOT RECIEVED FROM NADRA",
            "cnic": "5120172301973",
            "address": null
        }
    ],
    "timestamp": "2024-03-23 07:10:27"
}{
    "status": 100,
    "data": [
        {
            "mobile": "3475263921",
            "name": null,
            "cnic": "1560249959680",
            "address": null
        }
    ],
    "timestamp": "2024-03-23 07:50:09"
}{
    "status": 100,
    "data": [
        {
            "mobile": "3475093027",
            "name": null,
            "cnic": "1610111051194",
            "address": null
        },
        {
            "mobile": "3489077856",
            "name": "JAHAN SULTAN",
            "cnic": "1610111051194",
            "address": "CHAMAD HEERI TEHSIL MARDAN ZILAH MARDAN"
        }
    ],
    "timestamp": "2024-03-23 07:52:24"
}{
    "status": 100,
    "data": [
        {
            "mobile": "3474553728",
            "name": "FAIZA AMR",
            "cnic": "3730109930916",
            "address": "HOUSE NUMBER D-1017 MOHALA BILAL TOWN JHELUM"
        }
    ],
    "timestamp": "2024-03-23 07:57:32"
}{
    "status": 100,
    "data": [
        {
            "mobile": "3131333566",
            "name": "ghulam  nabi",
            "cnic": "4110302404177",
            "address": null
        }
    ],
    "timestamp": "2024-03-23 07:58:41"
}{
    "status": 100,
    "data": [
        {
            "mobile": "3064507320",
            "name": "ZAFAR",
            "cnic": "3650118208703",
            "address": "IQBAL NAGAR CHECHAH WATNI CHAK NUMBER 22\/14 L SAHIWAL Sahiwaal"
        }
    ],
    "timestamp": "2024-03-23 08:03:42"
}{
    "status": 100,
    "data": [
        {
            "mobile": "3490207997",
            "name": "WAHEED AHMAD",
            "cnic": "3650152181785",
            "address": "DAAK KHANA IQBAL NAGR CHAK NUMBER 22\/14 L TEHSIL C"
        }
    ],
    "timestamp": "2024-03-23 08:06:13"
}{
    "status": 100,
    "message": "No record Found",
    "timestamp": "2024-03-23 08:06:56"
}{
    "status": 100,
    "data": [
        {
            "mobile": "3444186086",
            "name": "SHAUKAT ALI",
            "cnic": "3530190441591",
            "address": "Lahore N\/A Lahore"
        }
    ],
    "timestamp": "2024-03-23 08:09:10"
}{
    "status": 100,
    "data": [
        {
            "mobile": "3024903820",
            "name": "SHAUKAT ALI",
            "cnic": "3530190441591",
            "address": null
        },
        {
            "mobile": "3414107621",
            "name": "SHAUKAT ALI",
            "cnic": "3530190441591",
            "address": "KOT BEDI URF GIRA UN BATAK BASEER PUR DEPALPUR KOT"
        },
        {
            "mobile": "3421089364",
            "name": "SHAUKAT ALI",
            "cnic": "3530190441591",
            "address": "KOT BEDI URF GIRA UN BATAK BASEER PUR DEPALPUR KOT"
        },
        {
            "mobile": "3444186086",
            "name": "SHAUKAT ALI",
            "cnic": "3530190441591",
            "address": "Lahore N\/A Lahore"
        },
        {
            "mobile": "3457112695",
            "name": "SHAUKAT ALI",
            "cnic": "3530190441591",
            "address": "KOT BEDI URF GIRA UN BATAK BASEER PUR DEPALPUR KOT"
        },
        {
            "mobile": "3421089365",
            "name": "SHAUKAT ALI",
            "cnic": "3530190441591",
            "address": "KOT BEDI URF GIRA UN BATAK BASEER PUR DEPALPUR KOT"
        },
        {
            "mobile": "3024901772",
            "name": "SHAUKAT ALI",
            "cnic": "3530190441591",
            "address": "Lahore N\/A Lahore"
        }
    ],
    "timestamp": "2024-03-23 08:10:31"
}{
    "status": 100,
    "message": "No record Found",
    "timestamp": "2024-03-23 08:29:44"
}{
    "status": 100,
    "message": "No record Found",
    "timestamp": "2024-03-23 08:31:52"
}{
    "status": 100,
    "data": [
        {
            "mobile": "3039607226",
            "name": "NAVEED AHMAD .",
            "cnic": "3530181731693",
            "address": "BHEENI HAJI AMEEN DAAK KHANA JAMALKOT PANAN MAHAR TEHSIL DEPALPUR DISTRICT OKARA  OKARA G.P.O."
        },
        {
            "mobile": "3401047460",
            "name": "NAVEED AHMAD",
            "cnic": "3530181731693",
            "address": "BHEENI HAJI AMEEN DAAK KHANA JAMALKOT PANAN MAHAR"
        },
        {
            "mobile": "3084372814",
            "name": "NAVEED AHMAD .",
            "cnic": "3530181731693",
            "address": null
        },
        {
            "mobile": "3096218913",
            "name": "NAVEED AHMAD .",
            "cnic": "3530181731693",
            "address": null
        },
        {
            "mobile": "3456607226",
            "name": null,
            "cnic": "3530181731693",
            "address": null
        },
        {
            "mobile": "3023566493",
            "name": "NAVEED AHMAD .",
            "cnic": "3530181731693",
            "address": "BHEENI HAJI AMEEN DAAK KHANA JAMALKOT PANAN MAHAR TEHSIL DEPALPUR DISTRICT OKARA  OKARA G.P.O."
        },
        {
            "mobile": "3096216865",
            "name": "NAVEED AHMAD .",
            "cnic": "3530181731693",
            "address": "BHEENI HAJI AMEEN DAAK KHANA JAMALKOT PANAN MAHAR TEHSIL DEPALPUR DISTRICT OKARA  OKARA G.P.O."
        }
    ],
    "timestamp": "2024-03-23 08:32:34"
}{
    "status": 100,
    "data": [
        {
            "mobile": "3342424026",
            "name": "Tehmina Bibi",
            "cnic": "3630269412196",
            "address": "House No 1471\/7-m Barang Shah"
        }
    ],
    "timestamp": "2024-03-23 08:40:59"
}{
    "status": 100,
    "data": [
        {
            "mobile": "3481165413",
            "name": "BABAR ALI",
            "cnic": "3130496342651",
            "address": "DAAK KHANA KHAS CHAK NUMBER 201 P TEHSIL SADIQ ABA"
        }
    ],
    "timestamp": "2024-03-23 08:42:43"
}{
    "status": 100,
    "data": [
        {
            "mobile": "3007430444",
            "name": "AZMAN HUSSAIN",
            "cnic": "3410497688885",
            "address": null
        },
        {
            "mobile": "3421424324",
            "name": "AZMAN HUSSAIN",
            "cnic": "3410497688885",
            "address": "WAZIRABAD JALAL PURA NIZAM ABAD WAZIR ABAD GUJRANW"
        },
        {
            "mobile": "3066630492",
            "name": "AZMAN HUSSAIN",
            "cnic": "3410497688885",
            "address": null
        },
        {
            "mobile": "3063388687",
            "name": "AZMAN HUSSAIN",
            "cnic": "3410497688885",
            "address": "KOT KHIZRI  Wazirabad"
        },
        {
            "mobile": "3007428396",
            "name": "AZMAN HUSSAIN",
            "cnic": "3410497688885",
            "address": "KOT KHIZRI  Wazirabad"
        }
    ],
    "timestamp": "2024-03-23 08:45:18"
}{
    "status": 100,
    "data": [
        {
            "mobile": "3490207997",
            "name": "WAHEED AHMAD",
            "cnic": "3650152181785",
            "address": "DAAK KHANA IQBAL NAGR CHAK NUMBER 22\/14 L TEHSIL C"
        },
        {
            "mobile": "3496296900",
            "name": "WAHEED AHMAD",
            "cnic": "3650152181785",
            "address": "DAAK KHANA IQBAL NAGR CHAK NUMBER 22\/14 L TEHSIL C"
        },
        {
            "mobile": "3490425065",
            "name": "WAHEED AHMAD",
            "cnic": "3650152181785",
            "address": "DAAK KHANA IQBAL NAGR CHAK NUMBER 22\/14 L TEHSIL C"
        },
        {
            "mobile": "3166628049",
            "name": "waheed  ahmad",
            "cnic": "3650152181785",
            "address": "Post-PAID"
        }
    ],
    "timestamp": "2024-03-23 08:48:28"
}{
    "status": 100,
    "data": [
        {
            "mobile": "3412298474",
            "name": "MUHAMMAD AMEER",
            "cnic": "3320285932753",
            "address": "KHAS JHANG CHAH NEWAH KHAN WAPDA COLONY KOT SAI SI"
        }
    ],
    "timestamp": "2024-03-23 08:48:38"
}{
    "status": 100,
    "data": [
        {
            "mobile": "3467255846",
            "name": "MUHAMMAD AMEER",
            "cnic": "3320285932753",
            "address": "KHAS JHANG CHAH NEWAH KHAN WAPDA COLONY KOT SAI SI"
        },
        {
            "mobile": "3412298474",
            "name": "MUHAMMAD AMEER",
            "cnic": "3320285932753",
            "address": "KHAS JHANG CHAH NEWAH KHAN WAPDA COLONY KOT SAI SI"
        },
        {
            "mobile": "3064460632",
            "name": "MUHAMMAD AMEER .",
            "cnic": "3320285932753",
            "address": null
        },
        {
            "mobile": "3400792744",
            "name": "MUHAMMAD AMEER",
            "cnic": "3320285932753",
            "address": "KHAS JHANG CHAH NEWAH KHAN WAPDA COLONY KOT SAI SI"
        }
    ],
    "timestamp": "2024-03-23 08:48:53"
}{
    "status": 100,
    "data": [
        {
            "mobile": "3403231671",
            "name": null,
            "cnic": "3660127666579",
            "address": null
        }
    ],
    "timestamp": "2024-03-23 08:59:04"
}{
    "status": 100,
    "message": "No record Found",
    "timestamp": "2024-03-23 08:59:55"
}{
    "status": 100,
    "message": "No record Found",
    "timestamp": "2024-03-23 09:00:21"
}{
    "status": 100,
    "message": "No record Found",
    "timestamp": "2024-03-23 09:00:50"
}{
    "status": 100,
    "message": "No record Found",
    "timestamp": "2024-03-23 09:07:41"
}{
    "status": 100,
    "message": "No record Found",
    "timestamp": "2024-03-23 09:13:12"
}{
    "status": 100,
    "message": "No record Found",
    "timestamp": "2024-03-23 09:17:59"
}{
    "status": 100,
    "message": "No record Found",
    "timestamp": "2024-03-23 09:18:04"
}{
    "status": 100,
    "data": [
        {
            "mobile": "3343889115",
            "name": "RIZWAN AHMAD",
            "cnic": "4230148983557",
            "address": "136812 MEHMOOD ABAD NUMBER 6 K"
        }
    ],
    "timestamp": "2024-03-23 09:22:03"
}{
    "status": 100,
    "data": [
        {
            "mobile": "3321930795",
            "name": "NASREEN B B",
            "cnic": "3630317053762",
            "address": "DAAK KHANA JHOK VENUS SAHE CHA"
        }
    ],
    "timestamp": "2024-03-23 09:24:54"
}{
    "status": 100,
    "message": "No record Found",
    "timestamp": "2024-03-23 09:28:20"
}{
    "status": 100,
    "message": "No record Found",
    "timestamp": "2024-03-23 09:39:02"
}{
    "status": 100,
    "message": "No record Found",
    "timestamp": "2024-03-23 09:40:13"
}{
    "status": 100,
    "message": "No record Found",
    "timestamp": "2024-03-23 09:40:15"
}{
    "status": 100,
    "message": "No record Found",
    "timestamp": "2024-03-23 09:50:36"
}{
    "status": 100,
    "message": "No record Found",
    "timestamp": "2024-03-23 09:51:56"
}{
    "status": 100,
    "message": "No record Found",
    "timestamp": "2024-03-23 09:52:07"
}{
    "status": 100,
    "data": [
        {
            "mobile": "3015418930",
            "name": "MUHAMMAD RIZWAN .",
            "cnic": "3550301488495",
            "address": "STREET NUMBER 3 WARD NUMBER 22 MOHALA AHMEDABAD SANGLA HUL DISTRICT NANKANA SAHIB  NANKANA SAHB"
        },
        {
            "mobile": "3015418930",
            "name": "MUHAMMAD QADEER",
            "cnic": "3740543939107",
            "address": "BASE BAGLAA DHEER KOT CHANAT BAGH"
        }
    ],
    "timestamp": "2024-03-23 09:58:29"
}{
    "status": 100,
    "data": [
        {
            "mobile": "3410617768",
            "name": null,
            "cnic": "3130162586788",
            "address": null
        }
    ],
    "timestamp": "2024-03-23 10:11:37"
}{
    "status": 100,
    "data": [
        {
            "mobile": "3448182301",
            "name": "YASMIN BI BI",
            "cnic": "3340106226486",
            "address": "MOHALA NOOR WALA CHINIOT"
        }
    ],
    "timestamp": "2024-03-23 10:11:38"
}{
    "status": 100,
    "message": "No record Found",
    "timestamp": "2024-03-23 10:20:16"
}{
    "timestamp": "2024-03-23 10:27:41"
}{
    "status": 100,
    "data": [
        {
            "mobile": "3420569804",
            "name": "SHAILA KOUSAR",
            "cnic": "8120283538472",
            "address": "DAAK KHANA KHOAIRTA BATAL BERHI TEHSIL KOTLI DISTR"
        }
    ],
    "timestamp": "2024-03-23 10:28:10"
}{
    "status": 100,
    "message": "No record Found",
    "timestamp": "2024-03-23 10:46:33"
}{
    "status": 100,
    "data": [
        {
            "mobile": "3417931307",
            "name": "IRFAN KHAN",
            "cnic": "1560704215309",
            "address": "POST OFFICE SEDU SHAREEF GUL BANDAI TEHSIL BABU ZAI ZILAH SAWAT"
        }
    ],
    "timestamp": "2024-03-23 10:47:41"
}{
    "status": 100,
    "message": "No record Found",
    "timestamp": "2024-03-23 10:49:53"
}{
    "status": 100,
    "message": "No record Found",
    "timestamp": "2024-03-23 11:09:11"
}{
    "status": 100,
    "message": "No record Found",
    "timestamp": "2024-03-23 11:09:36"
}{
    "status": 100,
    "message": "No record Found",
    "timestamp": "2024-03-23 11:10:29"
}{
    "status": 100,
    "message": "No record Found",
    "timestamp": "2024-03-23 11:28:18"
}{
    "status": 100,
    "data": [
        {
            "mobile": "3041232791",
            "name": "MIAN MASOOD SULTAN .",
            "cnic": "3230309970829",
            "address": null
        },
        {
            "mobile": "3041232791",
            "name": "MUHAMMAD ZUBAIR .",
            "cnic": "3530267467719",
            "address": "DAAK KHANA KHAS CHAK NUMBER 39\/3 AAR TE EHSIL OKARA DISTRICT OKARA G.P.O."
        }
    ],
    "timestamp": "2024-03-23 11:28:34"
}{
    "status": 100,
    "message": "No record Found",
    "timestamp": "2024-03-23 11:33:32"
}{
    "status": 100,
    "data": [
        {
            "mobile": "3048559880",
            "name": "MUNSAB ALI .",
            "cnic": "3660196683113",
            "address": "KHAS BUREWALA SAHUKA VEHARI  Vehari"
        },
        {
            "mobile": "3048559880",
            "name": "SHAH RUKH KHAN .",
            "cnic": "5530253244199",
            "address": null
        }
    ],
    "timestamp": "2024-03-23 11:35:30"
}{
    "status": 100,
    "data": [
        {
            "mobile": "3361271911",
            "name": "mah laqa",
            "cnic": "4520382582552",
            "address": "bACHAL sHAH , mIR Altaf Colony"
        }
    ],
    "timestamp": "2024-03-23 11:35:34"
}{
    "status": 100,
    "data": [
        {
            "mobile": "3048559880",
            "name": "SHAH RUKH KHAN .",
            "cnic": "5530253244199",
            "address": null
        },
        {
            "mobile": "3348758447",
            "name": "shah rukh khan",
            "cnic": "5530253244199",
            "address": "ghareeb abad City SIBBI Tehsil"
        }
    ],
    "timestamp": "2024-03-23 11:36:20"
}{
    "status": 100,
    "data": [
        {
            "mobile": "3432032046",
            "name": "SANOON SANOON",
            "cnic": "4430354729209",
            "address": "JHANGI NGRKEESANI COLONY MEETTHI MEETTHI MEETTHI T"
        }
    ],
    "timestamp": "2024-03-23 11:43:22"
}{
    "status": 100,
    "message": "No record Found",
    "timestamp": "2024-03-23 11:46:15"
}{
    "status": 100,
    "message": "No record Found",
    "timestamp": "2024-03-23 11:46:25"
}{
    "status": 100,
    "data": [
        {
            "mobile": "3466127308",
            "name": "GHAFORAN BI BI",
            "cnic": "3650209073778",
            "address": "BOTHNAH DAAK KHANA KHAS KORHAY SHAH ZERAN TEHSIL \/"
        }
    ],
    "timestamp": "2024-03-23 11:46:54"
}{
    "status": 100,
    "data": [
        {
            "mobile": "3086981916",
            "name": "GHAFORAN B B .",
            "cnic": "3650209073778",
            "address": "BOTHNAH DAAK KHANA KHAS KORHAY SHAH ZER RAN TEHSIL \/ DISTRICT SAHIWAL SAHIWAL G.P.O."
        }
    ],
    "timestamp": "2024-03-23 11:52:05"
}{
    "status": 100,
    "data": [
        {
            "mobile": "3127741046",
            "name": "Shahzad  Raza",
            "cnic": "3120164245515",
            "address": "Post-PAID"
        }
    ],
    "timestamp": "2024-03-23 11:55:28"
}{
    "status": 100,
    "message": "No record Found",
    "timestamp": "2024-03-23 12:06:14"
}{
    "status": 100,
    "data": [
        {
            "mobile": "3475788183",
            "name": null,
            "cnic": "5440054272561",
            "address": null
        }
    ],
    "timestamp": "2024-03-23 12:11:30"
}{
    "status": 100,
    "message": "No record Found",
    "timestamp": "2024-03-23 12:14:42"
}{
    "status": 100,
    "data": [
        {
            "mobile": "3438542788",
            "name": "SYED ALI ABBAS",
            "cnic": "3740544193493",
            "address": "KHAS ISLAM ABAD TARLAI KILAAN ISLAM ABAD"
        }
    ],
    "timestamp": "2024-03-23 12:18:20"
}{
    "status": 100,
    "message": "No record Found",
    "timestamp": "2024-03-23 12:20:11"
}{
    "status": 100,
    "message": "No record Found",
    "timestamp": "2024-03-23 12:36:25"
}{
    "status": 100,
    "data": [
        {
            "mobile": "3013422934",
            "name": "AFTAB HUSSAIN .",
            "cnic": "3740514252779",
            "address": null
        },
        {
            "mobile": "3013422934",
            "name": "SAFDAR ALI .",
            "cnic": "5340407791871",
            "address": "MUHAMMAD GOTH ZOR GARH NASEERABAD  Naseerabad"
        }
    ],
    "timestamp": "2024-03-23 12:36:41"
}{
    "status": 100,
    "data": [
        {
            "mobile": "3203793160",
            "name": "GULAN BIBI .",
            "cnic": "1120133303984",
            "address": null
        }
    ],
    "timestamp": "2024-03-23 12:43:15"
}{
    "status": 100,
    "message": "No record Found",
    "timestamp": "2024-03-23 12:43:59"
}{
    "status": 100,
    "data": [
        {
            "mobile": "3424391107",
            "name": "SALEEM MASEEH",
            "cnic": "3220101083763",
            "address": "REHMAN ABAD CHOBARAH CHAK NUMBER 351 T D A LAYYAH"
        }
    ],
    "timestamp": "2024-03-23 12:46:14"
}{
    "status": 100,
    "data": [
        {
            "mobile": "3013422934",
            "name": "AFTAB HUSSAIN .",
            "cnic": "3740514252779",
            "address": null
        },
        {
            "mobile": "3045200733",
            "name": "AFTAB HUSSAIN .",
            "cnic": "3740514252779",
            "address": "STREET NUMBER 14 GIRJA ROAD MOHALA DHOK SYEDAN CHAK JALAL DEEN SADAR RAWALPINDI  RAWALPINDI G.P.O."
        },
        {
            "mobile": "3410571356",
            "name": "AFTAB HUSSAIN",
            "cnic": "3740514252779",
            "address": "14 RAWALPINDI DHOK SYEDAN CHAK JALAL DEEN SADAR GI"
        },
        {
            "mobile": "3085230095",
            "name": "AFTAB HUSSAIN .",
            "cnic": "3740514252779",
            "address": "STREET NUMBER 14 GIRJA ROAD MOHALA DHOK SYEDAN CHAK JALAL DEEN SADAR RAWALPINDI  RAWALPINDI G.P.O."
        },
        {
            "mobile": "3453867767",
            "name": "AFTAB HUSSAIN",
            "cnic": "3740514252779",
            "address": "14 RAWALPINDI DHOK SYEDAN CHAK JALAL DEEN SADAR GI"
        },
        {
            "mobile": "3013420886",
            "name": "AFTAB HUSSAIN .",
            "cnic": "3740514252779",
            "address": "STREET NUMBER 14 GIRJA ROAD MOHALA DHOK SYEDAN CHAK JALAL DEEN SADAR RAWALPINDI  RAWALPINDI G.P.O."
        }
    ],
    "timestamp": "2024-03-23 12:49:40"
}{
    "status": 100,
    "data": [
        {
            "mobile": "3413677781",
            "name": "MUHAMMAD ZAAKIR",
            "cnic": "3310652981797",
            "address": "THATAH DILDAR DAAK KHANA GARH H JALI FATIANA TEHSI"
        }
    ],
    "timestamp": "2024-03-23 12:57:26"
}{
    "status": 100,
    "message": "No record Found",
    "timestamp": "2024-03-23 13:09:50"
}{
    "status": 100,
    "message": "No record Found",
    "timestamp": "2024-03-23 13:10:03"
}{
    "status": 100,
    "data": [
        {
            "mobile": "3440429236",
            "name": "MUHAMMAD TALHA RIAZ",
            "cnic": "3410465998919",
            "address": "KHAS WAZIRABAD CHAK BAIG GUJRANWALA"
        },
        {
            "mobile": "3486102427",
            "name": "MUHAMMAD TALHA RIAZ",
            "cnic": "3410465998919",
            "address": "KHAS WAZIRABAD CHAK BAIG GUJRANWALA"
        },
        {
            "mobile": "3066100256",
            "name": "MUHAMMAD .",
            "cnic": "3410465998919",
            "address": "KHAS WAZIRABAD CHAK BAIG GUJRANWALA KHAS  WAZIRABAD CHAK BAIG GUJRANWALA WAZIRABA Gujranwala"
        },
        {
            "mobile": "3029731774",
            "name": "MUHAMMAD .",
            "cnic": "3410465998919",
            "address": "KHAS WAZIRABAD CHAK BAIG GUJRANWALA KHAS  WAZIRABAD CHAK BAIG GUJRANWALA WAZIRABA Gujranwala"
        }
    ],
    "timestamp": "2024-03-23 13:10:52"
}{
    "status": 100,
    "message": "No record Found",
    "timestamp": "2024-03-23 13:13:01"
}{
    "status": 100,
    "message": "No record Found",
    "timestamp": "2024-03-23 13:47:58"
}{
    "status": 100,
    "message": "No record Found",
    "timestamp": "2024-03-23 13:48:12"
}{
    "status": 100,
    "message": "No record Found",
    "timestamp": "2024-03-23 13:58:35"
}{
    "status": 100,
    "data": [
        {
            "mobile": "3412707650",
            "name": null,
            "cnic": "4320358155787",
            "address": null
        }
    ],
    "timestamp": "2024-03-23 13:58:59"
}{
    "status": 100,
    "data": [
        {
            "mobile": "3158155340",
            "name": "DATA NOT RECIEVED FROM NADRA",
            "cnic": "4320358155787",
            "address": null
        },
        {
            "mobile": "3113543890",
            "name": "SHAFQAT HUSSAIN",
            "cnic": "4320358155787",
            "address": ""
        },
        {
            "mobile": "3123559774",
            "name": "DATA NOT RECIEVED FROM NADRA",
            "cnic": "4320358155787",
            "address": null
        },
        {
            "mobile": "3433964241",
            "name": "SHAFQAT HUSSAIN",
            "cnic": "4320358155787",
            "address": "FATEH PUR LARKANA GOTH FATEH PUR LARKANA"
        },
        {
            "mobile": "3412707650",
            "name": null,
            "cnic": "4320358155787",
            "address": null
        },
        {
            "mobile": "3123557726",
            "name": "DATA NOT RECIEVED FROM NADRA",
            "cnic": "4320358155787",
            "address": null
        }
    ],
    "timestamp": "2024-03-23 14:00:06"
}{
    "status": 100,
    "data": [
        {
            "mobile": "3092653060",
            "name": "Akhter Ali",
            "cnic": "4140816892837",
            "address": "Village Haji Noor Muhammad Sujaw Sujawal Thatta"
        },
        {
            "mobile": "3092653060",
            "name": "HAMMAD ALI .",
            "cnic": "4220153404315",
            "address": null
        }
    ],
    "timestamp": "2024-03-23 14:10:25"
}{
    "status": 100,
    "message": "No record Found",
    "timestamp": "2024-03-23 14:14:16"
}{
    "status": 100,
    "message": "No record Found",
    "timestamp": "2024-03-23 14:22:25"
}{
    "status": 100,
    "message": "No record Found",
    "timestamp": "2024-03-23 14:22:35"
}{
    "status": 100,
    "message": "No record Found",
    "timestamp": "2024-03-23 14:24:54"
}{
    "status": 100,
    "message": "No record Found",
    "timestamp": "2024-03-23 14:26:34"
}{
    "status": 100,
    "message": "No record Found",
    "timestamp": "2024-03-23 14:28:21"
}{
    "status": 100,
    "data": [
        {
            "mobile": "3071484508",
            "name": "SAIMA ZIA .",
            "cnic": "3310032577844",
            "address": null
        }
    ],
    "timestamp": "2024-03-23 14:42:38"
}{
    "status": 100,
    "message": "No record Found",
    "timestamp": "2024-03-23 14:48:32"
}{
    "status": 100,
    "data": [
        {
            "mobile": "3217600008",
            "name": "HABIB UL REHMAN",
            "cnic": "3310074096581",
            "address": "3 FAISAL ABAD FAIZ ABAD AQAB DARBAAR BABA QAIM SAEEN FAISAL ABAD FAISAL ABAD"
        }
    ],
    "timestamp": "2024-03-23 14:51:31"
}{
    "status": 100,
    "data": [
        {
            "mobile": "3047255747",
            "name": "MUHAMMAD NASIR .",
            "cnic": "3120384965621",
            "address": "HASIL PUR BASTI BATAL YAN BIDANA GHARBI I BAHAWALPUR BAHAWALPUR G.P.O."
        }
    ],
    "timestamp": "2024-03-23 14:59:36"
}{
    "status": 100,
    "message": "No record Found",
    "timestamp": "2024-03-23 15:04:34"
}{
    "status": 100,
    "message": "No record Found",
    "timestamp": "2024-03-23 15:05:58"
}{
    "status": 100,
    "data": [
        {
            "mobile": "3221748611",
            "name": "IRAM BASHIR .",
            "cnic": "3410114188462",
            "address": null
        },
        {
            "mobile": "3241763276",
            "name": "IRAM BASHIR .",
            "cnic": "3410114188462",
            "address": null
        }
    ],
    "timestamp": "2024-03-23 15:29:50"
}{
    "status": 100,
    "data": [
        {
            "mobile": "3095660233",
            "name": "NAZIA BIBI .",
            "cnic": "3310472366598",
            "address": null
        }
    ],
    "timestamp": "2024-03-23 15:32:38"
}{
    "status": 100,
    "data": [
        {
            "mobile": "3057257853",
            "name": "MUDASSAR ATTIQUE AHMAD .",
            "cnic": "3460226363973",
            "address": null
        },
        {
            "mobile": "3057257853",
            "name": "MUHAMMAD IRSHAD",
            "cnic": "3620203257399",
            "address": "KAROORH PAKKA KAROORH PAKKA CH AH RANG BHRAMWCHI WALI LODHRAN Lahore"
        },
        {
            "mobile": "3057257853",
            "name": "MUHAMMAD ASIF",
            "cnic": "3830177121937",
            "address": "KHAS EESA KHAIL KANDAL MIANWAL I Lahore"
        }
    ],
    "timestamp": "2024-03-23 15:32:47"
}{
    "status": 100,
    "data": [
        {
            "mobile": "3369418459",
            "name": "nassar gul",
            "cnic": "1110203452195",
            "address": null
        },
        {
            "mobile": "3369418459",
            "name": "muhammad shamsher",
            "cnic": "3810368636655",
            "address": "House No 13 Street No \u00bf\u00bf\u00bf\u00bf \u00bf\u00bf\u00bf"
        }
    ],
    "timestamp": "2024-03-23 15:40:45"
}{
    "status": 100,
    "message": "No record Found",
    "timestamp": "2024-03-23 15:48:55"
}{
    "status": 100,
    "message": "No record Found",
    "timestamp": "2024-03-23 15:49:05"
}{
    "status": 100,
    "message": "No record Found",
    "timestamp": "2024-03-23 15:52:44"
}{
    "status": 100,
    "data": [
        {
            "mobile": "3166475070",
            "name": "Not Available",
            "cnic": "3240341713587",
            "address": "Post-PAID"
        }
    ],
    "timestamp": "2024-03-23 15:53:02"
}{
    "status": 100,
    "message": "No record Found",
    "timestamp": "2024-03-23 15:58:58"
}{
    "status": 100,
    "data": [
        {
            "mobile": "3087367829",
            "name": "AZAM ALI",
            "cnic": "3520191765233",
            "address": null
        }
    ],
    "timestamp": "2024-03-23 15:59:29"
}{
    "status": 100,
    "message": "No record Found",
    "timestamp": "2024-03-23 16:04:37"
}{
    "status": 100,
    "message": "No record Found",
    "timestamp": "2024-03-23 16:04:49"
}{
    "status": 100,
    "message": "No record Found",
    "timestamp": "2024-03-23 16:06:44"
}{
    "status": 100,
    "message": "No record Found",
    "timestamp": "2024-03-23 16:06:52"
}{
    "status": 100,
    "data": [
        {
            "mobile": "3149797942",
            "name": "Muhammad  Usman",
            "cnic": "3730396437143",
            "address": null
        },
        {
            "mobile": "3454565042",
            "name": "MUHAMMAD USMAN",
            "cnic": "3730396437143",
            "address": "PHADIAL SOHAWA YOU C KOHALI DHOK GUJRAAN JHELUM"
        },
        {
            "mobile": "3444831510",
            "name": "MUHAMMAD USMAN",
            "cnic": "3730396437143",
            "address": "PHADIAL SOHAWA YOU C KOHALI DHOK GUJRAAN JHELUM"
        },
        {
            "mobile": "3318232591",
            "name": "MUHAMMAD USMAN",
            "cnic": "3730396437143",
            "address": ""
        },
        {
            "mobile": "3446016646",
            "name": "MUHAMMAD USMAN",
            "cnic": "3730396437143",
            "address": "PHADIAL SOHAWA YOU C KOHALI DHOK GUJRAAN JHELUM"
        },
        {
            "mobile": "3405923959",
            "name": "MUHAMMAD USMAN",
            "cnic": "3730396437143",
            "address": "PHADIAL SOHAWA YOU C KOHALI DHOK GUJRAAN JHELUM"
        },
        {
            "mobile": "3414248041",
            "name": "MUHAMMAD USMAN",
            "cnic": "3730396437143",
            "address": "PHADIAL SOHAWA YOU C KOHALI DHOK GUJRAAN JHELUM"
        },
        {
            "mobile": "3318230543",
            "name": "MUHAMMAD USMAN",
            "cnic": "3730396437143",
            "address": null
        },
        {
            "mobile": "3045223861",
            "name": "MUHAMMAD USMAN .",
            "cnic": "3730396437143",
            "address": "YOU C KOHALI DAAK KHANA PHADIAL DHOK GU UJRAAN TEHSIL SOHAWA DISTRICT JHELUM JHELUM G.P.O."
        }
    ],
    "timestamp": "2024-03-23 16:10:04"
}{
    "status": 100,
    "message": "No record Found",
    "timestamp": "2024-03-23 16:21:33"
}{
    "status": 100,
    "message": "No record Found",
    "timestamp": "2024-03-23 16:24:21"
}{
    "status": 100,
    "message": "No record Found",
    "timestamp": "2024-03-23 16:24:54"
}{
    "status": 100,
    "message": "No record Found",
    "timestamp": "2024-03-23 16:26:16"
}{
    "status": 100,
    "message": "No record Found",
    "timestamp": "2024-03-23 16:36:22"
}{
    "status": 100,
    "data": [
        {
            "mobile": "3069498400",
            "name": "ZAHID HUSSAIN .",
            "cnic": "2130316975759",
            "address": null
        },
        {
            "mobile": "3069498400",
            "name": "GULZAR HUSSAIN .",
            "cnic": "3420152753665",
            "address": "KHAS GUJRAT MANGO WAL GHARBI GUJRAT KHAS GUJRAT MANGO WAL GHARBI GUJRAT Ahmed Pur East"
        }
    ],
    "timestamp": "2024-03-23 16:36:44"
}{
    "status": 100,
    "data": [
        {
            "mobile": "3025595055",
            "name": "SHAHAAB UDDIN .",
            "cnic": "1730104043443",
            "address": "MOHALA BALU KHAIL BALA DAAK KHANA BUDH BAIR MARYAM ZAI TEHSIL \/ DISTRICT PESHAWAR  PESHAWAR G.P.O."
        }
    ],
    "timestamp": "2024-03-23 16:44:53"
}{
    "status": 100,
    "message": "No record Found",
    "timestamp": "2024-03-23 16:54:48"
}{
    "status": 100,
    "data": [
        {
            "mobile": "3339957655",
            "name": "MUHAMMAD ASGHAR SHAHZAD",
            "cnic": "3210208899503",
            "address": ""
        }
    ],
    "timestamp": "2024-03-23 16:54:59"
}{
    "status": 100,
    "data": [
        {
            "mobile": "3339957655",
            "name": "MUHAMMAD ASGHAR SHAHZAD",
            "cnic": "3210208899503",
            "address": ""
        },
        {
            "mobile": "3136480787",
            "name": "DATA NOT RECIEVED FROM NADRA",
            "cnic": "3210208899503",
            "address": null
        },
        {
            "mobile": "3322939797",
            "name": "muhammad asghar shahzad",
            "cnic": "3210208899503",
            "address": ", masom abad colony City CHORO"
        },
        {
            "mobile": "3367938889",
            "name": "MUHAMMAD ASGHAR SHAHZAD",
            "cnic": "3210208899503",
            "address": "CHOR HATA DERA GHAZI KHAN MASU"
        },
        {
            "mobile": "3336480787",
            "name": null,
            "cnic": "3210208899503",
            "address": null
        },
        {
            "mobile": "3368125629",
            "name": "muhammad asghar shahzad",
            "cnic": "3210208899503",
            "address": null
        },
        {
            "mobile": "3339955607",
            "name": "MUHAMMAD ASGHAR SHAHZAD",
            "cnic": "3210208899503",
            "address": null
        },
        {
            "mobile": "3136478739",
            "name": "DATA NOT RECIEVED FROM NADRA",
            "cnic": "3210208899503",
            "address": null
        }
    ],
    "timestamp": "2024-03-23 16:56:01"
}{
    "status": 100,
    "message": "No record Found",
    "timestamp": "2024-03-23 17:15:08"
}{
    "status": 100,
    "data": [
        {
            "mobile": "3416960285",
            "name": "MUDASSAR ATEEQ AHMAD",
            "cnic": "3460226363973",
            "address": "KHAS PASROOR MOHALA WEST KALA PAHARR SIALKOT"
        }
    ],
    "timestamp": "2024-03-23 17:23:13"
}{
    "status": 100,
    "data": [
        {
            "mobile": "3057257853",
            "name": "MUDASSAR ATTIQUE AHMAD .",
            "cnic": "3460226363973",
            "address": null
        },
        {
            "mobile": "3416960285",
            "name": "MUDASSAR ATEEQ AHMAD",
            "cnic": "3460226363973",
            "address": "KHAS PASROOR MOHALA WEST KALA PAHARR SIALKOT"
        }
    ],
    "timestamp": "2024-03-23 17:26:27"
}{
    "status": 100,
    "message": "No record Found",
    "timestamp": "2024-03-23 17:34:31"
}{
    "status": 100,
    "message": "No record Found",
    "timestamp": "2024-03-23 17:38:00"
}{
    "status": 100,
    "data": [
        {
            "mobile": "3444186086",
            "name": "SHAUKAT ALI",
            "cnic": "3530190441591",
            "address": "Lahore N\/A Lahore"
        }
    ],
    "timestamp": "2024-03-23 17:38:23"
}{
    "status": 100,
    "data": [
        {
            "mobile": "3024903820",
            "name": "SHAUKAT ALI",
            "cnic": "3530190441591",
            "address": null
        },
        {
            "mobile": "3414107621",
            "name": "SHAUKAT ALI",
            "cnic": "3530190441591",
            "address": "KOT BEDI URF GIRA UN BATAK BASEER PUR DEPALPUR KOT"
        },
        {
            "mobile": "3421089364",
            "name": "SHAUKAT ALI",
            "cnic": "3530190441591",
            "address": "KOT BEDI URF GIRA UN BATAK BASEER PUR DEPALPUR KOT"
        },
        {
            "mobile": "3444186086",
            "name": "SHAUKAT ALI",
            "cnic": "3530190441591",
            "address": "Lahore N\/A Lahore"
        },
        {
            "mobile": "3457112695",
            "name": "SHAUKAT ALI",
            "cnic": "3530190441591",
            "address": "KOT BEDI URF GIRA UN BATAK BASEER PUR DEPALPUR KOT"
        },
        {
            "mobile": "3421089365",
            "name": "SHAUKAT ALI",
            "cnic": "3530190441591",
            "address": "KOT BEDI URF GIRA UN BATAK BASEER PUR DEPALPUR KOT"
        },
        {
            "mobile": "3024901772",
            "name": "SHAUKAT ALI",
            "cnic": "3530190441591",
            "address": "Lahore N\/A Lahore"
        }
    ],
    "timestamp": "2024-03-23 17:39:15"
}{
    "status": 100,
    "message": "No record Found",
    "timestamp": "2024-03-23 17:42:24"
}{
    "status": 100,
    "message": "No record Found",
    "timestamp": "2024-03-23 17:56:42"
}{
    "status": 100,
    "data": [
        {
            "mobile": "3158166081",
            "name": "Kosar  Parveen",
            "cnic": "4230184219332",
            "address": null
        }
    ],
    "timestamp": "2024-03-23 18:00:42"
}{
    "status": 100,
    "message": "No record Found",
    "timestamp": "2024-03-23 18:05:15"
}{
    "status": 100,
    "data": [
        {
            "mobile": "3155491242",
            "name": "DATA NOT RECIEVED FROM NADRA",
            "cnic": "3740296129319",
            "address": null
        }
    ],
    "timestamp": "2024-03-23 18:06:02"
}{
    "status": 100,
    "data": [
        {
            "mobile": "3155491242",
            "name": "DATA NOT RECIEVED FROM NADRA",
            "cnic": "3740296129319",
            "address": null
        },
        {
            "mobile": "3345012817",
            "name": "WAHEED AKHTAR",
            "cnic": "3740296129319",
            "address": "KHAS KAHUTA LEHRHI RAWALPINDI"
        },
        {
            "mobile": "3245423996",
            "name": "WAHEED AKHTAR .",
            "cnic": "3740296129319",
            "address": null
        },
        {
            "mobile": "3318980848",
            "name": "Waheed Akhter",
            "cnic": "3740296129319",
            "address": "City Lehri Tehsil Kahuta Distr"
        },
        {
            "mobile": "3415945731",
            "name": "WAHEED AKHTAR",
            "cnic": "3740296129319",
            "address": "KHAS KAHUTA LEHRHI RAWALPINDI"
        },
        {
            "mobile": "3045173736",
            "name": "WAHEED AKHTAR .",
            "cnic": "3740296129319",
            "address": "DAAK KHANA KHAS LEHRHI TEHSIL KAHUTA DI ISTRICT RAWALPINDI RAWALPINDI G.P.O."
        }
    ],
    "timestamp": "2024-03-23 18:06:12"
}{
    "status": 100,
    "message": "No record Found",
    "timestamp": "2024-03-23 18:46:43"
}{
    "status": 100,
    "message": "No record Found",
    "timestamp": "2024-03-23 18:55:23"
}{
    "status": 100,
    "message": "No record Found",
    "timestamp": "2024-03-23 18:56:52"
}{
    "status": 100,
    "data": [
        {
            "mobile": "3040077752",
            "name": "SHAHID HUSSAIN .",
            "cnic": "4540403791363",
            "address": "JAAM SAHIB DAUR GOTH GHULAM MUHAMMAD SHA R GOJARO SHHEEDBEENZEER ABADJAAM SAHIB D Lahore"
        }
    ],
    "timestamp": "2024-03-23 19:11:32"
}{
    "status": 100,
    "data": [
        {
            "mobile": "3214710775",
            "name": "ROZINA KAUSAR",
            "cnic": "3520260624214",
            "address": null
        }
    ],
    "timestamp": "2024-03-23 20:12:00"
}{
    "status": 100,
    "message": "No record Found",
    "timestamp": "2024-03-23 22:39:48"
}{
    "status": 100,
    "message": "No record Found",
    "timestamp": "2024-03-23 22:43:16"
}{
    "status": 100,
    "message": "No record Found",
    "timestamp": "2024-03-23 22:43:45"
}