{
    "status": 100,
    "data": [
        {
            "mobile": "3040097258",
            "name": "SJAD HUSSAIN .",
            "cnic": "3720161083699",
            "address": "HOUSE NUMBER 294 ST 67 SEC F11  1 ISB Islamabad"
        },
        {
            "mobile": "3097770111",
            "name": "SHINS & CO",
            "cnic": "3720161083699",
            "address": "AWT housing scheme D 18  Islamabad"
        }
    ],
    "timestamp": "2024-03-24 00:40:38"
}{
    "status": 100,
    "data": [
        {
            "mobile": "3040097258",
            "name": "SJAD HUSSAIN .",
            "cnic": "3720161083699",
            "address": "HOUSE NUMBER 294 ST 67 SEC F11  1 ISB Islamabad"
        },
        {
            "mobile": "3097770111",
            "name": "SHINS & CO",
            "cnic": "3720161083699",
            "address": "AWT housing scheme D 18  Islamabad"
        }
    ],
    "timestamp": "2024-03-24 00:51:12"
}{
    "status": 100,
    "data": [
        {
            "mobile": "3040097258",
            "name": "SJAD HUSSAIN .",
            "cnic": "3720161083699",
            "address": "HOUSE NUMBER 294 ST 67 SEC F11  1 ISB Islamabad"
        },
        {
            "mobile": "3097770111",
            "name": "SHINS & CO",
            "cnic": "3720161083699",
            "address": "AWT housing scheme D 18  Islamabad"
        }
    ],
    "timestamp": "2024-03-24 00:51:44"
}{
    "status": 100,
    "data": [
        {
            "mobile": "3000280650",
            "name": "MOHSIN RAZA LIAQAT .",
            "cnic": "3520213821265",
            "address": null
        }
    ],
    "timestamp": "2024-03-24 00:53:33"
}{
    "status": 100,
    "data": [
        {
            "mobile": "3134542526",
            "name": "iqra  bano",
            "cnic": "3520223897344",
            "address": null
        },
        {
            "mobile": "3104863760",
            "name": "iqra  bano",
            "cnic": "3520223897344",
            "address": null
        },
        {
            "mobile": "3065941207",
            "name": "IQRA BANO .",
            "cnic": "3520223897344",
            "address": "HOUSE NUMBER 17 STREET NUMBER 16 HAJVAI IRI MOHALA SHAHDRAH LAHORE LAHORE G.P.O"
        },
        {
            "mobile": "3028347829",
            "name": "IQRA BANO .",
            "cnic": "3520223897344",
            "address": "HOUSE NUMBER 17 STREET NUMBER 16 HAJVAI IRI MOHALA SHAHDRAH LAHORE LAHORE G.P.O"
        }
    ],
    "timestamp": "2024-03-24 00:54:07"
}{
    "status": 100,
    "message": "No record Found",
    "timestamp": "2024-03-24 00:56:36"
}{
    "status": 100,
    "data": [
        {
            "mobile": "3240958208",
            "name": "MEMA BIBI .",
            "cnic": "3220386400022",
            "address": null
        }
    ],
    "timestamp": "2024-03-24 01:31:27"
}{
    "status": 100,
    "data": [
        {
            "mobile": "3216158632",
            "name": "MEMA BIBI .",
            "cnic": "3220386400022",
            "address": null
        },
        {
            "mobile": "3231735508",
            "name": "MEMA BIBI .",
            "cnic": "3220386400022",
            "address": null
        },
        {
            "mobile": "3231735618",
            "name": "MEMA BIBI .",
            "cnic": "3220386400022",
            "address": null
        },
        {
            "mobile": "3240874323",
            "name": "MEMA BIBI .",
            "cnic": "3220386400022",
            "address": null
        },
        {
            "mobile": "3240958208",
            "name": "MEMA BIBI .",
            "cnic": "3220386400022",
            "address": null
        }
    ],
    "timestamp": "2024-03-24 01:31:36"
}{
    "status": 100,
    "message": "No record Found",
    "timestamp": "2024-03-24 03:47:15"
}{
    "status": 100,
    "message": "No record Found",
    "timestamp": "2024-03-24 03:47:45"
}{
    "status": 100,
    "message": "No record Found",
    "timestamp": "2024-03-24 03:55:40"
}{
    "status": 100,
    "message": "No record Found",
    "timestamp": "2024-03-24 04:17:05"
}{
    "status": 100,
    "message": "No record Found",
    "timestamp": "2024-03-24 04:46:45"
}{
    "status": 100,
    "data": [
        {
            "mobile": "3057690583",
            "name": "NAJMA BIBI .",
            "cnic": "3110595092376",
            "address": null
        },
        {
            "mobile": "3057690583",
            "name": "AJMAL .",
            "cnic": "4410165183147",
            "address": "DEGREE GOTH RAIS MUHAMMAD IBRAHIM DEH 1 163 MIRPUR KHAS MIRPUR GPO"
        }
    ],
    "timestamp": "2024-03-24 04:51:19"
}{
    "status": 100,
    "data": [
        {
            "mobile": "3161100226",
            "name": "null  azra",
            "cnic": "3310656614318",
            "address": null
        },
        {
            "mobile": "3094111933",
            "name": "AZRA .",
            "cnic": "3310656614318",
            "address": null
        },
        {
            "mobile": "3220845166",
            "name": "AZRA .",
            "cnic": "3310656614318",
            "address": null
        },
        {
            "mobile": "3051831129",
            "name": "AZRA .",
            "cnic": "3310656614318",
            "address": "MOHALA CHAK NUMBER 422 G B TANDLIANWALA A DISTRICT FAISAL ABAD FAISALABAD G.P.O."
        },
        {
            "mobile": "3080441949",
            "name": "AZRA .",
            "cnic": "3310656614318",
            "address": "MOHALA CHAK NUMBER 422 G B TANDLIANWALA A DISTRICT FAISAL ABAD FAISALABAD G.P.O."
        },
        {
            "mobile": "3092314042",
            "name": "AZRA .",
            "cnic": "3310656614318",
            "address": "MOHALA CHAK NUMBER 422 G B TANDLIANWALA A DISTRICT FAISAL ABAD FAISALABAD G.P.O."
        },
        {
            "mobile": "3092316090",
            "name": "AZRA .",
            "cnic": "3310656614318",
            "address": "MOHALA CHAK NUMBER 422 G B TANDLIANWALA A DISTRICT FAISAL ABAD FAISALABAD G.P.O."
        }
    ],
    "timestamp": "2024-03-24 04:51:34"
}{
    "status": 100,
    "data": [
        {
            "mobile": "3098566876",
            "name": "RIYASAT ALI .",
            "cnic": "3510173860245",
            "address": null
        }
    ],
    "timestamp": "2024-03-24 05:05:05"
}{
    "status": 100,
    "data": [
        {
            "mobile": "3065118175",
            "name": "YASAR KHAN",
            "cnic": "3310538557745",
            "address": "KHAS SUMANDRI CHAK 478 G B CHAWA FAISAL ABADKHAS SUMANDRI CHAK 478 G B CHAWA FAI Faisalabad"
        },
        {
            "mobile": "3065118175",
            "name": "FAHAD FAREED .",
            "cnic": "3660190102207",
            "address": null
        }
    ],
    "timestamp": "2024-03-24 05:05:43"
}{
    "status": 100,
    "data": [
        {
            "mobile": "3065118175",
            "name": "FAHAD FAREED .",
            "cnic": "3660190102207",
            "address": null
        },
        {
            "mobile": "3095391584",
            "name": "FAHAD FAREED .",
            "cnic": "3660190102207",
            "address": null
        },
        {
            "mobile": "3220713229",
            "name": "FAHAD FAREED .",
            "cnic": "3660190102207",
            "address": null
        },
        {
            "mobile": "3246268342",
            "name": "FAHAD FAREED .",
            "cnic": "3660190102207",
            "address": null
        },
        {
            "mobile": "3095389536",
            "name": "FAHAD FAREED .",
            "cnic": "3660190102207",
            "address": "City CHAK NO 247\/E.B. Tehsil BUREWALA D  BUREWALA G.P.O."
        }
    ],
    "timestamp": "2024-03-24 05:06:35"
}{
    "status": 100,
    "message": "No record Found",
    "timestamp": "2024-03-24 05:36:37"
}{
    "status": 100,
    "data": [
        {
            "mobile": "3495846827",
            "name": null,
            "cnic": "4410344972468",
            "address": null
        }
    ],
    "timestamp": "2024-03-24 05:41:25"
}{
    "status": 100,
    "message": "No record Found",
    "timestamp": "2024-03-24 05:42:08"
}{
    "status": 100,
    "message": "No record Found",
    "timestamp": "2024-03-24 05:42:23"
}{
    "status": 100,
    "message": "No record Found",
    "timestamp": "2024-03-24 05:42:43"
}{
    "status": 100,
    "data": [
        {
            "mobile": "3109917690",
            "name": "noor ullah khan",
            "cnic": "1730180340373",
            "address": "Post-PAID"
        }
    ],
    "timestamp": "2024-03-24 05:42:58"
}{
    "status": 100,
    "message": "No record Found",
    "timestamp": "2024-03-24 05:43:33"
}{
    "status": 100,
    "data": [
        {
            "mobile": "3104585917",
            "name": "MUHAMMAD SAJID ALI",
            "cnic": "3660323612573",
            "address": null
        }
    ],
    "timestamp": "2024-03-24 05:43:46"
}{
    "status": 100,
    "data": [
        {
            "mobile": "3081443230",
            "name": "SAMAN KHAN .",
            "cnic": "6110172142686",
            "address": "HOUSE NUMBER 8-16\/95 MOHALA TIN TOWN KA ANSI ROAD KOIT H PAKISTAN"
        },
        {
            "mobile": "3229651490",
            "name": "SAMAN KHAN .",
            "cnic": "6110172142686",
            "address": null
        },
        {
            "mobile": "3081441182",
            "name": "SAMAN KHAN .",
            "cnic": "6110172142686",
            "address": "HOUSE NUMBER 8-16\/95 MOHALA TIN TOWN KA ANSI ROAD KOIT H PAKISTAN"
        }
    ],
    "timestamp": "2024-03-24 05:44:29"
}{
    "status": 100,
    "data": [
        {
            "mobile": "3315384322",
            "name": "muhammad waleed",
            "cnic": "3740573978033",
            "address": "House No 31 Street No 19 "
        }
    ],
    "timestamp": "2024-03-24 05:45:20"
}{
    "status": 100,
    "message": "No record Found",
    "timestamp": "2024-03-24 05:46:07"
}{
    "status": 100,
    "message": "No record Found",
    "timestamp": "2024-03-24 05:46:33"
}{
    "status": 100,
    "message": "No record Found",
    "timestamp": "2024-03-24 05:57:34"
}{
    "status": 100,
    "data": [
        {
            "mobile": "3098153808",
            "name": "MUHAMMAD BILAL .",
            "cnic": "3630460587693",
            "address": null
        }
    ],
    "timestamp": "2024-03-24 05:57:56"
}{
    "status": 100,
    "data": [
        {
            "mobile": "3009696604",
            "name": "ZEESHAN BASHEER",
            "cnic": "3650161795871",
            "address": "4 CHICHA WATNI ALI TOWN CHICHA WATNI SAHIWAL Lahore"
        }
    ],
    "timestamp": "2024-03-24 06:14:26"
}{
    "status": 100,
    "data": [
        {
            "mobile": "3079911612",
            "name": "WANNAS NAEEM .",
            "cnic": "3310458814512",
            "address": null
        }
    ],
    "timestamp": "2024-03-24 06:17:36"
}{
    "status": 100,
    "data": [
        {
            "mobile": "3017909559",
            "name": "MUHAMMAD AFZAL",
            "cnic": "3110289011087",
            "address": "CHAK # 16G P\/O CHISHTIAN  Khanewal"
        },
        {
            "mobile": "3017909559",
            "name": "ZEESHAN AKRAM .",
            "cnic": "3650168565971",
            "address": null
        }
    ],
    "timestamp": "2024-03-24 06:53:14"
}{
    "status": 100,
    "data": [
        {
            "mobile": "3487538177",
            "name": "SAJJAD HUSSAIN SHAH",
            "cnic": "3320225451891",
            "address": "JHANG CITY JHANG CHUNGI NUMBER 22 SARGODHA ROAD JH"
        }
    ],
    "timestamp": "2024-03-24 07:01:29"
}{
    "status": 100,
    "data": [
        {
            "mobile": "3487538177",
            "name": "SAJJAD HUSSAIN SHAH",
            "cnic": "3320225451891",
            "address": "JHANG CITY JHANG CHUNGI NUMBER 22 SARGODHA ROAD JH"
        },
        {
            "mobile": "3425305458",
            "name": null,
            "cnic": "3320225451891",
            "address": null
        },
        {
            "mobile": "3157272433",
            "name": "Not Available",
            "cnic": "3320225451891",
            "address": "Post-PAID"
        }
    ],
    "timestamp": "2024-03-24 07:01:42"
}{
    "status": 100,
    "message": "No record Found",
    "timestamp": "2024-03-24 07:11:25"
}{
    "status": 100,
    "message": "No record Found",
    "timestamp": "2024-03-24 07:24:52"
}{
    "status": 100,
    "data": [
        {
            "mobile": "3045777319",
            "name": "BILAL SIDDIQUE .",
            "cnic": "3730179610821",
            "address": null
        }
    ],
    "timestamp": "2024-03-24 07:37:21"
}{
    "status": 100,
    "message": "No record Found",
    "timestamp": "2024-03-24 07:38:20"
}{
    "status": 100,
    "message": "No record Found",
    "timestamp": "2024-03-24 07:53:38"
}{
    "status": 100,
    "message": "No record Found",
    "timestamp": "2024-03-24 07:56:59"
}{
    "status": 100,
    "message": "No record Found",
    "timestamp": "2024-03-24 07:58:33"
}{
    "timestamp": "2024-03-24 08:15:22"
}{
    "status": 100,
    "message": "No record Found",
    "timestamp": "2024-03-24 08:15:31"
}{
    "status": 100,
    "data": [
        {
            "mobile": "3089728643",
            "name": "IRSA BIBI .",
            "cnic": "1350360070438",
            "address": null
        }
    ],
    "timestamp": "2024-03-24 08:22:46"
}{
    "status": 100,
    "message": "No record Found",
    "timestamp": "2024-03-24 08:28:14"
}{
    "status": 100,
    "data": [
        {
            "mobile": "3103816862",
            "name": "DATA NOT RECIEVED FROM NADRA",
            "cnic": "4140970064633",
            "address": null
        }
    ],
    "timestamp": "2024-03-24 08:32:54"
}{
    "timestamp": "2024-03-24 09:33:58"
}{
    "status": 100,
    "data": [
        {
            "mobile": "3316656107",
            "name": "MUHAMMAD ASIF ZAMAN",
            "cnic": "3460314321109",
            "address": "KHAS SIALKOT BERTA SIALKOT"
        }
    ],
    "timestamp": "2024-03-24 09:35:30"
}{
    "status": 100,
    "data": [
        {
            "mobile": "3023318131",
            "name": "MUZAFFAR ALI MEMON .",
            "cnic": "4140970064633",
            "address": null
        },
        {
            "mobile": "3053587910",
            "name": "MUZAFFAR ALI MEMON .",
            "cnic": "4140970064633",
            "address": null
        },
        {
            "mobile": "3085504988",
            "name": "MUZAFFAR ALI MEMON .",
            "cnic": "4140970064633",
            "address": null
        },
        {
            "mobile": "3203643830",
            "name": "MUZAFFAR ALI MEMON .",
            "cnic": "4140970064633",
            "address": null
        },
        {
            "mobile": "3218511370",
            "name": "MUZAFFAR ALI MEMON .",
            "cnic": "4140970064633",
            "address": null
        },
        {
            "mobile": "3103816862",
            "name": "DATA NOT RECIEVED FROM NADRA",
            "cnic": "4140970064633",
            "address": null
        },
        {
            "mobile": "3218509322",
            "name": "MUZAFFAR ALI MEMON",
            "cnic": "4140970064633",
            "address": "THATTA AGAR MOHALA WARID 3 THATTO THATTA"
        }
    ],
    "timestamp": "2024-03-24 09:37:17"
}{
    "status": 100,
    "message": "No record Found",
    "timestamp": "2024-03-24 09:45:31"
}{
    "status": 100,
    "data": [
        {
            "mobile": "3023318131",
            "name": "MUZAFFAR ALI MEMON .",
            "cnic": "4140970064633",
            "address": null
        },
        {
            "mobile": "3053587910",
            "name": "MUZAFFAR ALI MEMON .",
            "cnic": "4140970064633",
            "address": null
        },
        {
            "mobile": "3085504988",
            "name": "MUZAFFAR ALI MEMON .",
            "cnic": "4140970064633",
            "address": null
        },
        {
            "mobile": "3203643830",
            "name": "MUZAFFAR ALI MEMON .",
            "cnic": "4140970064633",
            "address": null
        },
        {
            "mobile": "3218511370",
            "name": "MUZAFFAR ALI MEMON .",
            "cnic": "4140970064633",
            "address": null
        },
        {
            "mobile": "3103816862",
            "name": "DATA NOT RECIEVED FROM NADRA",
            "cnic": "4140970064633",
            "address": null
        },
        {
            "mobile": "3218509322",
            "name": "MUZAFFAR ALI MEMON",
            "cnic": "4140970064633",
            "address": "THATTA AGAR MOHALA WARID 3 THATTO THATTA"
        }
    ],
    "timestamp": "2024-03-24 09:47:17"
}{
    "status": 100,
    "message": "No record Found",
    "timestamp": "2024-03-24 09:47:56"
}{
    "status": 100,
    "data": [
        {
            "mobile": "3475182062",
            "name": "NASEEB ULLAH",
            "cnic": "5630261583719",
            "address": "DAAK KHANA MIKHTAR AGHARAB TEHSIL MUKHTAR DISTRICT"
        }
    ],
    "timestamp": "2024-03-24 09:59:07"
}{
    "status": 100,
    "data": [
        {
            "mobile": "3134616222",
            "name": "DATA NOT RECIEVED FROM NADRA",
            "cnic": "3520194111505",
            "address": null
        }
    ],
    "timestamp": "2024-03-24 10:00:19"
}{
    "status": 100,
    "data": [
        {
            "mobile": "3151321125",
            "name": "DATA NOT RECIEVED FROM NADRA",
            "cnic": "4140943364027",
            "address": "Post-PAID"
        },
        {
            "mobile": "3058437855",
            "name": "MUHAMMAD USMAN SHORO .",
            "cnic": "4140943364027",
            "address": null
        },
        {
            "mobile": "3221582708",
            "name": "MUHAMMAD USMAN SHORO .",
            "cnic": "4140943364027",
            "address": null
        },
        {
            "mobile": "3100035729",
            "name": "DATA NOT RECIEVED FROM NADRA",
            "cnic": "4140943364027",
            "address": null
        },
        {
            "mobile": "3033024890",
            "name": "MUHAMMAD USMAN SHORO .",
            "cnic": "4140943364027",
            "address": "THATTO THATTA GOTH MUHAMMAD IBRAHIM  Thatta"
        },
        {
            "mobile": "3058435807",
            "name": "MUHAMMAD USMAN SHORO .",
            "cnic": "4140943364027",
            "address": "THATTO THATTA GOTH MUHAMMAD IBRAHIM  Thatta"
        }
    ],
    "timestamp": "2024-03-24 10:00:23"
}{
    "status": 100,
    "data": [
        {
            "mobile": "3015836852",
            "name": "WAZIR FATIMA .",
            "cnic": "3740412226496",
            "address": null
        },
        {
            "mobile": "3015836852",
            "name": "NAZIA TABASSUM",
            "cnic": "8120266511644",
            "address": "QAMROTI KOTLI MOHALA NAHLHKHD GOJRAN KOTLI Lahore"
        }
    ],
    "timestamp": "2024-03-24 10:00:47"
}{
    "status": 100,
    "data": [
        {
            "mobile": "3412786876",
            "name": null,
            "cnic": "3310169448066",
            "address": null
        }
    ],
    "timestamp": "2024-03-24 10:14:35"
}{
    "status": 100,
    "data": [
        {
            "mobile": "3466547660",
            "name": null,
            "cnic": "3310169448066",
            "address": null
        },
        {
            "mobile": "3412786876",
            "name": null,
            "cnic": "3310169448066",
            "address": null
        }
    ],
    "timestamp": "2024-03-24 10:16:01"
}{
    "status": 100,
    "message": "No record Found",
    "timestamp": "2024-03-24 10:21:20"
}{
    "status": 100,
    "message": "No record Found",
    "timestamp": "2024-03-24 10:26:31"
}{
    "status": 100,
    "data": [
        {
            "mobile": "3117182292",
            "name": "muhammad  ashraf",
            "cnic": "3320242446271",
            "address": null
        },
        {
            "mobile": "3117182292",
            "name": "DATA NOT RECIEVED FROM NADRA",
            "cnic": "3430178252407",
            "address": null
        }
    ],
    "timestamp": "2024-03-24 10:27:28"
}{
    "status": 100,
    "data": [
        {
            "mobile": "3117182292",
            "name": "muhammad  ashraf",
            "cnic": "3320242446271",
            "address": null
        },
        {
            "mobile": "3051588159",
            "name": "MUHAMMAD ASHRAF .",
            "cnic": "3320242446271",
            "address": "1556 JHANG CHANDAN WAAL H NAZD MADRAS H H RIAZ AL ISLAM JHANG JHANG G.P.O."
        },
        {
            "mobile": "3416922675",
            "name": "MUHAMMAD ASHRAF",
            "cnic": "3320242446271",
            "address": "1556 JHANG CHANDAN WAAL H NAZD MADRAS H RIAZ AL IS"
        },
        {
            "mobile": "3475529776",
            "name": "MUHAMMAD ASHRAF",
            "cnic": "3320242446271",
            "address": "1556 JHANG CHANDAN WAAL H NAZD MADRAS H RIAZ AL IS"
        },
        {
            "mobile": "3117180244",
            "name": "muhammad  ashraf",
            "cnic": "3320242446271",
            "address": null
        }
    ],
    "timestamp": "2024-03-24 10:27:38"
}{
    "status": 100,
    "data": [
        {
            "mobile": "3035880076",
            "name": "SAJJAD AHMAD .",
            "cnic": "6110141523105",
            "address": "DAAK KHANA KHAS CHAK NUMBER 49\/12L TEHS SIL CHICHA WATNI DISTRICT SAHIWAL SAHIWAL G.P.O."
        }
    ],
    "timestamp": "2024-03-24 10:31:45"
}{
    "status": 100,
    "data": [
        {
            "mobile": "3417182292",
            "name": null,
            "cnic": "3320282971102",
            "address": null
        }
    ],
    "timestamp": "2024-03-24 10:34:30"
}{
    "status": 100,
    "data": [
        {
            "mobile": "3417182292",
            "name": null,
            "cnic": "3320282971102",
            "address": null
        }
    ],
    "timestamp": "2024-03-24 10:35:00"
}{
    "status": 100,
    "data": [
        {
            "mobile": "3025441499",
            "name": "QALBI ABBAS",
            "cnic": "3310044034619",
            "address": "CHAK # 225 ST # 7 AHMAD ABAD  Faisalabad"
        }
    ],
    "timestamp": "2024-03-24 10:39:20"
}{
    "status": 100,
    "data": [
        {
            "mobile": "3404817981",
            "name": "NIAZ AHMAD",
            "cnic": "3650213442281",
            "address": "SIKHRA YAN WALA HARHPA CITY SAHIWAL CHAK NUMBER 10"
        }
    ],
    "timestamp": "2024-03-24 10:42:52"
}{
    "status": 100,
    "data": [
        {
            "mobile": "3467456926",
            "name": "NIAZ AHMAD",
            "cnic": "3650213442281",
            "address": "SIKHRA YAN WALA HARHPA CITY SAHIWAL CHAK NUMBER 10"
        },
        {
            "mobile": "3404817981",
            "name": "NIAZ AHMAD",
            "cnic": "3650213442281",
            "address": "SIKHRA YAN WALA HARHPA CITY SAHIWAL CHAK NUMBER 10"
        },
        {
            "mobile": "3475986296",
            "name": "NIAZ AHMAD",
            "cnic": "3650213442281",
            "address": "SIKHRA YAN WALA HARHPA CITY SAHIWAL CHAK NUMBER 10"
        },
        {
            "mobile": "3066928758",
            "name": "NAIZ AHMAD",
            "cnic": "3650213442281",
            "address": null
        },
        {
            "mobile": "3424779552",
            "name": "NIAZ AHMAD",
            "cnic": "3650213442281",
            "address": "SIKHRA YAN WALA HARHPA CITY SAHIWAL CHAK NUMBER 10"
        },
        {
            "mobile": "3066926710",
            "name": "NAIZ AHMAD",
            "cnic": "3650213442281",
            "address": "CHAK NO 102 6 A R SAHIWAL Sahiwaal"
        }
    ],
    "timestamp": "2024-03-24 10:43:15"
}{
    "status": 100,
    "message": "No record Found",
    "timestamp": "2024-03-24 10:44:19"
}{
    "status": 100,
    "message": "No record Found",
    "timestamp": "2024-03-24 10:44:40"
}{
    "status": 100,
    "message": "No record Found",
    "timestamp": "2024-03-24 10:47:14"
}{
    "status": 100,
    "message": "No record Found",
    "timestamp": "2024-03-24 10:50:36"
}{
    "status": 100,
    "data": [
        {
            "mobile": "3037821853",
            "name": "NASEER AHMAD .",
            "cnic": "3630281432525",
            "address": "KHAS MULTAN MUMTAZ COLONY RAM KILLI KHAS MULTAN MUMTAZ COLONY RAM KILLI Multan"
        },
        {
            "mobile": "3039699436",
            "name": "NASEER AHMAD .",
            "cnic": "3630281432525",
            "address": "KHAS MULTAN MUMTAZ COLONY RAM KILLI KHAS MULTAN MUMTAZ COLONY RAM KILLI Multan"
        },
        {
            "mobile": "3209535489",
            "name": "NASEER AHMAD .",
            "cnic": "3630281432525",
            "address": null
        },
        {
            "mobile": "3426719804",
            "name": "NASEER AHMED",
            "cnic": "3630281432525",
            "address": "STREET NUMBER 1 MOHALA SYED COLONY MULTAN"
        },
        {
            "mobile": "3427893003",
            "name": null,
            "cnic": "3630281432525",
            "address": null
        }
    ],
    "timestamp": "2024-03-24 10:51:11"
}{
    "status": 100,
    "message": "No record Found",
    "timestamp": "2024-03-24 10:51:12"
}{
    "status": 100,
    "data": [
        {
            "mobile": "3096474369",
            "name": "WASEEM SAJJAD .",
            "cnic": "3120404558271",
            "address": "village ahmed bhan SAKRAND City SHAHEED BENAZIR ABAD Lahore"
        },
        {
            "mobile": "3097986753",
            "name": "WASEEM SAJJAD .",
            "cnic": "3120404558271",
            "address": "village ahmed bhan SAKRAND City SHAHEED BENAZIR ABAD Lahore"
        },
        {
            "mobile": "3236846523",
            "name": "WASEEM SAJJAD .",
            "cnic": "3120404558271",
            "address": null
        },
        {
            "mobile": "3097984705",
            "name": "WASEEM SAJJAD .",
            "cnic": "3120404558271",
            "address": "village ahmed bhan SAKRAND City SHAHEED BENAZIR ABAD Lahore"
        }
    ],
    "timestamp": "2024-03-24 10:52:09"
}{
    "timestamp": "2024-03-24 10:55:38"
}{
    "status": 100,
    "message": "No record Found",
    "timestamp": "2024-03-24 11:01:40"
}{
    "status": 100,
    "message": "No record Found",
    "timestamp": "2024-03-24 11:02:24"
}{
    "status": 100,
    "data": [
        {
            "mobile": "3466439657",
            "name": null,
            "cnic": "3630110749375",
            "address": null
        },
        {
            "mobile": "3460037986",
            "name": null,
            "cnic": "3630110749375",
            "address": null
        },
        {
            "mobile": "3476822368",
            "name": null,
            "cnic": "3630110749375",
            "address": null
        }
    ],
    "timestamp": "2024-03-24 11:02:53"
}{
    "status": 100,
    "data": [
        {
            "mobile": "3476809484",
            "name": "ZOR TALAB KHAN",
            "cnic": "4210136453407",
            "address": "NEW DARBUND COLONY AUGI SABAY HASSAN ZAI MANSEHRA"
        }
    ],
    "timestamp": "2024-03-24 11:19:19"
}{
    "status": 100,
    "data": [
        {
            "mobile": "3404799434",
            "name": "ZOR TALAB KHAN",
            "cnic": "4210136453407",
            "address": "NEW DARBUND COLONY AUGI SABAY HASSAN ZAI MANSEHRA"
        },
        {
            "mobile": "3476809484",
            "name": "ZOR TALAB KHAN",
            "cnic": "4210136453407",
            "address": "NEW DARBUND COLONY AUGI SABAY HASSAN ZAI MANSEHRA"
        },
        {
            "mobile": "3475181976",
            "name": "ZOR TALAB KHAN",
            "cnic": "4210136453407",
            "address": "NEW DARBUND COLONY AUGI SABAY HASSAN ZAI MANSEHRA"
        },
        {
            "mobile": "3422730634",
            "name": "ZOR TALAB KHAN",
            "cnic": "4210136453407",
            "address": "NEW DARBUND COLONY AUGI SABAY HASSAN ZAI MANSEHRA"
        },
        {
            "mobile": "3333653688",
            "name": "FABKNIT",
            "cnic": "4210136453407",
            "address": "D  219 \/A  S.I.T.E Area Karach"
        }
    ],
    "timestamp": "2024-03-24 11:19:34"
}{
    "status": 100,
    "message": "No record Found",
    "timestamp": "2024-03-24 11:29:03"
}{
    "status": 100,
    "data": [
        {
            "mobile": "3480486081",
            "name": "NAZIA NAZIA",
            "cnic": "3520148581992",
            "address": "STREET NUMBER 1 MOHALA KOTLI PEER ABDUL REHMAN BAG"
        }
    ],
    "timestamp": "2024-03-24 11:32:15"
}{
    "status": 100,
    "message": "No record Found",
    "timestamp": "2024-03-24 11:37:35"
}{
    "status": 100,
    "data": [
        {
            "mobile": "3130600803",
            "name": "muhammad  saleem",
            "cnic": "3660332044031",
            "address": null
        }
    ],
    "timestamp": "2024-03-24 11:38:03"
}{
    "status": 100,
    "data": [
        {
            "mobile": "3130602851",
            "name": "muhammad  saleem",
            "cnic": "3660332044031",
            "address": null
        },
        {
            "mobile": "3038348671",
            "name": "MUHAMMAD SALEEM .",
            "cnic": "3660332044031",
            "address": null
        },
        {
            "mobile": "3407399716",
            "name": "MUHAMMAD SALEEM",
            "cnic": "3660332044031",
            "address": "BASTI NOOR PUR POST OFFICE RATTA TABBA QADAR ABAD TEHSIL \/ ZILAH VEHARI"
        },
        {
            "mobile": "3130600803",
            "name": "muhammad  saleem",
            "cnic": "3660332044031",
            "address": null
        },
        {
            "mobile": "3038346623",
            "name": "MUHAMMAD SALEEM .",
            "cnic": "3660332044031",
            "address": "village ahmed bhan SAKRAND City SHAHEED BENAZIR ABAD Lahore"
        }
    ],
    "timestamp": "2024-03-24 11:38:16"
}{
    "status": 100,
    "message": "No record Found",
    "timestamp": "2024-03-24 11:38:51"
}{
    "status": 100,
    "data": [
        {
            "mobile": "3429015567",
            "name": null,
            "cnic": "1340375200387",
            "address": null
        }
    ],
    "timestamp": "2024-03-24 11:47:32"
}{
    "status": 100,
    "data": [
        {
            "mobile": "3463670003",
            "name": null,
            "cnic": "1710236559497",
            "address": null
        },
        {
            "mobile": "3463670003",
            "name": "NAHEED NAHEED",
            "cnic": "4320387905746",
            "address": "1 AQIL LARKANA AQIL LARKANA"
        }
    ],
    "timestamp": "2024-03-24 11:59:30"
}{
    "status": 100,
    "message": "No record Found",
    "timestamp": "2024-03-24 12:40:52"
}{
    "status": 100,
    "data": [
        {
            "mobile": "3020720411",
            "name": "MUHAMMAD DANISH .",
            "cnic": "3610292893097",
            "address": null
        },
        {
            "mobile": "3207756779",
            "name": "MUHAMMAD DANISH .",
            "cnic": "3610292893097",
            "address": null
        }
    ],
    "timestamp": "2024-03-24 12:49:55"
}{
    "status": 100,
    "data": [
        {
            "mobile": "3020720411",
            "name": "MUHAMMAD DANISH .",
            "cnic": "3610292893097",
            "address": null
        }
    ],
    "timestamp": "2024-03-24 12:50:10"
}{
    "status": 100,
    "message": "No record Found",
    "timestamp": "2024-03-24 12:50:40"
}{
    "status": 100,
    "message": "No record Found",
    "timestamp": "2024-03-24 12:50:51"
}{
    "status": 100,
    "message": "No record Found",
    "timestamp": "2024-03-24 12:51:16"
}{
    "status": 100,
    "message": "No record Found",
    "timestamp": "2024-03-24 12:51:29"
}{
    "status": 100,
    "message": "No record Found",
    "timestamp": "2024-03-24 12:51:53"
}{
    "status": 100,
    "message": "No record Found",
    "timestamp": "2024-03-24 12:52:14"
}{
    "status": 100,
    "data": [
        {
            "mobile": "3111012167",
            "name": "DATA NOT RECIEVED FROM NADRA",
            "cnic": "3740515039405",
            "address": null
        },
        {
            "mobile": "3111012167",
            "name": "shahida  chania",
            "cnic": "4130537614360",
            "address": null
        }
    ],
    "timestamp": "2024-03-24 12:59:28"
}{
    "status": 100,
    "data": [
        {
            "mobile": "3111012167",
            "name": "DATA NOT RECIEVED FROM NADRA",
            "cnic": "3740515039405",
            "address": null
        },
        {
            "mobile": "3331961810",
            "name": "pir m noman shah hashmi",
            "cnic": "3740515039405",
            "address": "House No 262\/52A jan st City R"
        },
        {
            "mobile": "3111010119",
            "name": "DATA NOT RECIEVED FROM NADRA",
            "cnic": "3740515039405",
            "address": null
        }
    ],
    "timestamp": "2024-03-24 13:00:06"
}{
    "status": 100,
    "data": [
        {
            "mobile": "3325333346",
            "name": "hamad mehmood",
            "cnic": "1430109021151",
            "address": "City BAHADUR KOT Tehsil\/Distri"
        },
        {
            "mobile": "3325333346",
            "name": "HUSNAIN RAFAQAT",
            "cnic": "3740580048849",
            "address": "44 A \u00bf 6 RAWALPINDI DHAMIYAL R"
        }
    ],
    "timestamp": "2024-03-24 13:00:34"
}{
    "status": 100,
    "data": [
        {
            "mobile": "3206860546",
            "name": "MUHAMMAD NAZIM .",
            "cnic": "3520171277663",
            "address": null
        }
    ],
    "timestamp": "2024-03-24 13:01:39"
}{
    "status": 100,
    "data": [
        {
            "mobile": "3206860546",
            "name": "MUHAMMAD NAZIM .",
            "cnic": "3520171277663",
            "address": null
        },
        {
            "mobile": "3220019228",
            "name": "MUHAMMAD NAZIM .",
            "cnic": "3520171277663",
            "address": null
        }
    ],
    "timestamp": "2024-03-24 13:01:46"
}{
    "status": 100,
    "data": [
        {
            "mobile": "3214890131",
            "name": "MUHAMMAD ARSHAD .",
            "cnic": "3510213947823",
            "address": null
        },
        {
            "mobile": "3214890131",
            "name": "SAKHI ADNAN",
            "cnic": "3520265051553",
            "address": "LAHORE CITY ETIHAD PARK JHALRAN SHAHDRAH TOWN LAHORE LAHORE"
        }
    ],
    "timestamp": "2024-03-24 13:02:00"
}{
    "status": 100,
    "data": [
        {
            "mobile": "3407321963",
            "name": "MUHAMMAD ARSHAD",
            "cnic": "3510213947823",
            "address": "BABALYANA AUTARH POST OFFICE KHAS LAHORE"
        },
        {
            "mobile": "3484873233",
            "name": "MUHAMMAD ARSHAD",
            "cnic": "3510213947823",
            "address": "BABALYANA AUTARH POST OFFICE KHAS LAHORE"
        },
        {
            "mobile": "3084536338",
            "name": "MUHAMMAD ARSHAD .",
            "cnic": "3510213947823",
            "address": "BABALYANA AUTARH POST OFFICE KHAS LAHORE  LAHORE G.P.O"
        },
        {
            "mobile": "3214890131",
            "name": "MUHAMMAD ARSHAD .",
            "cnic": "3510213947823",
            "address": null
        },
        {
            "mobile": "3411768276",
            "name": "MUHAMMAD ARSHAD",
            "cnic": "3510213947823",
            "address": "BABALYANA AUTARH POST OFFICE KHAS LAHORE"
        },
        {
            "mobile": "3084385678",
            "name": "MUHAMMAD ARSHAD .",
            "cnic": "3510213947823",
            "address": "BABALYANA AUTARH POST OFFICE KHAS LAHORE  LAHORE G.P.O"
        }
    ],
    "timestamp": "2024-03-24 13:02:50"
}{
    "status": 100,
    "data": [
        {
            "mobile": "3202098904",
            "name": "MUHAMMAD JAVED .",
            "cnic": "3120199591127",
            "address": null
        },
        {
            "mobile": "3202098904",
            "name": "SHAHID HUSSAIN",
            "cnic": "4240110121289",
            "address": "HOUSE NUMBER 13B26\/S275 MOHALA RAHMAN ABAD JONA KAL RE KARACHI GHARBI"
        }
    ],
    "timestamp": "2024-03-24 13:07:28"
}{
    "status": 100,
    "message": "No record Found",
    "timestamp": "2024-03-24 14:47:55"
}{
    "status": 100,
    "data": [
        {
            "mobile": "3486525192",
            "name": "TALAT FAYAZ",
            "cnic": "8210157360095",
            "address": "JANDALA DAAK KHANA HAARHI GEHAL RAWALI TEHSIL \/ DI"
        }
    ],
    "timestamp": "2024-03-24 15:01:27"
}{
    "status": 100,
    "data": [
        {
            "mobile": "3134167874",
            "name": "DATA NOT RECIEVED FROM NADRA",
            "cnic": "3650178305683",
            "address": "Post-PAID"
        }
    ],
    "timestamp": "2024-03-24 15:10:34"
}{
    "status": 100,
    "message": "No record Found",
    "timestamp": "2024-03-24 15:12:07"
}{
    "status": 100,
    "data": [
        {
            "mobile": "3011104545",
            "name": "MUHAMMAD IKRAM .",
            "cnic": "3650178305683",
            "address": null
        }
    ],
    "timestamp": "2024-03-24 15:12:24"
}{
    "status": 100,
    "data": [
        {
            "mobile": "3337888374",
            "name": "NEHMAT ALLAH KHAN",
            "cnic": "5440003797947",
            "address": "QUETTA JAIL ROAD BABIE VILLAZ"
        }
    ],
    "timestamp": "2024-03-24 15:13:39"
}{
    "status": 100,
    "data": [
        {
            "mobile": "3224656322",
            "name": "SALMAN ABID .",
            "cnic": "3650115930163",
            "address": null
        }
    ],
    "timestamp": "2024-03-24 15:15:11"
}{
    "status": 100,
    "message": "No record Found",
    "timestamp": "2024-03-24 15:22:03"
}{
    "status": 100,
    "message": "No record Found",
    "timestamp": "2024-03-24 15:46:19"
}{
    "status": 100,
    "data": [
        {
            "mobile": "3491400881",
            "name": "MALIK SHAHZAD HASSAN AAO",
            "cnic": "3460167100947",
            "address": "KHAS DASKA KANDAN SIAN SIALKOT"
        }
    ],
    "timestamp": "2024-03-24 15:59:06"
}{
    "status": 100,
    "data": [
        {
            "mobile": "3006173230",
            "name": "ZAFER HUSSAIN",
            "cnic": "3460321361623",
            "address": "WADIYANWALA TEHSIL Multan"
        },
        {
            "mobile": "3410447243",
            "name": "ZAFAR HUSSAIN",
            "cnic": "3460321361623",
            "address": "WADIA NAWALA TEHSIL SIALKOT DISTRICT SIALKOT"
        },
        {
            "mobile": "3476855209",
            "name": "ZAFAR HUSSAIN",
            "cnic": "3460321361623",
            "address": "WADIA NAWALA TEHSIL SIALKOT DISTRICT SIALKOT"
        },
        {
            "mobile": "3446409556",
            "name": "ZAFAR HUSSAIN",
            "cnic": "3460321361623",
            "address": "WADIA NAWALA TEHSIL SIALKOT DISTRICT SIALKOT"
        },
        {
            "mobile": "3454130266",
            "name": "ZAFAR HUSSAIN",
            "cnic": "3460321361623",
            "address": "WADIA NAWALA TEHSIL SIALKOT DISTRICT SIALKOT"
        }
    ],
    "timestamp": "2024-03-24 16:02:38"
}{
    "status": 100,
    "data": [
        {
            "mobile": "3009643804",
            "name": "WAHEED MURAD",
            "cnic": "3410121719347",
            "address": "TALWANDY MOUSAY KHAN TEH\/ZILA  GRW Gujranwala"
        },
        {
            "mobile": "3009643804",
            "name": "SANA ALLAH",
            "cnic": "3410289906485",
            "address": null
        }
    ],
    "timestamp": "2024-03-24 16:08:45"
}{
    "status": 100,
    "message": "No record Found",
    "timestamp": "2024-03-24 16:14:38"
}{
    "status": 100,
    "message": "No record Found",
    "timestamp": "2024-03-24 16:16:42"
}{
    "status": 100,
    "message": "No record Found",
    "timestamp": "2024-03-24 16:47:40"
}{
    "status": 100,
    "message": "No record Found",
    "timestamp": "2024-03-24 17:21:57"
}{
    "status": 100,
    "data": [
        {
            "mobile": "3044866340",
            "name": "MUHAMMAD HAMZA .",
            "cnic": "3650137396675",
            "address": "CHICHA WATNI SHEIKH TAYYAB SAHIWAL  SAHIWAL G.P.O."
        },
        {
            "mobile": "3056720794",
            "name": "MUHAMMAD HAMZA .",
            "cnic": "3650137396675",
            "address": "CHICHA WATNI SHEIKH TAYYAB SAHIWAL  SAHIWAL G.P.O."
        },
        {
            "mobile": "3492138756",
            "name": "MUHAMMAD HAMZA",
            "cnic": "3650137396675",
            "address": "SHEIKH TAYYAB MOHALA CHICHA WATNI CHICHA WATNI DIS"
        },
        {
            "mobile": "3249791992",
            "name": "MUHAMMAD HAMZA .",
            "cnic": "3650137396675",
            "address": null
        }
    ],
    "timestamp": "2024-03-24 17:23:05"
}{
    "status": 100,
    "data": [
        {
            "mobile": "3479121764",
            "name": "GUL WALI",
            "cnic": "1730135571573",
            "address": "JOLAAGAN JUNGLE KHAIL KOHAT"
        }
    ],
    "timestamp": "2024-03-24 18:07:32"
}{
    "status": 100,
    "data": [
        {
            "mobile": "3110928234",
            "name": "Khan  Wali",
            "cnic": "1730149029683",
            "address": null
        },
        {
            "mobile": "3428938573",
            "name": "KHAN WALI",
            "cnic": "1730149029683",
            "address": "JUNGLE KHAIL KOHAT JOLAAGAN JUNGLE KHAIL KOHAT"
        },
        {
            "mobile": "3110926186",
            "name": "Khan  Wali",
            "cnic": "1730149029683",
            "address": null
        },
        {
            "mobile": "3105584042",
            "name": "Khan  Wali",
            "cnic": "1730149029683",
            "address": null
        },
        {
            "mobile": "3129420467",
            "name": "Khan  Wali",
            "cnic": "1730149029683",
            "address": null
        }
    ],
    "timestamp": "2024-03-24 18:07:59"
}{
    "status": 100,
    "data": [
        {
            "mobile": "3179547567",
            "name": "Shah  Wali",
            "cnic": "1730102961091",
            "address": null
        },
        {
            "mobile": "3150965077",
            "name": "Shah  Wali",
            "cnic": "1730102961091",
            "address": null
        },
        {
            "mobile": "3119072239",
            "name": "Shah  Wali",
            "cnic": "1730102961091",
            "address": null
        },
        {
            "mobile": "3438987042",
            "name": "SHAH WALI",
            "cnic": "1730102961091",
            "address": "KOHAT KOHAT JAWALA GAAN JUNGLE KHAIL KOHAT"
        },
        {
            "mobile": "3440016906",
            "name": "SHAH WALI",
            "cnic": "1730102961091",
            "address": "KOHAT KOHAT JAWALA GAAN JUNGLE KHAIL KOHAT"
        }
    ],
    "timestamp": "2024-03-24 18:08:18"
}{
    "status": 100,
    "data": [
        {
            "mobile": "3214445664",
            "name": "JAVED IQBAL",
            "cnic": "3520280341395",
            "address": "11 LAHORE CITY MANSOORA PARK IRSHAD ALI ROAD NAZD ZAINBIA HSPTALLAHWRLAHWR"
        }
    ],
    "timestamp": "2024-03-24 18:59:50"
}{
    "status": 100,
    "data": [
        {
            "mobile": "3142194063",
            "name": "Monawer",
            "cnic": "4210163725307",
            "address": null
        }
    ],
    "timestamp": "2024-03-24 19:02:54"
}{
    "status": 100,
    "message": "No record Found",
    "timestamp": "2024-03-24 19:03:59"
}{
    "status": 100,
    "data": [
        {
            "mobile": "3122454322",
            "name": "Muhammad  Shahid",
            "cnic": "4210141434817",
            "address": null
        },
        {
            "mobile": "3118935432",
            "name": "Muhammad  Shahid",
            "cnic": "4210141434817",
            "address": null
        },
        {
            "mobile": "3111067936",
            "name": "Muhammad  Shahid",
            "cnic": "4210141434817",
            "address": "Post-PAID"
        },
        {
            "mobile": "3118937480",
            "name": "Muhammad  Shahid",
            "cnic": "4210141434817",
            "address": "Post-PAID"
        }
    ],
    "timestamp": "2024-03-24 19:04:58"
}{
    "status": 100,
    "data": [
        {
            "mobile": "3047255747",
            "name": "MUHAMMAD NASIR .",
            "cnic": "3120384965621",
            "address": "HASIL PUR BASTI BATAL YAN BIDANA GHARBI I BAHAWALPUR BAHAWALPUR G.P.O."
        }
    ],
    "timestamp": "2024-03-24 19:09:34"
}{
    "status": 100,
    "message": "No record Found",
    "timestamp": "2024-03-24 19:11:12"
}{
    "status": 100,
    "data": [
        {
            "mobile": "3368478250",
            "name": "MUHAMMAD ARSALA",
            "cnic": "5520208624787",
            "address": ""
        }
    ],
    "timestamp": "2024-03-24 19:11:39"
}{
    "status": 100,
    "data": [
        {
            "mobile": "3075083730",
            "name": "SHAHID ALI .",
            "cnic": "4530123703029",
            "address": "GOTH MORIAN DAAK KHANA MORIAN THARO SHA AH TEHSIL BARRIA DISTRICT NOSHERO FEROZ NOWSHERA G.P.O."
        }
    ],
    "timestamp": "2024-03-24 19:22:06"
}{
    "status": 100,
    "data": [
        {
            "mobile": "3065921447",
            "name": "MUHAMMAD SHHBAZ .",
            "cnic": "3660170189095",
            "address": "DAAK KHANA KHAS CHAK NUMBER 495 E B TEH HSIL BUREWALA DISTRICT VEHARI WAH"
        }
    ],
    "timestamp": "2024-03-24 19:52:57"
}{
    "status": 100,
    "data": [
        {
            "mobile": "3318366377",
            "name": "SALMAN KHAN",
            "cnic": "5440037116807",
            "address": "8-7\/36A KWTHKASI ROAD SHALDRHK"
        },
        {
            "mobile": "3113132223",
            "name": "DATA NOT RECIEVED FROM NADRA",
            "cnic": "5440037116807",
            "address": null
        },
        {
            "mobile": "3201161202",
            "name": "SALMAN KHAN",
            "cnic": "5440037116807",
            "address": null
        },
        {
            "mobile": "3168131442",
            "name": "DATA NOT RECIEVED FROM NADRA",
            "cnic": "5440037116807",
            "address": null
        }
    ],
    "timestamp": "2024-03-24 19:53:56"
}{
    "status": 100,
    "data": [
        {
            "mobile": "3318366377",
            "name": "SALMAN KHAN",
            "cnic": "5440037116807",
            "address": "8-7\/36A KWTHKASI ROAD SHALDRHK"
        },
        {
            "mobile": "3113132223",
            "name": "DATA NOT RECIEVED FROM NADRA",
            "cnic": "5440037116807",
            "address": null
        },
        {
            "mobile": "3201161202",
            "name": "SALMAN KHAN",
            "cnic": "5440037116807",
            "address": null
        },
        {
            "mobile": "3168131442",
            "name": "DATA NOT RECIEVED FROM NADRA",
            "cnic": "5440037116807",
            "address": null
        }
    ],
    "timestamp": "2024-03-24 19:54:05"
}{
    "status": 100,
    "data": [
        {
            "mobile": "3310200116",
            "name": "jazib imdad ali memon",
            "cnic": "4210125370371",
            "address": "House No C-113 norht nazimabad"
        },
        {
            "mobile": "3428031614",
            "name": null,
            "cnic": "4210125370371",
            "address": null
        },
        {
            "mobile": "3172874422",
            "name": "jazib imdad ali",
            "cnic": "4210125370371",
            "address": null
        },
        {
            "mobile": "3161095829",
            "name": "jazib imdad ali",
            "cnic": "4210125370371",
            "address": "Post-PAID"
        }
    ],
    "timestamp": "2024-03-24 20:32:22"
}{
    "status": 100,
    "data": [
        {
            "mobile": "3007888578",
            "name": "MAQBOOL HUSSAIN",
            "cnic": "3610219492155",
            "address": "HAIDAR ABAD KABIR WALA Khanewal"
        },
        {
            "mobile": "3007888578",
            "name": "JNN MEDIA BROADCASTING PRIVATE LIMITED",
            "cnic": "3740519841645",
            "address": null
        }
    ],
    "timestamp": "2024-03-24 20:38:32"
}{
    "status": 100,
    "data": [
        {
            "mobile": "3320420786",
            "name": "kashif qasimali",
            "cnic": "3510367754435",
            "address": "Saray Chanbha City PHOOL NAGAR"
        }
    ],
    "timestamp": "2024-03-24 23:48:38"
}