{
    "status": 100,
    "message": "No record Found",
    "timestamp": "2024-03-25 00:32:40"
}{
    "status": 100,
    "message": "No record Found",
    "timestamp": "2024-03-25 02:03:05"
}{
    "status": 100,
    "message": "No record Found",
    "timestamp": "2024-03-25 02:37:32"
}{
    "status": 100,
    "data": [
        {
            "mobile": "3074625424",
            "name": "HAMEEDAN B B",
            "cnic": "3520251522590",
            "address": "LAHORE CITY FAZAL PARK BARAH D ARI MOR SHAHDRAH LAHORE LAHORE Lahore"
        },
        {
            "mobile": "3074625424",
            "name": "ROBINA MANZOOR .",
            "cnic": "3660235933162",
            "address": null
        }
    ],
    "timestamp": "2024-03-25 02:38:11"
}{
    "status": 100,
    "message": "No record Found",
    "timestamp": "2024-03-25 03:35:13"
}{
    "status": 100,
    "message": "No record Found",
    "timestamp": "2024-03-25 03:46:18"
}{
    "status": 100,
    "message": "No record Found",
    "timestamp": "2024-03-25 03:46:38"
}{
    "status": 100,
    "data": [
        {
            "mobile": "3315384322",
            "name": "muhammad waleed",
            "cnic": "3740573978033",
            "address": "House No 31 Street No 19 "
        }
    ],
    "timestamp": "2024-03-25 03:47:11"
}{
    "status": 100,
    "message": "No record Found",
    "timestamp": "2024-03-25 03:48:19"
}{
    "status": 100,
    "data": [
        {
            "mobile": "3312932543",
            "name": "fahad yar khan",
            "cnic": "4220105427711",
            "address": "House No 4\/690 SHAH FAISAL COL"
        },
        {
            "mobile": "3323057136",
            "name": "fahad yar khan",
            "cnic": "4220105427711",
            "address": "House No 4\/690 SHAH FAISAL COL"
        },
        {
            "mobile": "3082304549",
            "name": "FAHAD YAAR KHAN .",
            "cnic": "4220105427711",
            "address": null
        },
        {
            "mobile": "3082903806",
            "name": "FAHAD YAAR KHAN .",
            "cnic": "4220105427711",
            "address": null
        },
        {
            "mobile": "3089763821",
            "name": "FAHAD YAAR KHAN .",
            "cnic": "4220105427711",
            "address": null
        },
        {
            "mobile": "3312930495",
            "name": "fahad yar khan",
            "cnic": "4220105427711",
            "address": "House No 4\/690 SHAH FAISAL COL"
        },
        {
            "mobile": "3082302501",
            "name": "FAHAD YAAR KHAN .",
            "cnic": "4220105427711",
            "address": "HOUSE NUMBER 4\/690 MOHALA SHAH FAISAL C COLONY KARACHI SHARKI KARACHI SADDAR GPO"
        }
    ],
    "timestamp": "2024-03-25 03:48:42"
}{
    "status": 100,
    "message": "No record Found",
    "timestamp": "2024-03-25 03:55:17"
}{
    "status": 100,
    "message": "No record Found",
    "timestamp": "2024-03-25 03:55:36"
}{
    "status": 100,
    "message": "No record Found",
    "timestamp": "2024-03-25 04:11:39"
}{
    "status": 100,
    "message": "No record Found",
    "timestamp": "2024-03-25 04:33:34"
}{
    "status": 100,
    "message": "No record Found",
    "timestamp": "2024-03-25 05:56:15"
}{
    "status": 100,
    "message": "No record Found",
    "timestamp": "2024-03-25 05:59:29"
}{
    "status": 100,
    "message": "No record Found",
    "timestamp": "2024-03-25 05:59:44"
}{
    "status": 100,
    "data": [
        {
            "mobile": "3110532212",
            "name": "nazish  farzand",
            "cnic": "6110111535214",
            "address": "Post-PAID"
        }
    ],
    "timestamp": "2024-03-25 06:03:08"
}{
    "status": 100,
    "message": "No record Found",
    "timestamp": "2024-03-25 06:09:06"
}{
    "status": 100,
    "message": "No record Found",
    "timestamp": "2024-03-25 06:09:22"
}{
    "status": 100,
    "message": "No record Found",
    "timestamp": "2024-03-25 06:15:57"
}{
    "status": 100,
    "data": [
        {
            "mobile": "3102623411",
            "name": "ikramul  haq",
            "cnic": "4230199564677",
            "address": null
        }
    ],
    "timestamp": "2024-03-25 06:16:59"
}{
    "status": 100,
    "data": [
        {
            "mobile": "3248715334",
            "name": "FAZAL UR RAHEEM",
            "cnic": "3420187287375",
            "address": null
        }
    ],
    "timestamp": "2024-03-25 06:23:49"
}{
    "status": 100,
    "data": [
        {
            "mobile": "3040779533",
            "name": "WASEEM AHMED .",
            "cnic": "4350404881355",
            "address": "GAON PEER L SOLANGI DAAK KHANA GUDDU DO OMEWALI TEHSIL \/ DISTRICT KASHAM WER PAKISTAN"
        }
    ],
    "timestamp": "2024-03-25 06:34:06"
}{
    "status": 100,
    "message": "No record Found",
    "timestamp": "2024-03-25 06:35:38"
}{
    "status": 100,
    "message": "No record Found",
    "timestamp": "2024-03-25 06:38:48"
}{
    "status": 100,
    "message": "No record Found",
    "timestamp": "2024-03-25 06:45:59"
}{
    "status": 100,
    "data": [
        {
            "mobile": "3355690981",
            "name": "RAHIM BAKHASH",
            "cnic": "3240430510969",
            "address": "MIRAN PUR ROJHAAN ALI JAAN RAJ"
        }
    ],
    "timestamp": "2024-03-25 06:47:03"
}{
    "status": 100,
    "message": "No record Found",
    "timestamp": "2024-03-25 06:48:20"
}{
    "status": 100,
    "data": [
        {
            "mobile": "3352963049",
            "name": "SHAHANA IZHAR",
            "cnic": "4210125691718",
            "address": "699\/8 KARACHI WASTI AZIZ ABAD"
        }
    ],
    "timestamp": "2024-03-25 06:49:36"
}{
    "status": 100,
    "data": [
        {
            "mobile": "3359730969",
            "name": "BUSHRA KAUSAR",
            "cnic": "1420251103628",
            "address": "KHAS KARAK DELI MELA KARAK"
        }
    ],
    "timestamp": "2024-03-25 06:49:57"
}{
    "status": 100,
    "data": [
        {
            "mobile": "3021080429",
            "name": "TAYYABA RASHID .",
            "cnic": "8110188301784",
            "address": null
        },
        {
            "mobile": "3069868091",
            "name": "TAYYABA RASHID .",
            "cnic": "8110188301784",
            "address": null
        },
        {
            "mobile": "3445964864",
            "name": null,
            "cnic": "8110188301784",
            "address": null
        }
    ],
    "timestamp": "2024-03-25 06:50:42"
}{
    "status": 100,
    "data": [
        {
            "mobile": "3129642755",
            "name": "DATA NOT RECIEVED FROM NADRA",
            "cnic": "3410151006347",
            "address": null
        }
    ],
    "timestamp": "2024-03-25 07:06:21"
}{
    "status": 100,
    "data": [
        {
            "mobile": "3105435960",
            "name": "Zeshan Ahmad Fayaz",
            "cnic": "3740125751585",
            "address": null
        }
    ],
    "timestamp": "2024-03-25 07:11:34"
}{
    "status": 100,
    "data": [
        {
            "mobile": "3177513496",
            "name": "DATA NOT RECIEVED FROM NADRA",
            "cnic": "3530258862183",
            "address": null
        }
    ],
    "timestamp": "2024-03-25 07:16:33"
}{
    "status": 100,
    "message": "No record Found",
    "timestamp": "2024-03-25 07:18:05"
}{
    "status": 100,
    "message": "No record Found",
    "timestamp": "2024-03-25 07:20:46"
}{
    "status": 100,
    "message": "No record Found",
    "timestamp": "2024-03-25 07:21:58"
}{
    "status": 100,
    "message": "No record Found",
    "timestamp": "2024-03-25 07:31:28"
}{
    "status": 100,
    "data": [
        {
            "mobile": "3081610498",
            "name": "MUHAMMAD AMJAD .",
            "cnic": "3330110126257",
            "address": "DAAK KHANA KHAS CHAK NUMBER 337 J B TEH HSIL GOJRA DISTRICT TOBA TEK SINGH TOBA TAKE SINGH  G.P.O"
        }
    ],
    "timestamp": "2024-03-25 07:32:01"
}{
    "status": 100,
    "data": [
        {
            "mobile": "3483080055",
            "name": "MUHAMMAD AMJAD",
            "cnic": "3330110126257",
            "address": "DAAK KHANA KHAS CHAK NUMBER 337 J B TEHSIL GOJRA D"
        },
        {
            "mobile": "3066784772",
            "name": "MUHAMMAD AMJAD .",
            "cnic": "3330110126257",
            "address": null
        },
        {
            "mobile": "3466237639",
            "name": "MUHAMMAD AMJAD",
            "cnic": "3330110126257",
            "address": "DAAK KHANA KHAS CHAK NUMBER 337 J B TEHSIL GOJRA D"
        },
        {
            "mobile": "3081612546",
            "name": "MUHAMMAD AMJAD .",
            "cnic": "3330110126257",
            "address": null
        },
        {
            "mobile": "3483080140",
            "name": "MUHAMMAD AMJAD",
            "cnic": "3330110126257",
            "address": "DAAK KHANA KHAS CHAK NUMBER 337 J B TEHSIL GOJRA D"
        },
        {
            "mobile": "3066782724",
            "name": "MUHAMMAD AMJAD .",
            "cnic": "3330110126257",
            "address": "DAAK KHANA KHAS CHAK NUMBER 337 J B TEH HSIL GOJRA DISTRICT TOBA TEK SINGH TOBA TAKE SINGH  G.P.O"
        },
        {
            "mobile": "3081610498",
            "name": "MUHAMMAD AMJAD .",
            "cnic": "3330110126257",
            "address": "DAAK KHANA KHAS CHAK NUMBER 337 J B TEH HSIL GOJRA DISTRICT TOBA TEK SINGH TOBA TAKE SINGH  G.P.O"
        }
    ],
    "timestamp": "2024-03-25 07:32:18"
}{
    "status": 100,
    "message": "No record Found",
    "timestamp": "2024-03-25 07:34:02"
}{
    "status": 100,
    "data": [
        {
            "mobile": "3028420398",
            "name": "ADNAN MUNIR",
            "cnic": "3520240882925",
            "address": null
        },
        {
            "mobile": "3064551866",
            "name": "ADNAN MUNIR",
            "cnic": "3520240882925",
            "address": null
        },
        {
            "mobile": "3036183719",
            "name": "ADNAN MUNIR",
            "cnic": "3520240882925",
            "address": "C\/O ADNAN MUNIR TRAVELS"
        },
        {
            "mobile": "3028418350",
            "name": "ADNAN MUNIR",
            "cnic": "3520240882925",
            "address": "C\/O ADNAN MUNIR TRAVELS"
        },
        {
            "mobile": "3008420398",
            "name": "ADNAN MUNIR",
            "cnic": "3520240882925",
            "address": "C\/O ADNAN MUNIR TRAVELS, BASEMENT VENUS PLAZA , Lahore"
        }
    ],
    "timestamp": "2024-03-25 07:34:20"
}{
    "status": 100,
    "data": [
        {
            "mobile": "3068234148",
            "name": "PERVEZ AKHTAR .",
            "cnic": "3130478409781",
            "address": "CHAK NUMBER 148 P RAHIM YAAR KHAN  RAHIMYAR KHAN G.P.O."
        }
    ],
    "timestamp": "2024-03-25 07:34:21"
}{
    "status": 100,
    "data": [
        {
            "mobile": "3340502372",
            "name": "SHAZADA MUGHEES UD DIN DURANI",
            "cnic": "1310194149067",
            "address": "House No 244 JINNAH ABAD "
        }
    ],
    "timestamp": "2024-03-25 07:47:58"
}{
    "status": 100,
    "message": "No record Found",
    "timestamp": "2024-03-25 07:48:29"
}{
    "status": 100,
    "data": [
        {
            "mobile": "3176469846",
            "name": "Nahida  Bashir",
            "cnic": "3130342380754",
            "address": null
        },
        {
            "mobile": "3176469846",
            "name": "DATA NOT RECIEVED FROM NADRA",
            "cnic": "3230116552761",
            "address": null
        }
    ],
    "timestamp": "2024-03-25 08:06:18"
}{
    "status": 100,
    "message": "No record Found",
    "timestamp": "2024-03-25 08:11:02"
}{
    "status": 100,
    "message": "No record Found",
    "timestamp": "2024-03-25 08:11:48"
}{
    "status": 100,
    "message": "No record Found",
    "timestamp": "2024-03-25 08:11:50"
}{
    "status": 100,
    "message": "No record Found",
    "timestamp": "2024-03-25 08:31:45"
}{
    "status": 100,
    "message": "No record Found",
    "timestamp": "2024-03-25 08:32:59"
}{
    "status": 100,
    "data": [
        {
            "mobile": "3434099970",
            "name": "MUHAMMAD MASOOM",
            "cnic": "3540199940359",
            "address": "KHAS FEROZ WALA FEROZ WALA SHEKHUPURA"
        },
        {
            "mobile": "3494827954",
            "name": "MUHAMMAD MASOOM",
            "cnic": "3540199940359",
            "address": "KHAS FEROZ WALA FEROZ WALA SHEKHUPURA"
        },
        {
            "mobile": "3214638830",
            "name": "MUHAMMAD MASOOM",
            "cnic": "3540199940359",
            "address": null
        },
        {
            "mobile": "3214597849",
            "name": "MUHAMMAD MASOOM",
            "cnic": "3540199940359",
            "address": null
        },
        {
            "mobile": "3214636782",
            "name": "MUHAMMAD MASOOM",
            "cnic": "3540199940359",
            "address": "KHAS FEROZ WALA FEROZ WALA SHEIKHUPURA"
        },
        {
            "mobile": "3214595801",
            "name": "MUHAMMAD MASOOM",
            "cnic": "3540199940359",
            "address": "KHAS FEROZ WALA FEROZ WALA SHEIKHUPURA"
        }
    ],
    "timestamp": "2024-03-25 08:33:25"
}{
    "status": 100,
    "data": [
        {
            "mobile": "3441004457",
            "name": "MUHAMMAD SALMAN SHAKEEL B",
            "cnic": "3540142989089",
            "address": "13\/228 SIALKOT ARAZI YAQYOOB SIALKOT SIALKOT"
        },
        {
            "mobile": "3229766163",
            "name": "M SULMAN SHAKEEL BUTT",
            "cnic": "3540142989089",
            "address": "13\/228 SIALKOT ARAZI YAQYOOB SIALKOT SIALKOT"
        },
        {
            "mobile": "3364717450",
            "name": "MUHAMMAD SALMAN SHAKEEL BUTT",
            "cnic": "3540142989089",
            "address": "13\/228 SIALKOT ARAZI YAQYOOB S"
        },
        {
            "mobile": "3455484620",
            "name": null,
            "cnic": "3540142989089",
            "address": null
        },
        {
            "mobile": "3453223786",
            "name": "MUHAMMAD SALMAN SHAKEEL B",
            "cnic": "3540142989089",
            "address": "13\/228 SIALKOT ARAZI YAQYOOB SIALKOT SIALKOT"
        },
        {
            "mobile": "3004226395",
            "name": "salman hakeel butt",
            "cnic": "3540142989089",
            "address": "lahore  LAHORE G.P.O"
        }
    ],
    "timestamp": "2024-03-25 08:33:50"
}{
    "status": 100,
    "data": [
        {
            "mobile": "3075134836",
            "name": "muhammad imran butt",
            "cnic": "3540113204055",
            "address": null
        },
        {
            "mobile": "3035241479",
            "name": "MUHAMMAD IMRAN BUTT",
            "cnic": "3540113204055",
            "address": null
        },
        {
            "mobile": "3314321504",
            "name": "muhammad imran butt",
            "cnic": "3540113204055",
            "address": null
        },
        {
            "mobile": "3075132788",
            "name": "muhammad imran butt",
            "cnic": "3540113204055",
            "address": null
        },
        {
            "mobile": "3035239431",
            "name": "MUHAMMAD IMRAN BUTT",
            "cnic": "3540113204055",
            "address": "H 2 ST 586 KHAIR DIN ST ICCHRA Sheikhupura"
        }
    ],
    "timestamp": "2024-03-25 08:34:38"
}{
    "status": 100,
    "message": "No record Found",
    "timestamp": "2024-03-25 08:36:31"
}{
    "status": 100,
    "message": "No record Found",
    "timestamp": "2024-03-25 08:36:45"
}{
    "status": 100,
    "message": "No record Found",
    "timestamp": "2024-03-25 08:37:42"
}{
    "status": 100,
    "message": "No record Found",
    "timestamp": "2024-03-25 08:37:44"
}{
    "status": 100,
    "data": [
        {
            "mobile": "3006028956",
            "name": "SHAHEEN KOUKAB",
            "cnic": "3840353097424",
            "address": null
        }
    ],
    "timestamp": "2024-03-25 08:48:37"
}{
    "status": 100,
    "data": [
        {
            "mobile": "3058333360",
            "name": "FAHAD ASIF .",
            "cnic": "3520170202437",
            "address": null
        }
    ],
    "timestamp": "2024-03-25 08:56:32"
}{
    "status": 100,
    "message": "No record Found",
    "timestamp": "2024-03-25 08:58:42"
}{
    "status": 100,
    "message": "No record Found",
    "timestamp": "2024-03-25 08:59:12"
}{
    "status": 100,
    "data": [
        {
            "mobile": "3009465398",
            "name": "KHALIDA BIBI .",
            "cnic": "3410198942306",
            "address": null
        },
        {
            "mobile": "3009465398",
            "name": "MUHAMMAD QADEER .",
            "cnic": "3520260863205",
            "address": "29-A LAHORE PEER GHAZI ROAD ICHRA  Lahore"
        }
    ],
    "timestamp": "2024-03-25 09:00:44"
}{
    "status": 100,
    "message": "No record Found",
    "timestamp": "2024-03-25 09:01:04"
}{
    "status": 100,
    "message": "No record Found",
    "timestamp": "2024-03-25 09:03:10"
}{
    "status": 100,
    "data": [
        {
            "mobile": "3379783546",
            "name": "saira jabeen",
            "cnic": "3710561253338",
            "address": "City NALHAD Tehsil PINDI GHEB"
        }
    ],
    "timestamp": "2024-03-25 09:10:57"
}{
    "status": 100,
    "data": [
        {
            "mobile": "3403733655",
            "name": null,
            "cnic": "3530170381422",
            "address": null
        }
    ],
    "timestamp": "2024-03-25 09:23:10"
}{
    "status": 100,
    "message": "No record Found",
    "timestamp": "2024-03-25 09:30:14"
}{
    "status": 100,
    "data": [
        {
            "mobile": "3417187862",
            "name": null,
            "cnic": "3520226924187",
            "address": null
        },
        {
            "mobile": "3417187862",
            "name": "MUHAMMAD SIDDIQUE",
            "cnic": "3620181818707",
            "address": "ADA ZAKHERA DUNIYAPUR CHAK NUMBER 231 W B LODHRAN"
        }
    ],
    "timestamp": "2024-03-25 09:39:16"
}{
    "status": 100,
    "message": "No record Found",
    "timestamp": "2024-03-25 09:39:48"
}{
    "status": 100,
    "data": [
        {
            "mobile": "3420168958",
            "name": null,
            "cnic": "3610268677431",
            "address": null
        },
        {
            "mobile": "3420168958",
            "name": "MUHAMMAD SALEEM",
            "cnic": "3610294945969",
            "address": "DAAK KHANA KHAS BAGAR SIRGANA TEHSIL KABEER WALA D"
        }
    ],
    "timestamp": "2024-03-25 09:40:55"
}{
    "status": 100,
    "message": "No record Found",
    "timestamp": "2024-03-25 09:45:29"
}{
    "status": 100,
    "data": [
        {
            "mobile": "3246695927",
            "name": "SUGHRAN B B .",
            "cnic": "3120468101668",
            "address": null
        }
    ],
    "timestamp": "2024-03-25 10:01:27"
}{
    "status": 100,
    "message": "No record Found",
    "timestamp": "2024-03-25 10:21:43"
}{
    "status": 100,
    "message": "No record Found",
    "timestamp": "2024-03-25 10:22:34"
}{
    "status": 100,
    "message": "No record Found",
    "timestamp": "2024-03-25 10:35:12"
}{
    "status": 100,
    "data": [
        {
            "mobile": "3102904522",
            "name": "DATA NOT RECIEVED FROM NADRA",
            "cnic": "4240183832135",
            "address": null
        }
    ],
    "timestamp": "2024-03-25 10:38:50"
}{
    "status": 100,
    "data": [
        {
            "mobile": "3442068447",
            "name": "SABIR HUSSAIN",
            "cnic": "3420113638743",
            "address": "JALAL PUR JATAN GUJRAT DHALO SHARQI GUJRAT"
        }
    ],
    "timestamp": "2024-03-25 10:42:34"
}{
    "status": 100,
    "message": "No record Found",
    "timestamp": "2024-03-25 10:42:53"
}{
    "status": 100,
    "data": [
        {
            "mobile": "3204139881",
            "name": "MUHAMMAD SHABEER",
            "cnic": "3520211844335",
            "address": "STREET \/ MOHALA NAWAB DEEN STREET SHAHDRAH TOWN DAAK KHANA SHAHDRAH NAROWAL ROAD LAHORE TEHSIL LAHORE CITY DISTRICT LAHORE"
        },
        {
            "mobile": "3224657345",
            "name": "M.SHABIR",
            "cnic": "3520211844335",
            "address": null
        },
        {
            "mobile": "3248417797",
            "name": "MUHAMMAD SHABEER",
            "cnic": "3520211844335",
            "address": "STREET \/ MOHALA NAWAB DEEN STREET SHAHDRAH TOWN DAAK KHANA SHAHDRAH NAROWAL ROAD LAHORE TEHSIL LAHORE CITY DISTRICT LAHORE"
        },
        {
            "mobile": "3414203672",
            "name": "MUHAMMAD SHABBIR",
            "cnic": "3520211844335",
            "address": "NAWAB DEEN STREET SHAHDRAH TAOWNSHAHDRHNARWWAL ROAD LAHORE CITY LAHORE"
        },
        {
            "mobile": "3004245793",
            "name": "M.SHABIR",
            "cnic": "3520211844335",
            "address": "Lahore N\/A Lahore"
        },
        {
            "mobile": "3248415749",
            "name": "MUHAMMAD SHABEER",
            "cnic": "3520211844335",
            "address": "STREET \/ MOHALA NAWAB DEEN STREET SHAHDRAH TOWN DAAK KHANA SHAHDRAH NAROWAL ROAD LAHORE TEHSIL LAHORE CITY DISTRICT LAHORE"
        },
        {
            "mobile": "3224655297",
            "name": "MUHAMMAD SHABEER",
            "cnic": "3520211844335",
            "address": "STREET \/ MOHALA NAWAB DEEN STREET SHAHDRAH TOWN DAAK KHANA SHAHDRAH NAROWAL ROAD LAHORE TEHSIL LAHORE CITY DISTRICT LAHORE"
        }
    ],
    "timestamp": "2024-03-25 10:43:51"
}{
    "status": 100,
    "data": [
        {
            "mobile": "3109277491",
            "name": "Sabar  Hussain",
            "cnic": "3420113638743",
            "address": null
        },
        {
            "mobile": "3414915957",
            "name": "SABIR HUSSAIN",
            "cnic": "3420113638743",
            "address": "JALAL PUR JATAN GUJRAT DHALO SHARQI GUJRAT"
        },
        {
            "mobile": "3485469837",
            "name": "SABIR HUSSAIN",
            "cnic": "3420113638743",
            "address": "JALAL PUR JATAN GUJRAT DHALO SHARQI GUJRAT"
        },
        {
            "mobile": "3412644383",
            "name": "SABIR HUSSAIN",
            "cnic": "3420113638743",
            "address": "JALAL PUR JATAN GUJRAT DHALO SHARQI GUJRAT"
        },
        {
            "mobile": "3442068447",
            "name": "SABIR HUSSAIN",
            "cnic": "3420113638743",
            "address": "JALAL PUR JATAN GUJRAT DHALO SHARQI GUJRAT"
        },
        {
            "mobile": "3109275443",
            "name": "Sabar  Hussain",
            "cnic": "3420113638743",
            "address": null
        }
    ],
    "timestamp": "2024-03-25 10:46:42"
}{
    "status": 100,
    "data": [
        {
            "mobile": "3459308763",
            "name": "MURAD ALI SHAH",
            "cnic": "1720101072535",
            "address": "HOSPITAL KORONA PEER SABAQ NOWSHERA PEER SABAQ NOW"
        },
        {
            "mobile": "3481731862",
            "name": "MURAD ALI SHAH",
            "cnic": "1720101072535",
            "address": "HOSPITAL KORONA PEER SABAQ NOWSHERA PEER SABAQ NOW"
        },
        {
            "mobile": "3215209196",
            "name": "MURAD ALI SHAH",
            "cnic": "1720101072535",
            "address": "HOSPITAL KORONA PEER SABAQ NOWSHERA PEER SABAQ NOW"
        }
    ],
    "timestamp": "2024-03-25 10:46:57"
}{
    "status": 100,
    "message": "No record Found",
    "timestamp": "2024-03-25 10:55:30"
}{
    "status": 100,
    "message": "No record Found",
    "timestamp": "2024-03-25 10:56:58"
}{
    "status": 100,
    "message": "No record Found",
    "timestamp": "2024-03-25 11:12:19"
}{
    "status": 100,
    "message": "No record Found",
    "timestamp": "2024-03-25 11:32:29"
}{
    "status": 100,
    "data": [
        {
            "mobile": "3314101176",
            "name": "MUHAMMAD BASIT ARIF",
            "cnic": "3520249709939",
            "address": "204 LAHORE AWIAN CHOWK NADEEM"
        },
        {
            "mobile": "3034094678",
            "name": "MUHAMMAD BASIT ARIF .",
            "cnic": "3520249709939",
            "address": null
        },
        {
            "mobile": "3044837147",
            "name": "MUHAMMAD BASIT ARIF .",
            "cnic": "3520249709939",
            "address": null
        },
        {
            "mobile": "3439282014",
            "name": "MUHAMMAD BASIT ARIF",
            "cnic": "3520249709939",
            "address": "FLAT NUMBER 204 MOHALA AWIAN CHOWK NADEEM SHAHEED"
        },
        {
            "mobile": "3244467573",
            "name": "MUHAMMAD BASIT ARIF .",
            "cnic": "3520249709939",
            "address": null
        },
        {
            "mobile": "3044835099",
            "name": "MUHAMMAD BASIT ARIF .",
            "cnic": "3520249709939",
            "address": "204 LAHORE AWIAN CHOWK NADEEM SHAHEED RO AD SUMAN ABAD LAHORE LAHORE Lahore"
        },
        {
            "mobile": "3034092630",
            "name": "MUHAMMAD BASIT ARIF .",
            "cnic": "3520249709939",
            "address": "204 LAHORE AWIAN CHOWK NADEEM SHAHEED RO AD SUMAN ABAD LAHORE LAHORE Lahore"
        },
        {
            "mobile": "3244465525",
            "name": "MUHAMMAD BASIT ARIF",
            "cnic": "3520249709939",
            "address": "FLAT NUMBER 204 MOHALA AWIAN CHOWK NADEEM SHAHEED ROAD SUMAN ABAD LAHORE"
        }
    ],
    "timestamp": "2024-03-25 11:39:34"
}{
    "status": 100,
    "message": "No record Found",
    "timestamp": "2024-03-25 11:48:54"
}{
    "status": 100,
    "message": "No record Found",
    "timestamp": "2024-03-25 11:49:28"
}{
    "status": 100,
    "data": [
        {
            "mobile": "3003669400",
            "name": "MUNEER AHMAD",
            "cnic": "3630259727511",
            "address": "BASTI KHAN PUR FAZAL ABAD MILLS Multan"
        },
        {
            "mobile": "3458761807",
            "name": "MUNEER AHMAD",
            "cnic": "3630259727511",
            "address": "TIMBER MARKET MULTAN BASTI KHAR PUR TARAF DAIRA MU"
        },
        {
            "mobile": "3008863298",
            "name": "MUNEER AHMAD",
            "cnic": "3630259727511",
            "address": "BASTI KHAN PUR FAZAL ABAD MILLS Multan"
        },
        {
            "mobile": "3004261753",
            "name": "MUNEER AHMAD",
            "cnic": "3630259727511",
            "address": "BASTI KHAN PUR FAZAL ABAD MILLS Multan"
        }
    ],
    "timestamp": "2024-03-25 11:53:13"
}{
    "status": 100,
    "message": "No record Found",
    "timestamp": "2024-03-25 12:03:03"
}{
    "status": 100,
    "message": "No record Found",
    "timestamp": "2024-03-25 12:03:18"
}{
    "status": 100,
    "message": "No record Found",
    "timestamp": "2024-03-25 12:04:51"
}{
    "status": 100,
    "message": "No record Found",
    "timestamp": "2024-03-25 12:07:31"
}{
    "status": 100,
    "message": "No record Found",
    "timestamp": "2024-03-25 12:07:46"
}{
    "status": 100,
    "message": "No record Found",
    "timestamp": "2024-03-25 12:07:53"
}{
    "status": 100,
    "message": "No record Found",
    "timestamp": "2024-03-25 12:48:18"
}{
    "status": 100,
    "data": [
        {
            "mobile": "3044952786",
            "name": "MUHAMMAD SARFRAZ .",
            "cnic": "3410319001989",
            "address": "KHAS NOWSHERA WARQA BAIG PUR GUJRANWALA  Gujranwala"
        }
    ],
    "timestamp": "2024-03-25 12:48:25"
}{
    "status": 100,
    "message": "No record Found",
    "timestamp": "2024-03-25 12:49:44"
}{
    "status": 100,
    "data": [
        {
            "mobile": "3146802982",
            "name": "khurram  shehzad",
            "cnic": "3310064381319",
            "address": null
        }
    ],
    "timestamp": "2024-03-25 12:54:58"
}{
    "status": 100,
    "data": [
        {
            "mobile": "3100931975",
            "name": "abdul  khaliq",
            "cnic": "1510121400049",
            "address": null
        }
    ],
    "timestamp": "2024-03-25 13:06:14"
}{
    "status": 100,
    "data": [
        {
            "mobile": "3100911457",
            "name": "Sumira  Arshad",
            "cnic": "1310154711620",
            "address": "Post-PAID"
        },
        {
            "mobile": "3100911457",
            "name": "Shaukat  Ali",
            "cnic": "1610151564483",
            "address": null
        }
    ],
    "timestamp": "2024-03-25 13:06:35"
}{
    "status": 100,
    "data": [
        {
            "mobile": "3066773414",
            "name": "NAZEERAN B B .",
            "cnic": "3430129493710",
            "address": null
        },
        {
            "mobile": "3074943137",
            "name": "NAZEERAN B B .",
            "cnic": "3430129493710",
            "address": "DAAK KHANA KHAS KOLO TARADH TEHSIL HAFI I HAFIZABAD"
        },
        {
            "mobile": "3090943831",
            "name": "NAZEERAN B B .",
            "cnic": "3430129493710",
            "address": null
        },
        {
            "mobile": "3096067780",
            "name": "NAZEERAN B B .",
            "cnic": "3430129493710",
            "address": null
        },
        {
            "mobile": "3066771366",
            "name": "NAZEERAN B B .",
            "cnic": "3430129493710",
            "address": "DAAK KHANA KHAS KOLO TARADH TEHSIL HAFI I HAFIZABAD"
        }
    ],
    "timestamp": "2024-03-25 13:07:59"
}{
    "status": 100,
    "message": "No record Found",
    "timestamp": "2024-03-25 13:22:53"
}{
    "status": 100,
    "message": "No record Found",
    "timestamp": "2024-03-25 13:23:07"
}{
    "status": 100,
    "message": "No record Found",
    "timestamp": "2024-03-25 13:23:41"
}{
    "status": 100,
    "message": "No record Found",
    "timestamp": "2024-03-25 13:23:55"
}{
    "status": 100,
    "message": "No record Found",
    "timestamp": "2024-03-25 13:36:14"
}{
    "status": 100,
    "message": "No record Found",
    "timestamp": "2024-03-25 13:36:30"
}{
    "status": 100,
    "data": [
        {
            "mobile": "3088618399",
            "name": "MALANGI .",
            "cnic": "3220112759493",
            "address": "DAAK KHANA CHOBARAH CHAK NUMBER 487 T D D A TEHSIL CHOBARAH DISTRICT LAYYAH LAYYAH G.P.O."
        }
    ],
    "timestamp": "2024-03-25 13:38:37"
}{
    "status": 100,
    "data": [
        {
            "mobile": "3069119116",
            "name": "JEHANZAIB .",
            "cnic": "1710111976083",
            "address": null
        },
        {
            "mobile": "3459119116",
            "name": "JEHANZAIB JEHANZAIB",
            "cnic": "1710111976083",
            "address": "SIR DHERI CHARSADDA MOHALA A MIR ZAMAN KHAN KALAY"
        }
    ],
    "timestamp": "2024-03-25 14:07:41"
}{
    "status": 100,
    "data": [
        {
            "mobile": "3430729629",
            "name": "SHAHID ZAFAR",
            "cnic": "6110148366589",
            "address": "KHAS ISLAM ABAD PIND BEGWAL ISLAM ABAD"
        },
        {
            "mobile": "3305434198",
            "name": "shahid zafar",
            "cnic": "6110148366589",
            "address": "City PIND BEGWAL Tehsil\/Distri"
        },
        {
            "mobile": "3446276773",
            "name": null,
            "cnic": "6110148366589",
            "address": null
        }
    ],
    "timestamp": "2024-03-25 14:09:40"
}{
    "status": 100,
    "message": "No record Found",
    "timestamp": "2024-03-25 14:10:08"
}{
    "status": 100,
    "message": "No record Found",
    "timestamp": "2024-03-25 14:17:36"
}{
    "status": 100,
    "data": [
        {
            "mobile": "3486724435",
            "name": "ZAFAR ULLAH",
            "cnic": "3840389503431",
            "address": "KHAS SARGODHA CHAK NUMBER 34 SOUTH SARGODHA"
        }
    ],
    "timestamp": "2024-03-25 14:18:20"
}{
    "status": 100,
    "message": "No record Found",
    "timestamp": "2024-03-25 14:18:44"
}{
    "status": 100,
    "message": "No record Found",
    "timestamp": "2024-03-25 14:21:43"
}{
    "status": 100,
    "message": "No record Found",
    "timestamp": "2024-03-25 14:27:37"
}{
    "status": 100,
    "message": "No record Found",
    "timestamp": "2024-03-25 14:50:25"
}{
    "status": 100,
    "data": [
        {
            "mobile": "3065944542",
            "name": "MUHAMMAD AMMAD .",
            "cnic": "3410159830567",
            "address": null
        },
        {
            "mobile": "3071660973",
            "name": "MUHAMMAD AMMAD .",
            "cnic": "3410159830567",
            "address": null
        },
        {
            "mobile": "3091520960",
            "name": "MUHAMMAD AMMAD .",
            "cnic": "3410159830567",
            "address": null
        },
        {
            "mobile": "3204076475",
            "name": "MUHAMMAD AMMAD .",
            "cnic": "3410159830567",
            "address": null
        },
        {
            "mobile": "3207665062",
            "name": "MUHAMMAD AMMAD .",
            "cnic": "3410159830567",
            "address": null
        }
    ],
    "timestamp": "2024-03-25 14:51:31"
}{
    "status": 100,
    "data": [
        {
            "mobile": "3047140386",
            "name": "DATA NOT RECIEVED FROM NADRA",
            "cnic": "4130440227129",
            "address": null
        }
    ],
    "timestamp": "2024-03-25 14:52:52"
}{
    "status": 100,
    "data": [
        {
            "mobile": "3091000021",
            "name": "DANIYAL AHMED .",
            "cnic": "6110183630859",
            "address": null
        }
    ],
    "timestamp": "2024-03-25 14:54:40"
}{
    "status": 100,
    "data": [
        {
            "mobile": "3155562349",
            "name": "Muhammad  Yaqoob",
            "cnic": "7150364754289",
            "address": null
        }
    ],
    "timestamp": "2024-03-25 14:56:12"
}{
    "status": 100,
    "message": "No record Found",
    "timestamp": "2024-03-25 14:57:40"
}{
    "status": 100,
    "message": "No record Found",
    "timestamp": "2024-03-25 15:31:34"
}{
    "status": 100,
    "data": [
        {
            "mobile": "3466692356",
            "name": "ISHFAQ AHMAD",
            "cnic": "8110175534365",
            "address": "BARNALA BARNALA MOHALA NORTH BARNALA BHIMBER"
        }
    ],
    "timestamp": "2024-03-25 15:36:26"
}{
    "status": 100,
    "data": [
        {
            "mobile": "3315671105",
            "name": "KASHIF NAWAZ",
            "cnic": "4240125579809",
            "address": "SARAI ALAMGIR MANDI JATAN SARA"
        }
    ],
    "timestamp": "2024-03-25 15:38:34"
}{
    "status": 100,
    "message": "No record Found",
    "timestamp": "2024-03-25 15:51:37"
}{
    "status": 100,
    "message": "No record Found",
    "timestamp": "2024-03-25 16:19:04"
}{
    "status": 100,
    "message": "No record Found",
    "timestamp": "2024-03-25 16:25:19"
}{
    "status": 100,
    "data": [
        {
            "mobile": "3460186751",
            "name": null,
            "cnic": "1610175566016",
            "address": null
        },
        {
            "mobile": "3460186751",
            "name": "MUHAMMAD FAHEEM",
            "cnic": "3840425406149",
            "address": "PALANDRI PALANDRI JHANDA BAGLAA SADHONTI"
        }
    ],
    "timestamp": "2024-03-25 16:28:41"
}{
    "status": 100,
    "data": [
        {
            "mobile": "3447048209",
            "name": null,
            "cnic": "3740511662791",
            "address": null
        }
    ],
    "timestamp": "2024-03-25 16:30:58"
}{
    "status": 100,
    "message": "No record Found",
    "timestamp": "2024-03-25 16:31:01"
}{
    "status": 100,
    "data": [
        {
            "mobile": "3017049661",
            "name": "ZAHEER ABBAS .",
            "cnic": "3120545654733",
            "address": null
        },
        {
            "mobile": "3063386939",
            "name": "ZAHEER ABBAS .",
            "cnic": "3120545654733",
            "address": "CHAK NUMBER 62 D B YAZMAAN CHAK NUMBER 61 D B BAHAWALPUR BAHAWALPUR G.P.O."
        },
        {
            "mobile": "3065063861",
            "name": "ZAHEER ABBAS .",
            "cnic": "3120545654733",
            "address": "CHAK NUMBER 62 D B YAZMAAN CHAK NUMBER 61 D B BAHAWALPUR BAHAWALPUR G.P.O."
        },
        {
            "mobile": "3067950358",
            "name": "ZAHEER ABBAS .",
            "cnic": "3120545654733",
            "address": "CHAK NUMBER 62 D B YAZMAAN CHAK NUMBER 61 D B BAHAWALPUR BAHAWALPUR G.P.O."
        },
        {
            "mobile": "3016618754",
            "name": "ZAHEER ABBAS .",
            "cnic": "3120545654733",
            "address": "CHAK NUMBER 62 D B YAZMAAN CHAK NUMBER 61 D B BAHAWALPUR BAHAWALPUR G.P.O."
        },
        {
            "mobile": "3017047613",
            "name": "ZAHEER ABBAS .",
            "cnic": "3120545654733",
            "address": "CHAK NUMBER 62 D B YAZMAAN CHAK NUMBER 61 D B BAHAWALPUR BAHAWALPUR G.P.O."
        },
        {
            "mobile": "3067948310",
            "name": "ZAHEER ABBAS .",
            "cnic": "3120545654733",
            "address": "CHAK NUMBER 62 D B YAZMAAN CHAK NUMBER 61 D B BAHAWALPUR BAHAWALPUR G.P.O."
        }
    ],
    "timestamp": "2024-03-25 16:40:44"
}{
    "status": 100,
    "data": [
        {
            "mobile": "3360758293",
            "name": "mohammad  akhtar",
            "cnic": "3630437424491",
            "address": null
        },
        {
            "mobile": "3048274267",
            "name": "MUHAMMAD AKHTAR .",
            "cnic": "3630437424491",
            "address": "CHAH DARHAH WALA DAAK KHANA KHAS BASTI DAD TEHSIL SHUJA ABAD DISTRICT MULTAN MULTAN G.P.O."
        },
        {
            "mobile": "3404200111",
            "name": "MUHAMMAD AKHTAR",
            "cnic": "3630437424491",
            "address": "CHAH DARHAH WALA DAAK KHANA KHAS BASTI DAD TEHSIL"
        },
        {
            "mobile": "3084563698",
            "name": "MUHAMMAD AKHTAR .",
            "cnic": "3630437424491",
            "address": null
        },
        {
            "mobile": "3091886786",
            "name": "MUHAMMAD AKHTAR .",
            "cnic": "3630437424491",
            "address": null
        },
        {
            "mobile": "3146193493",
            "name": "MUHAMMAD AKHTAR .",
            "cnic": "3630437424491",
            "address": "CHAH DARHAH WALA DAAK KHANA KHAS BASTI DAD TEHSIL SHUJA ABAD DISTRICT MULTAN MULTAN G.P.O."
        },
        {
            "mobile": "3228998429",
            "name": "MUHAMMAD AKHTAR .",
            "cnic": "3630437424491",
            "address": null
        },
        {
            "mobile": "3440704227",
            "name": "MUHAMMAD AKHTAR",
            "cnic": "3630437424491",
            "address": "CHAH DARHAH WALA DAAK KHANA KHAS BASTI DAD TEHSIL"
        },
        {
            "mobile": "3128517666",
            "name": "mohammad  akhtar",
            "cnic": "3630437424491",
            "address": null
        }
    ],
    "timestamp": "2024-03-25 16:41:08"
}{
    "status": 100,
    "data": [
        {
            "mobile": "3017049661",
            "name": "ZAHEER ABBAS .",
            "cnic": "3120545654733",
            "address": null
        },
        {
            "mobile": "3063386939",
            "name": "ZAHEER ABBAS .",
            "cnic": "3120545654733",
            "address": "CHAK NUMBER 62 D B YAZMAAN CHAK NUMBER 61 D B BAHAWALPUR BAHAWALPUR G.P.O."
        },
        {
            "mobile": "3065063861",
            "name": "ZAHEER ABBAS .",
            "cnic": "3120545654733",
            "address": "CHAK NUMBER 62 D B YAZMAAN CHAK NUMBER 61 D B BAHAWALPUR BAHAWALPUR G.P.O."
        },
        {
            "mobile": "3067950358",
            "name": "ZAHEER ABBAS .",
            "cnic": "3120545654733",
            "address": "CHAK NUMBER 62 D B YAZMAAN CHAK NUMBER 61 D B BAHAWALPUR BAHAWALPUR G.P.O."
        },
        {
            "mobile": "3016618754",
            "name": "ZAHEER ABBAS .",
            "cnic": "3120545654733",
            "address": "CHAK NUMBER 62 D B YAZMAAN CHAK NUMBER 61 D B BAHAWALPUR BAHAWALPUR G.P.O."
        },
        {
            "mobile": "3017047613",
            "name": "ZAHEER ABBAS .",
            "cnic": "3120545654733",
            "address": "CHAK NUMBER 62 D B YAZMAAN CHAK NUMBER 61 D B BAHAWALPUR BAHAWALPUR G.P.O."
        },
        {
            "mobile": "3067948310",
            "name": "ZAHEER ABBAS .",
            "cnic": "3120545654733",
            "address": "CHAK NUMBER 62 D B YAZMAAN CHAK NUMBER 61 D B BAHAWALPUR BAHAWALPUR G.P.O."
        }
    ],
    "timestamp": "2024-03-25 16:42:09"
}{
    "status": 100,
    "data": [
        {
            "mobile": "3111519228",
            "name": "Zubair  Afzal",
            "cnic": "3730184755001",
            "address": null
        },
        {
            "mobile": "3029385731",
            "name": "ZUBAIR AFZAL",
            "cnic": "3730184755001",
            "address": "DINA NOOR KIANI STREET MANGLA ROAD DINA JHELUM Lahore"
        },
        {
            "mobile": "3095856519",
            "name": "ZUBAIR AFZAL",
            "cnic": "3730184755001",
            "address": null
        },
        {
            "mobile": "3095854471",
            "name": "ZUBAIR AFZAL",
            "cnic": "3730184755001",
            "address": "DINA NOOR KIANI STREET MANGLA ROAD DINA JHELUM Lahore"
        },
        {
            "mobile": "3085273866",
            "name": "ZUBAIR AFZAL",
            "cnic": "3730184755001",
            "address": "DINA NOOR KIANI STREET MANGLA ROAD DINA JHELUM Lahore"
        },
        {
            "mobile": "3315944384",
            "name": "ZUBAIR AFZAL",
            "cnic": "3730184755001",
            "address": "DINA NOOR KIANI STREET MANGLA ROAD DINA JHELUM Lahore"
        }
    ],
    "timestamp": "2024-03-25 16:42:35"
}{
    "status": 100,
    "message": "No record Found",
    "timestamp": "2024-03-25 16:42:39"
}{
    "status": 100,
    "message": "No record Found",
    "timestamp": "2024-03-25 16:42:48"
}{
    "status": 100,
    "data": [
        {
            "mobile": "3036448912",
            "name": "KALEEM ALLAH",
            "cnic": "3240333672691",
            "address": "ROJHAAN ROJHAAN QADIRA RAJAN PUR"
        }
    ],
    "timestamp": "2024-03-25 16:42:54"
}{
    "status": 100,
    "message": "No record Found",
    "timestamp": "2024-03-25 16:46:08"
}{
    "status": 100,
    "message": "No record Found",
    "timestamp": "2024-03-25 16:46:25"
}{
    "status": 100,
    "message": "No record Found",
    "timestamp": "2024-03-25 16:46:26"
}{
    "status": 100,
    "message": "No record Found",
    "timestamp": "2024-03-25 17:01:16"
}{
    "status": 100,
    "message": "No record Found",
    "timestamp": "2024-03-25 17:09:51"
}{
    "status": 100,
    "message": "No record Found",
    "timestamp": "2024-03-25 17:10:18"
}{
    "status": 100,
    "data": [
        {
            "mobile": "3093982278",
            "name": "SARWAT .",
            "cnic": "4140882195780",
            "address": "STREET NUMBER BBILO GOTH SIDDIQUE SOLANGI DAAK KHANA BBILO KHAZANO TEHSIL SAJAWAL DISTRICT THATTA  THATTA"
        }
    ],
    "timestamp": "2024-03-25 17:17:18"
}{
    "status": 100,
    "data": [
        {
            "mobile": "3365822022",
            "name": "MUHAMMAD USMAN BUTT",
            "cnic": "3730101793873",
            "address": "DAAK KHANA KHAS TOAKAL PUR PAK"
        },
        {
            "mobile": "3455831052",
            "name": "MUHAMMAD USMAN BUTT",
            "cnic": "3730101793873",
            "address": "216-B GUJRANWALA SATELLITE TOWN GUJRANWALA GUJRANW"
        },
        {
            "mobile": "3484730253",
            "name": null,
            "cnic": "3730101793873",
            "address": null
        },
        {
            "mobile": "3365819974",
            "name": "MUHAMMAD USMAN BUTT",
            "cnic": "3730101793873",
            "address": "HOUSE NUMBER 216-B MOHALA SATE"
        },
        {
            "mobile": "3159411911",
            "name": "new  cust",
            "cnic": "3730101793873",
            "address": "Post-PAID"
        },
        {
            "mobile": "3065832738",
            "name": "MUHAMMAD USMAN BUTT",
            "cnic": "3730101793873",
            "address": "KHAS JHELUM TOAKAL PUR PAKHWAL  Gujranwala"
        },
        {
            "mobile": "3065834786",
            "name": "MUHAMMAD USMAN BUTT",
            "cnic": "3730101793873",
            "address": "KHAS JHELUM TOAKAL PUR PAKHWAL  Gujranwala"
        }
    ],
    "timestamp": "2024-03-25 17:19:14"
}{
    "status": 100,
    "data": [
        {
            "mobile": "3044061830",
            "name": "NOOR SEN .",
            "cnic": "3110289319390",
            "address": "DAAK KHANA DALA BHADAIRA MUHAMMAD AZEEM M TEHSIL CHISHTIAN DISTRICT BAHAWALNAGA BAHAWALNAGAR G.P.O."
        },
        {
            "mobile": "3044061830",
            "name": "MUHAMMAD MUGHEES .",
            "cnic": "3630279566615",
            "address": null
        }
    ],
    "timestamp": "2024-03-25 17:24:06"
}{
    "status": 100,
    "message": "No record Found",
    "timestamp": "2024-03-25 17:24:41"
}{
    "status": 100,
    "message": "No record Found",
    "timestamp": "2024-03-25 17:25:10"
}{
    "status": 100,
    "message": "No record Found",
    "timestamp": "2024-03-25 17:25:24"
}{
    "status": 100,
    "message": "No record Found",
    "timestamp": "2024-03-25 17:26:04"
}{
    "status": 100,
    "message": "No record Found",
    "timestamp": "2024-03-25 17:26:20"
}{
    "status": 100,
    "message": "No record Found",
    "timestamp": "2024-03-25 17:48:22"
}{
    "status": 100,
    "message": "No record Found",
    "timestamp": "2024-03-25 17:50:27"
}{
    "status": 100,
    "data": [
        {
            "mobile": "3339442414",
            "name": "ALI JAVED",
            "cnic": "3520017795359",
            "address": null
        }
    ],
    "timestamp": "2024-03-25 17:52:35"
}{
    "status": 100,
    "data": [
        {
            "mobile": "3459442414",
            "name": "ALI JAVED",
            "cnic": "3520017795359",
            "address": "56 LAHORE CANTT E BLOCK MODEL TOWN LAHORE LAHORE"
        },
        {
            "mobile": "3339442414",
            "name": "ALI JAVED",
            "cnic": "3520017795359",
            "address": null
        },
        {
            "mobile": "3344285436",
            "name": "ALI JAVED",
            "cnic": "3520017795359",
            "address": null
        },
        {
            "mobile": "3219442414",
            "name": "ALI JAVED",
            "cnic": "3520017795359",
            "address": "56 LAHORE KAIN T E BLOCK MODEL TOWN LAHORE LAHORE"
        }
    ],
    "timestamp": "2024-03-25 17:53:06"
}{
    "status": 100,
    "data": [
        {
            "mobile": "3174645749",
            "name": "syed daud khalid",
            "cnic": "3520261922767",
            "address": null
        }
    ],
    "timestamp": "2024-03-25 18:00:08"
}{
    "status": 100,
    "data": [
        {
            "mobile": "3024622227",
            "name": "SYED DAUD KHALID AZAD .",
            "cnic": "3520261922767",
            "address": null
        },
        {
            "mobile": "3070009088",
            "name": "SYED DAUD KHALID AZAD .",
            "cnic": "3520261922767",
            "address": null
        },
        {
            "mobile": "3081497929",
            "name": "SYED DAUD KHALID AZAD .",
            "cnic": "3520261922767",
            "address": "HOUSE NUMBER 3 STREET NUMBER 92 MOHALA 37 NISBAT ROAD GAWALMANDI LAHORE  PAKISTAN"
        },
        {
            "mobile": "3410679452",
            "name": null,
            "cnic": "3520261922767",
            "address": null
        },
        {
            "mobile": "3174645749",
            "name": "syed daud khalid",
            "cnic": "3520261922767",
            "address": null
        },
        {
            "mobile": "3081495881",
            "name": "SYED DAUD KHALID AZAD .",
            "cnic": "3520261922767",
            "address": "HOUSE NUMBER 3 STREET NUMBER 92 MOHALA 37 NISBAT ROAD GAWALMANDI LAHORE  PAKISTAN"
        }
    ],
    "timestamp": "2024-03-25 18:00:19"
}{
    "status": 100,
    "data": [
        {
            "mobile": "3347522198",
            "name": "FARZANA MAIE",
            "cnic": "3210278827164",
            "address": "KHAS DERA GHAZI KHAN CHAH SUMA"
        }
    ],
    "timestamp": "2024-03-25 18:01:51"
}{
    "status": 100,
    "data": [
        {
            "mobile": "3125991214",
            "name": "DATA NOT RECIEVED FROM NADRA",
            "cnic": "3320212819589",
            "address": null
        },
        {
            "mobile": "3125991214",
            "name": "DATA NOT RECIEVED FROM NADRA",
            "cnic": "6110170832277",
            "address": null
        }
    ],
    "timestamp": "2024-03-25 18:07:49"
}{
    "status": 100,
    "data": [
        {
            "mobile": "3046840186",
            "name": "MUHAMMAD FAYAZ .",
            "cnic": "3120125188337",
            "address": null
        },
        {
            "mobile": "3046838138",
            "name": "MUHAMMAD FAYAZ .",
            "cnic": "3120125188337",
            "address": "CHAK LOHARAAN AHMEDPUR EAST ANWAR ABAD  Bahawal Pur"
        }
    ],
    "timestamp": "2024-03-25 18:29:41"
}{
    "status": 100,
    "message": "No record Found",
    "timestamp": "2024-03-25 18:37:19"
}{
    "status": 100,
    "data": [
        {
            "mobile": "3017119040",
            "name": "MUHAMMAD WAHEED .",
            "cnic": "3310295755431",
            "address": "HOUSE NUMBER 245 STREET NUMBER 3 JHANG ROAD MOHALA PANJ PEER FAISAL ABAD TEHSIL FAISAL ABAD CITY"
        },
        {
            "mobile": "3017119040",
            "name": "MUHAMMAD LUQMAN .",
            "cnic": "3550201603873",
            "address": "SHAH KOT KHAS SHAH KOT NANKANA SAHIB  PAKISTAN"
        }
    ],
    "timestamp": "2024-03-25 18:38:29"
}{
    "status": 100,
    "message": "No record Found",
    "timestamp": "2024-03-25 19:04:37"
}{
    "status": 100,
    "message": "No record Found",
    "timestamp": "2024-03-25 19:04:50"
}{
    "status": 100,
    "data": [
        {
            "mobile": "3125061407",
            "name": "mudassir  ashfaq",
            "cnic": "3710451007489",
            "address": null
        }
    ],
    "timestamp": "2024-03-25 19:12:12"
}{
    "status": 100,
    "data": [
        {
            "mobile": "3413313488",
            "name": null,
            "cnic": "3320342151851",
            "address": null
        }
    ],
    "timestamp": "2024-03-25 19:22:05"
}{
    "status": 100,
    "data": [
        {
            "mobile": "3009107445",
            "name": "BILAL KHAN",
            "cnic": "3730311195001",
            "address": null
        },
        {
            "mobile": "3365021868",
            "name": "DATA NOT RECIEVED FROM NADRA",
            "cnic": "3730311195001",
            "address": null
        },
        {
            "mobile": "3215119545",
            "name": "DATA NOT RECIEVED FROM NADRA",
            "cnic": "3730311195001",
            "address": null
        },
        {
            "mobile": "3360053503",
            "name": "BILAL KHAN",
            "cnic": "3730311195001",
            "address": ""
        },
        {
            "mobile": "3445709755",
            "name": "BILAL KHAN",
            "cnic": "3730311195001",
            "address": "BOARDING DOMELI SOHAWA DOMELI JHELUM"
        },
        {
            "mobile": "3135130726",
            "name": "DATA NOT RECIEVED FROM NADRA",
            "cnic": "3730311195001",
            "address": null
        },
        {
            "mobile": "3215117497",
            "name": "DATA NOT RECIEVED FROM NADRA",
            "cnic": "3730311195001",
            "address": null
        },
        {
            "mobile": "3009105397",
            "name": "BILAL KHAN",
            "cnic": "3730311195001",
            "address": "85 SCHEME NUMBER 4 RAWALPINDI CHAMAN ZAR  COLO85 SCHEME NUMBER 4 RAWALPINDI CHAMA Jhelum"
        }
    ],
    "timestamp": "2024-03-25 20:10:02"
}{
    "status": 100,
    "data": [
        {
            "mobile": "3360006310",
            "name": "gul hussain",
            "cnic": "2170888969143",
            "address": "City GHOWA KHAWA Tehsil WANA D"
        }
    ],
    "timestamp": "2024-03-25 20:12:53"
}{
    "status": 100,
    "data": [
        {
            "mobile": "3185340048",
            "name": "DATA NOT RECIEVED FROM NADRA",
            "cnic": "3740590890513",
            "address": null
        }
    ],
    "timestamp": "2024-03-25 20:13:01"
}{
    "status": 100,
    "data": [
        {
            "mobile": "3490554112",
            "name": "ABDUL AZIZ",
            "cnic": "4310526261923",
            "address": "GOTH HAJI KARIM BAKHSH BANGLANI DAAK KHANA THAL GH"
        }
    ],
    "timestamp": "2024-03-25 20:13:08"
}{
    "status": 100,
    "data": [
        {
            "mobile": "3438131283",
            "name": null,
            "cnic": "4150407473974",
            "address": null
        }
    ],
    "timestamp": "2024-03-25 21:25:43"
}{
    "status": 100,
    "data": [
        {
            "mobile": "3173947611",
            "name": "tanzila  tariq",
            "cnic": "4150407473974",
            "address": null
        },
        {
            "mobile": "3448734307",
            "name": "TANZEELA TARIQ",
            "cnic": "4150407473974",
            "address": "DAAK KHANA KHAS DHOK AMRAL AN TEHSIL SARAI ALAMGIR ZILAH GUJRAT"
        },
        {
            "mobile": "3438131283",
            "name": null,
            "cnic": "4150407473974",
            "address": null
        },
        {
            "mobile": "3490106082",
            "name": null,
            "cnic": "4150407473974",
            "address": null
        },
        {
            "mobile": "3472132961",
            "name": null,
            "cnic": "4150407473974",
            "address": null
        }
    ],
    "timestamp": "2024-03-25 21:39:06"
}{
    "status": 100,
    "data": [
        {
            "mobile": "3406774801",
            "name": "BILAL HASSAN",
            "cnic": "3320219938351",
            "address": "KHAS 18 HAZARI BHRARHI JHANG"
        }
    ],
    "timestamp": "2024-03-25 22:24:10"
}{
    "status": 100,
    "message": "No record Found",
    "timestamp": "2024-03-25 23:18:08"
}{
    "status": 100,
    "message": "No record Found",
    "timestamp": "2024-03-25 23:18:35"
}