{
    "status": 100,
    "data": [
        {
            "mobile": "3345556912",
            "name": "MUHAMMAD UMAIR SAEED",
            "cnic": "3720105479425",
            "address": "56-D CHAKWAL DISTRICT KMPLEEKS"
        }
    ],
    "timestamp": "2024-03-26 00:49:45"
}{
    "status": 100,
    "data": [
        {
            "mobile": "3345556912",
            "name": "MUHAMMAD UMAIR SAEED",
            "cnic": "3720105479425",
            "address": "56-D CHAKWAL DISTRICT KMPLEEKS"
        },
        {
            "mobile": "3335786912",
            "name": "MUHAMMAD UMAIR SAEED",
            "cnic": "3720105479425",
            "address": "56-D CHAKWAL DISTRICT KMPLEEKS"
        },
        {
            "mobile": "3345554864",
            "name": "MUHAMMAD UMAIR SAEED",
            "cnic": "3720105479425",
            "address": "P-1222S-14 FAISAL ABAD STEEMNS"
        },
        {
            "mobile": "3108351735",
            "name": "Muhammad Umair Saeed",
            "cnic": "3720105479425",
            "address": null
        }
    ],
    "timestamp": "2024-03-26 00:50:19"
}{
    "status": 100,
    "data": [
        {
            "mobile": "3135093002",
            "name": "Aadil  Ayaz",
            "cnic": "3720133919537",
            "address": "HOUSE NUMBER MCB 7\/149 MOHALA GHARBI CHAKWAL"
        },
        {
            "mobile": "3353069912",
            "name": "Aadil Ayaz",
            "cnic": "3720133919537",
            "address": "House No Mcb 7\/149 Gharbi"
        },
        {
            "mobile": "3335005840",
            "name": "ADIL AYYAZ",
            "cnic": "3720133919537",
            "address": ""
        },
        {
            "mobile": "3430022144",
            "name": "ADIL AYYAZ",
            "cnic": "3720133919537",
            "address": "HOUSE NUMBER MCB 7\/149 MOHALA GHARBI CHAKWAL"
        },
        {
            "mobile": "3335003792",
            "name": "ADIL AYYAZ",
            "cnic": "3720133919537",
            "address": null
        }
    ],
    "timestamp": "2024-03-26 00:53:34"
}{
    "status": 100,
    "message": "No record Found",
    "timestamp": "2024-03-26 00:56:00"
}{
    "status": 100,
    "data": [
        {
            "mobile": "3080868167",
            "name": "SATO BI .",
            "cnic": "3840320552062",
            "address": "village ahmed bhan SAKRAND City SHAHEED BENAZIR ABAD Lahore"
        }
    ],
    "timestamp": "2024-03-26 00:57:30"
}{
    "status": 100,
    "data": [
        {
            "mobile": "3028006251",
            "name": "WAHEED AKHTAR .",
            "cnic": "3450147331239",
            "address": null
        }
    ],
    "timestamp": "2024-03-26 01:18:00"
}{
    "status": 100,
    "data": [
        {
            "mobile": "3028006251",
            "name": "WAHEED AKHTAR .",
            "cnic": "3450147331239",
            "address": null
        },
        {
            "mobile": "3476295962",
            "name": "WAHEED AKHTAR",
            "cnic": "3450147331239",
            "address": "DAAK KHANA BHATIAN DEWAN MAMDAM TEHSIL ZAFFAR WAAL"
        },
        {
            "mobile": "3498877450",
            "name": "WAHEED AKHTAR",
            "cnic": "3450147331239",
            "address": "DAAK KHANA BHATIAN DEWAN MAMDAM TEHSIL ZAFFAR WAAL"
        },
        {
            "mobile": "3084708033",
            "name": "WAHEED AKHTAR .",
            "cnic": "3450147331239",
            "address": null
        },
        {
            "mobile": "3422185806",
            "name": null,
            "cnic": "3450147331239",
            "address": null
        }
    ],
    "timestamp": "2024-03-26 01:18:10"
}{
    "status": 100,
    "data": [
        {
            "mobile": "3051307645",
            "name": "SHABBIR AHMAD",
            "cnic": "3740505121317",
            "address": "BASTI GOLABI JATOI Abbotabad"
        }
    ],
    "timestamp": "2024-03-26 02:20:40"
}{
    "status": 100,
    "data": [
        {
            "mobile": "3404074271",
            "name": "RASHEED AHMAD",
            "cnic": "3460108566139",
            "address": "DERA GUJRAAN BUDHA GORAIYA DASKA DOGARI MUSLIM SIA"
        }
    ],
    "timestamp": "2024-03-26 04:11:49"
}{
    "status": 100,
    "message": "No record Found",
    "timestamp": "2024-03-26 04:21:40"
}{
    "status": 100,
    "message": "No record Found",
    "timestamp": "2024-03-26 04:21:58"
}{
    "status": 100,
    "data": [
        {
            "mobile": "3060403378",
            "name": "GHULAM MUSTAFA",
            "cnic": "3220223526771",
            "address": "CHAK NUMBER 86 M L KAROORH LAL EESAN CHA K NUMBERCHAK NUMBER 86 M L KAROORH LAL E Leiyah"
        },
        {
            "mobile": "3060403378",
            "name": "MUHAMMAD AMJAD .",
            "cnic": "3310038411515",
            "address": null
        }
    ],
    "timestamp": "2024-03-26 04:30:14"
}{
    "status": 100,
    "message": "No record Found",
    "timestamp": "2024-03-26 04:36:06"
}{
    "status": 100,
    "data": [
        {
            "mobile": "3021040061",
            "name": "TANVEER TARIQ",
            "cnic": "3520168035763",
            "address": null
        }
    ],
    "timestamp": "2024-03-26 04:37:07"
}{
    "status": 100,
    "message": "No record Found",
    "timestamp": "2024-03-26 04:39:49"
}{
    "status": 100,
    "message": "No record Found",
    "timestamp": "2024-03-26 04:41:31"
}{
    "status": 100,
    "message": "No record Found",
    "timestamp": "2024-03-26 04:45:56"
}{
    "status": 100,
    "message": "No record Found",
    "timestamp": "2024-03-26 04:53:00"
}{
    "status": 100,
    "message": "No record Found",
    "timestamp": "2024-03-26 04:53:13"
}{
    "status": 100,
    "message": "No record Found",
    "timestamp": "2024-03-26 05:05:09"
}{
    "status": 100,
    "message": "No record Found",
    "timestamp": "2024-03-26 05:05:13"
}{
    "status": 100,
    "data": [
        {
            "mobile": "3143027214",
            "name": "SYED MAQBOOL HUSSAIN",
            "cnic": "3810105776293",
            "address": "DAAK KHANA KHAS KRARHE KOT NUMBER 1 TEHSIL BHAKKAR"
        }
    ],
    "timestamp": "2024-03-26 05:05:22"
}{
    "status": 100,
    "message": "No record Found",
    "timestamp": "2024-03-26 05:05:34"
}{
    "status": 100,
    "data": [
        {
            "mobile": "3022211444",
            "name": "SHAKERULLAH .",
            "cnic": "2110493240645",
            "address": "DAAK KHANA ANAYAT KALAY LARH SEWA YE TE EHSIL MAMOND DISTRICT BAJORH AGENCY BAJAUR AGENCY"
        }
    ],
    "timestamp": "2024-03-26 05:05:55"
}{
    "status": 100,
    "message": "No record Found",
    "timestamp": "2024-03-26 05:06:57"
}{
    "status": 100,
    "data": [
        {
            "mobile": "3319714796",
            "name": "RIAZ HUSSAIN",
            "cnic": "3240413936407",
            "address": "UMER KWTRWJHANQADRHRAJN PUR"
        }
    ],
    "timestamp": "2024-03-26 05:11:26"
}{
    "status": 100,
    "message": "No record Found",
    "timestamp": "2024-03-26 05:13:14"
}{
    "status": 100,
    "data": [
        {
            "mobile": "3170309669",
            "name": "imran",
            "cnic": "4150403689431",
            "address": "Post-PAID"
        }
    ],
    "timestamp": "2024-03-26 05:33:15"
}{
    "status": 100,
    "message": "No record Found",
    "timestamp": "2024-03-26 05:41:54"
}{
    "status": 100,
    "data": [
        {
            "mobile": "3209664028",
            "name": "IRFAN ALLAH KHAN IRFAN ALLAH KHAN",
            "cnic": "1730184181403",
            "address": null
        },
        {
            "mobile": "3469248112",
            "name": null,
            "cnic": "1730184181403",
            "address": null
        },
        {
            "mobile": "3219547583",
            "name": "IRFAN ULLAH KHAN",
            "cnic": "1730184181403",
            "address": "SEETHI TOWN HAJI KAIM P MOHALA SARBULAND PURA PESHAWAR"
        }
    ],
    "timestamp": "2024-03-26 05:44:48"
}{
    "status": 100,
    "data": [
        {
            "mobile": "3025945059",
            "name": "AFZAL ALI .",
            "cnic": "3730122217177",
            "address": null
        },
        {
            "mobile": "3367778086",
            "name": "AFZAL ALI .",
            "cnic": "3730122217177",
            "address": null
        }
    ],
    "timestamp": "2024-03-26 05:45:42"
}{
    "status": 100,
    "message": "No record Found",
    "timestamp": "2024-03-26 05:47:43"
}{
    "status": 100,
    "message": "No record Found",
    "timestamp": "2024-03-26 05:49:15"
}{
    "status": 100,
    "message": "No record Found",
    "timestamp": "2024-03-26 06:06:55"
}{
    "status": 100,
    "message": "No record Found",
    "timestamp": "2024-03-26 06:07:05"
}{
    "status": 100,
    "message": "No record Found",
    "timestamp": "2024-03-26 06:08:38"
}{
    "status": 100,
    "message": "No record Found",
    "timestamp": "2024-03-26 06:09:51"
}{
    "status": 100,
    "message": "No record Found",
    "timestamp": "2024-03-26 06:10:56"
}{
    "status": 100,
    "data": [
        {
            "mobile": "3038858310",
            "name": "GULZAIB AHMAD",
            "cnic": "8120289704629",
            "address": "SERI KOTLI KENTHI KOTLI  Gujranwala"
        }
    ],
    "timestamp": "2024-03-26 06:29:15"
}{
    "status": 100,
    "data": [
        {
            "mobile": "3034695605",
            "name": "GULRAIZ TABASUM .",
            "cnic": "3420275566373",
            "address": null
        },
        {
            "mobile": "3045894394",
            "name": "GULRAIZ TABASUM .",
            "cnic": "3420275566373",
            "address": "village ahmed bhan SAKRAND City SHAHEED BENAZIR ABAD Lahore"
        },
        {
            "mobile": "3446773556",
            "name": "GULRAIZ TABASUM",
            "cnic": "3420275566373",
            "address": "DAAK KHANA DANGA SHAH QULI TEHSIL KHARIAN DISTRICT"
        },
        {
            "mobile": "3034693557",
            "name": "GULRAIZ TABASUM .",
            "cnic": "3420275566373",
            "address": "village ahmed bhan SAKRAND City SHAHEED BENAZIR ABAD Lahore"
        }
    ],
    "timestamp": "2024-03-26 06:32:57"
}{
    "status": 100,
    "data": [
        {
            "mobile": "3011230845",
            "name": "MUHAMMAD ARIF .",
            "cnic": "3240298878411",
            "address": null
        }
    ],
    "timestamp": "2024-03-26 06:44:52"
}{
    "status": 100,
    "data": [
        {
            "mobile": "3005602674",
            "name": "DATA NOT RECIEVED FROM NADRA",
            "cnic": "3740694398117",
            "address": null
        }
    ],
    "timestamp": "2024-03-26 06:48:31"
}{
    "status": 100,
    "message": "No record Found",
    "timestamp": "2024-03-26 06:53:58"
}{
    "status": 100,
    "message": "No record Found",
    "timestamp": "2024-03-26 06:54:12"
}{
    "status": 100,
    "message": "No record Found",
    "timestamp": "2024-03-26 06:54:25"
}{
    "status": 100,
    "message": "No record Found",
    "timestamp": "2024-03-26 06:56:18"
}{
    "status": 100,
    "message": "No record Found",
    "timestamp": "2024-03-26 06:57:22"
}{
    "status": 100,
    "message": "No record Found",
    "timestamp": "2024-03-26 06:58:48"
}{
    "status": 100,
    "message": "No record Found",
    "timestamp": "2024-03-26 06:58:58"
}{
    "status": 100,
    "data": [
        {
            "mobile": "3482030214",
            "name": "MUHAMMAD AFZAL",
            "cnic": "3310503743407",
            "address": "KHAS SUMANDRI CHAK 143 G B KHALASA ABAD FAISAL ABA"
        },
        {
            "mobile": "3412556890",
            "name": "MUHAMMAD AFZAL",
            "cnic": "3310503743407",
            "address": "KHAS SUMANDRI CHAK 143 G B KHALASA ABAD FAISAL ABA"
        }
    ],
    "timestamp": "2024-03-26 06:59:45"
}{
    "status": 100,
    "message": "No record Found",
    "timestamp": "2024-03-26 06:59:59"
}{
    "status": 100,
    "data": [
        {
            "mobile": "3125807686",
            "name": "muhammad  sarfraz",
            "cnic": "3820147836341",
            "address": null
        }
    ],
    "timestamp": "2024-03-26 07:00:09"
}{
    "status": 100,
    "data": [
        {
            "mobile": "3014301359",
            "name": "MUHAMMAD IRSHAD .",
            "cnic": "3640146314575",
            "address": "village ahmed bhan SAKRAND City SHAHEED BENAZIR ABAD Lahore"
        },
        {
            "mobile": "3014301359",
            "name": "NOREEN RASOOL .",
            "cnic": "3840144241926",
            "address": "BHALWAAL AL FAZAL TOWN BHALWAAL SARGODHA  SARGODHA G.P.O"
        }
    ],
    "timestamp": "2024-03-26 07:00:14"
}{
    "status": 100,
    "message": "No record Found",
    "timestamp": "2024-03-26 07:04:06"
}{
    "status": 100,
    "data": [
        {
            "mobile": "3445852947",
            "name": "RUKHSANA PARVEEN",
            "cnic": "3720219937522",
            "address": "GALAI \/ MOHALA MASJID MALKAAN DELWAL TEHSIL CHOA S"
        }
    ],
    "timestamp": "2024-03-26 07:04:16"
}{
    "status": 100,
    "data": [
        {
            "mobile": "3459637587",
            "name": "MUHAMMAD IRSHAD",
            "cnic": "3640146314575",
            "address": "DAAK KHANA BELI DILAWAR BLARHAH DILAWAR TEHSIL ARIF WALA ZILAH PAK PATTAN SHARIF"
        }
    ],
    "timestamp": "2024-03-26 07:08:55"
}{
    "status": 100,
    "data": [
        {
            "mobile": "3006341423",
            "name": "RASHID ZAFAR",
            "cnic": "3620105747233",
            "address": "CHAK NUMBER 35 M DUNIYA PUR CHAK NUMBER  26 ACHAK NUMBER 35 M DUNIYA PUR CHAK NU Lodhran"
        }
    ],
    "timestamp": "2024-03-26 07:10:04"
}{
    "status": 100,
    "data": [
        {
            "mobile": "3456341423",
            "name": "RASHID ZAFAR",
            "cnic": "3620105747233",
            "address": "CHAK NUMBER 35 M DUNIYAPUR CHAK NUMBER 26 A YAM LO"
        }
    ],
    "timestamp": "2024-03-26 07:11:09"
}{
    "status": 100,
    "data": [
        {
            "mobile": "3036448912",
            "name": "KALEEM ALLAH",
            "cnic": "3240333672691",
            "address": "ROJHAAN ROJHAAN QADIRA RAJAN PUR"
        }
    ],
    "timestamp": "2024-03-26 07:14:48"
}{
    "status": 100,
    "data": [
        {
            "mobile": "3034718656",
            "name": "KALEEM ALLAH .",
            "cnic": "3240333672691",
            "address": "ROJHAAN QADIRA RAJAN PUR  RAJAN PUR"
        }
    ],
    "timestamp": "2024-03-26 07:15:16"
}{
    "status": 100,
    "data": [
        {
            "mobile": "3356000937",
            "name": "SYED MUZAMMIL SHAH",
            "cnic": "1730177953919",
            "address": "HOUSE NUMBER 1 POST OFFICE KAB"
        }
    ],
    "timestamp": "2024-03-26 07:16:24"
}{
    "status": 100,
    "data": [
        {
            "mobile": "3356000937",
            "name": "SYED MUZAMMIL SHAH",
            "cnic": "1730177953919",
            "address": "HOUSE NUMBER 1 POST OFFICE KAB"
        }
    ],
    "timestamp": "2024-03-26 07:16:28"
}{
    "status": 100,
    "data": [
        {
            "mobile": "3045967060",
            "name": "FEROZ KHAN",
            "cnic": "1330113521235",
            "address": "GHAZI GHAZI KHALO HARI PUR  Ghazi Hari Pur"
        },
        {
            "mobile": "3045967060",
            "name": "ABDUL UL HADI .",
            "cnic": "3460360479389",
            "address": "DAAK KHANA CHAPRARH MANDHAL TEHSIL SIAL LKOT DISTRICT SIALKOT G.P.O."
        }
    ],
    "timestamp": "2024-03-26 07:18:09"
}{
    "status": 100,
    "data": [
        {
            "mobile": "3011326190",
            "name": "LAL KHAN .",
            "cnic": "3610404979019",
            "address": null
        }
    ],
    "timestamp": "2024-03-26 07:19:42"
}{
    "status": 100,
    "data": [
        {
            "mobile": "3045967060",
            "name": "FEROZ KHAN",
            "cnic": "1330113521235",
            "address": "GHAZI GHAZI KHALO HARI PUR  Ghazi Hari Pur"
        },
        {
            "mobile": "3045967060",
            "name": "ABDUL UL HADI .",
            "cnic": "3460360479389",
            "address": "DAAK KHANA CHAPRARH MANDHAL TEHSIL SIAL LKOT DISTRICT SIALKOT G.P.O."
        }
    ],
    "timestamp": "2024-03-26 07:19:47"
}{
    "status": 100,
    "message": "No record Found",
    "timestamp": "2024-03-26 07:20:22"
}{
    "status": 100,
    "message": "No record Found",
    "timestamp": "2024-03-26 07:20:32"
}{
    "status": 100,
    "message": "No record Found",
    "timestamp": "2024-03-26 07:20:37"
}{
    "status": 100,
    "message": "No record Found",
    "timestamp": "2024-03-26 07:24:08"
}{
    "status": 100,
    "data": [
        {
            "mobile": "3004969530",
            "name": "ZAHID ABBAS .",
            "cnic": "3120324824769",
            "address": null
        },
        {
            "mobile": "3004969530",
            "name": "SHAHID ABBAS",
            "cnic": "3120399583057",
            "address": "Lahore N\/A Lahore"
        }
    ],
    "timestamp": "2024-03-26 07:31:04"
}{
    "status": 100,
    "message": "No record Found",
    "timestamp": "2024-03-26 07:31:44"
}{
    "status": 100,
    "data": [
        {
            "mobile": "3002254194",
            "name": "MUHAMMAD MUJAHID .",
            "cnic": "3120336095245",
            "address": "KHAS HASIL PUR CHOHAN BAHAWALPUR  Bahawal Pur"
        }
    ],
    "timestamp": "2024-03-26 07:32:04"
}{
    "status": 100,
    "data": [
        {
            "mobile": "3008488835",
            "name": "SABA QAMAR ZAMAN",
            "cnic": "3520269132792",
            "address": null
        },
        {
            "mobile": "3008486787",
            "name": "SABA QAMAR ZAMAN",
            "cnic": "3520269132792",
            "address": "377 BLOCK A SECTOR 1 ESTATE LIFE COOPERATIVE HOUSING SOCIETY Lahore"
        }
    ],
    "timestamp": "2024-03-26 07:36:46"
}{
    "status": 100,
    "message": "No record Found",
    "timestamp": "2024-03-26 07:37:31"
}{
    "status": 100,
    "message": "No record Found",
    "timestamp": "2024-03-26 07:38:13"
}{
    "status": 100,
    "message": "No record Found",
    "timestamp": "2024-03-26 07:38:49"
}{
    "status": 100,
    "message": "No record Found",
    "timestamp": "2024-03-26 07:39:36"
}{
    "status": 100,
    "data": [
        {
            "mobile": "3082743410",
            "name": "NAGEN AFZAL .",
            "cnic": "3330304410318",
            "address": "HOUSE NUMBER 453\/A STREET NUMBER 8 MOHA ALA FAIZ COLONY TOBA TEK SINGH TOBA TAKE SINGH  G.P.O."
        }
    ],
    "timestamp": "2024-03-26 07:42:00"
}{
    "status": 100,
    "message": "No record Found",
    "timestamp": "2024-03-26 07:44:29"
}{
    "status": 100,
    "message": "No record Found",
    "timestamp": "2024-03-26 07:44:40"
}{
    "status": 100,
    "message": "No record Found",
    "timestamp": "2024-03-26 07:46:05"
}{
    "status": 100,
    "message": "No record Found",
    "timestamp": "2024-03-26 07:46:15"
}{
    "status": 100,
    "message": "No record Found",
    "timestamp": "2024-03-26 07:49:43"
}{
    "status": 100,
    "data": [
        {
            "mobile": "3018754238",
            "name": "IRFAN ALLAH",
            "cnic": "1120184908955",
            "address": "LUCKY MARWAT SHAKH QULI KHAN S ARAYE NOOR GULL LUCKY MARWAT Lahore"
        }
    ],
    "timestamp": "2024-03-26 07:51:25"
}{
    "status": 100,
    "data": [
        {
            "mobile": "3228676262",
            "name": "MUHAMMAD FAROOQ",
            "cnic": "3520189126219",
            "address": "KAAHNA NO LAHORE KAIN TANO AN PIND KHWKHRANLAHWR"
        }
    ],
    "timestamp": "2024-03-26 07:51:57"
}{
    "status": 100,
    "data": [
        {
            "mobile": "3228676262",
            "name": "MUHAMMAD FAROOQ",
            "cnic": "3520189126219",
            "address": "KAAHNA NO LAHORE KAIN TANO AN PIND KHWKHRANLAHWR"
        }
    ],
    "timestamp": "2024-03-26 07:52:18"
}{
    "status": 100,
    "data": [
        {
            "mobile": "3355151549",
            "name": "MUHAMMAD YASEEN",
            "cnic": "3310634293359",
            "address": ""
        },
        {
            "mobile": "3235284095",
            "name": "MUHAMMAD YASEEN .",
            "cnic": "3310634293359",
            "address": null
        },
        {
            "mobile": "3315490975",
            "name": "MUHAMMAD YASEEN .",
            "cnic": "3310634293359",
            "address": "Lahore10069380  Lahore"
        },
        {
            "mobile": "3355149501",
            "name": "MUHAMMAD YASEEN",
            "cnic": "3310634293359",
            "address": null
        }
    ],
    "timestamp": "2024-03-26 07:53:20"
}{
    "status": 100,
    "data": [
        {
            "mobile": "3355151549",
            "name": "MUHAMMAD YASEEN",
            "cnic": "3310634293359",
            "address": ""
        },
        {
            "mobile": "3235284095",
            "name": "MUHAMMAD YASEEN .",
            "cnic": "3310634293359",
            "address": null
        },
        {
            "mobile": "3315490975",
            "name": "MUHAMMAD YASEEN .",
            "cnic": "3310634293359",
            "address": "Lahore10069380  Lahore"
        },
        {
            "mobile": "3355149501",
            "name": "MUHAMMAD YASEEN",
            "cnic": "3310634293359",
            "address": null
        }
    ],
    "timestamp": "2024-03-26 07:53:21"
}{
    "status": 100,
    "data": [
        {
            "mobile": "3455534491",
            "name": "SHAUKAT ALI",
            "cnic": "3340305201655",
            "address": "HAVELI BATAH POST OFFICE KHAS NATHARKAY TEHSIL BHAWANA ZILAH CHINIOT"
        }
    ],
    "timestamp": "2024-03-26 07:53:49"
}{
    "status": 100,
    "data": [
        {
            "mobile": "3355151549",
            "name": "MUHAMMAD YASEEN",
            "cnic": "3310634293359",
            "address": ""
        }
    ],
    "timestamp": "2024-03-26 07:54:24"
}{
    "status": 100,
    "message": "No record Found",
    "timestamp": "2024-03-26 07:56:33"
}{
    "status": 100,
    "message": "No record Found",
    "timestamp": "2024-03-26 07:56:48"
}{
    "status": 100,
    "data": [
        {
            "mobile": "3413703096",
            "name": null,
            "cnic": "3640207637349",
            "address": null
        }
    ],
    "timestamp": "2024-03-26 07:57:06"
}{
    "status": 100,
    "message": "No record Found",
    "timestamp": "2024-03-26 07:57:19"
}{
    "status": 100,
    "data": [
        {
            "mobile": "3016211708",
            "name": "MUHAMMAD ARIF",
            "cnic": "3420195826461",
            "address": null
        }
    ],
    "timestamp": "2024-03-26 07:58:51"
}{
    "status": 100,
    "message": "No record Found",
    "timestamp": "2024-03-26 07:59:13"
}{
    "status": 100,
    "data": [
        {
            "mobile": "3005755864",
            "name": "TALIB HUSSAIN",
            "cnic": "3630373335591",
            "address": "KHAS MULTAN SADAR CHAH MULLAN WALA QADIR PUR LAARH"
        }
    ],
    "timestamp": "2024-03-26 08:01:02"
}{
    "status": 100,
    "data": [
        {
            "mobile": "3019111464",
            "name": "MUHAMMAD ASAD .",
            "cnic": "3340304999069",
            "address": null
        },
        {
            "mobile": "3455968866",
            "name": "MUHAMMAD ASAD",
            "cnic": "3340304999069",
            "address": "CHAH WAHID SHAH WALA POST OFFICE BHAWANA MANGENI TEHSIL BHAWANA ZILAH CHINIOT"
        },
        {
            "mobile": "3457692464",
            "name": "MUHAMMAD ASAD",
            "cnic": "3340304999069",
            "address": "CHAH WAHID SHAH WALA POST OFFICE BHAWANA MANGENI TEHSIL BHAWANA ZILAH CHINIOT"
        },
        {
            "mobile": "3454176915",
            "name": null,
            "cnic": "3340304999069",
            "address": null
        }
    ],
    "timestamp": "2024-03-26 08:01:37"
}{
    "status": 100,
    "data": [
        {
            "mobile": "3089345589",
            "name": "ABUBAKAR .",
            "cnic": "2120322527513",
            "address": null
        },
        {
            "mobile": "3089345589",
            "name": "HAJI MUHAMMAD .",
            "cnic": "2170188473319",
            "address": "village ahmed bhan SAKRAND City SHAHEED BENAZIR ABAD Lahore"
        }
    ],
    "timestamp": "2024-03-26 08:02:02"
}{
    "status": 100,
    "data": [
        {
            "mobile": "3008801486",
            "name": "MUHAMMAD RIZWAN .",
            "cnic": "3120492497881",
            "address": "KHAIRPUR MIRS TAMIWALI KACHI ABADI YASRA B COLONY KHAIRPUR MIRS TAMIWALI BAHAWALP Bahawal Pur"
        },
        {
            "mobile": "3088801485",
            "name": "MUHAMMAD RIZWAN .",
            "cnic": "3120492497881",
            "address": null
        },
        {
            "mobile": "3481067920",
            "name": "MUHAMMAD RIZWAN",
            "cnic": "3120492497881",
            "address": "KHAIRPUR MIRS TAMIWALI KACHI ABADI YASRAB COLONY K"
        },
        {
            "mobile": "3085372068",
            "name": "MUHAMMAD RIZWAN .",
            "cnic": "3120492497881",
            "address": "KHAIRPUR MIRS TAMIWALI KACHI ABADI YASRA B COLONY KHAIRPUR MIRS TAMIWALI BAHAWALP Bahawal Pur"
        },
        {
            "mobile": "3017745025",
            "name": "MUHAMMAD RIZWAN .",
            "cnic": "3120492497881",
            "address": "KHAIRPUR MIRS TAMIWALI KACHI ABADI YASRA B COLONY KHAIRPUR MIRS TAMIWALI BAHAWALP Bahawal Pur"
        },
        {
            "mobile": "3088799437",
            "name": "MUHAMMAD RIZWAN .",
            "cnic": "3120492497881",
            "address": "KHAIRPUR MIRS TAMIWALI KACHI ABADI YASRA B COLONY KHAIRPUR MIRS TAMIWALI BAHAWALP Bahawal Pur"
        }
    ],
    "timestamp": "2024-03-26 08:02:25"
}{
    "status": 100,
    "data": [
        {
            "mobile": "3017763714",
            "name": "MUHAMMAD SAEED",
            "cnic": "3120401744589",
            "address": "A A Lahore"
        }
    ],
    "timestamp": "2024-03-26 08:02:49"
}{
    "status": 100,
    "message": "No record Found",
    "timestamp": "2024-03-26 08:05:12"
}{
    "status": 100,
    "data": [
        {
            "mobile": "3154045805",
            "name": "DATA NOT RECIEVED FROM NADRA",
            "cnic": "5420249901247",
            "address": null
        }
    ],
    "timestamp": "2024-03-26 08:05:47"
}{
    "status": 100,
    "message": "No record Found",
    "timestamp": "2024-03-26 08:06:02"
}{
    "status": 100,
    "data": [
        {
            "mobile": "3339165546",
            "name": "sabar mana bibi",
            "cnic": "2120160846384",
            "address": ", mohlla iran khle City SHALOB"
        },
        {
            "mobile": "3339163498",
            "name": "sabar mana bibi",
            "cnic": "2120160846384",
            "address": null
        }
    ],
    "timestamp": "2024-03-26 08:06:42"
}{
    "status": 100,
    "message": "No record Found",
    "timestamp": "2024-03-26 08:08:03"
}{
    "status": 100,
    "data": [
        {
            "mobile": "3089345588",
            "name": "BAIT ALLAH .",
            "cnic": "2170882512595",
            "address": "TANAI WANA SPAIN SOUTH WAZIRISTAN AGENCY  WAZIRISTAN AGENCY"
        }
    ],
    "timestamp": "2024-03-26 08:09:09"
}{
    "status": 100,
    "message": "No record Found",
    "timestamp": "2024-03-26 08:10:21"
}{
    "status": 100,
    "data": [
        {
            "mobile": "3352138747",
            "name": "muhammad hassan",
            "cnic": "4250179465499",
            "address": "Flat No 16 Block 16 uni rd Cit"
        }
    ],
    "timestamp": "2024-03-26 08:17:14"
}{
    "status": 100,
    "message": "No record Found",
    "timestamp": "2024-03-26 08:22:29"
}{
    "status": 100,
    "message": "No record Found",
    "timestamp": "2024-03-26 08:24:12"
}{
    "status": 100,
    "data": [
        {
            "mobile": "3139542794",
            "name": "Fazal  Din",
            "cnic": "1350170313397",
            "address": null
        }
    ],
    "timestamp": "2024-03-26 08:25:50"
}{
    "status": 100,
    "data": [
        {
            "mobile": "3139542794",
            "name": "Fazal  Din",
            "cnic": "1350170313397",
            "address": null
        }
    ],
    "timestamp": "2024-03-26 08:25:58"
}{
    "status": 100,
    "data": [
        {
            "mobile": "3457682458",
            "name": null,
            "cnic": "3310625279722",
            "address": null
        }
    ],
    "timestamp": "2024-03-26 08:30:24"
}{
    "status": 100,
    "data": [
        {
            "mobile": "3435551842",
            "name": "SUFIYAN ALI",
            "cnic": "3420350314153",
            "address": "DANDI LOHAR POST OFFICE DANDI NIZAM SARAI ALAMGIR"
        }
    ],
    "timestamp": "2024-03-26 08:38:42"
}{
    "status": 100,
    "message": "No record Found",
    "timestamp": "2024-03-26 08:39:07"
}{
    "status": 100,
    "data": [
        {
            "mobile": "3175379764",
            "name": "sufian  ali",
            "cnic": "3420350314153",
            "address": null
        },
        {
            "mobile": "3435551842",
            "name": "SUFIYAN ALI",
            "cnic": "3420350314153",
            "address": "DANDI LOHAR POST OFFICE DANDI NIZAM SARAI ALAMGIR"
        },
        {
            "mobile": "3488556857",
            "name": "SUFIYAN ALI",
            "cnic": "3420350314153",
            "address": "DANDI LOHAR POST OFFICE DANDI NIZAM SARAI ALAMGIR"
        },
        {
            "mobile": "3135953199",
            "name": "sufian  ali",
            "cnic": "3420350314153",
            "address": null
        }
    ],
    "timestamp": "2024-03-26 08:39:15"
}{
    "status": 100,
    "message": "No record Found",
    "timestamp": "2024-03-26 08:43:52"
}{
    "status": 100,
    "message": "No record Found",
    "timestamp": "2024-03-26 08:44:00"
}{
    "status": 100,
    "message": "No record Found",
    "timestamp": "2024-03-26 08:46:03"
}{
    "status": 100,
    "message": "No record Found",
    "timestamp": "2024-03-26 08:46:10"
}{
    "status": 100,
    "data": [
        {
            "mobile": "3457682458",
            "name": null,
            "cnic": "3310625279722",
            "address": null
        }
    ],
    "timestamp": "2024-03-26 08:50:09"
}{
    "status": 100,
    "data": [
        {
            "mobile": "3057442169",
            "name": "IQRA MAZHAR .",
            "cnic": "3310625279722",
            "address": null
        },
        {
            "mobile": "3447850408",
            "name": "IQRA MAZHAR",
            "cnic": "3310625279722",
            "address": "DAAK KHANA KHAS 454 G B JHOK SARSHATA TEHSIL TANDL"
        },
        {
            "mobile": "3457682458",
            "name": null,
            "cnic": "3310625279722",
            "address": null
        },
        {
            "mobile": "3464283844",
            "name": null,
            "cnic": "3310625279722",
            "address": null
        },
        {
            "mobile": "3057440121",
            "name": "IQRA MAZHAR .",
            "cnic": "3310625279722",
            "address": "village ahmed bhan SAKRAND City SHAHEED BENAZIR ABAD Lahore"
        }
    ],
    "timestamp": "2024-03-26 08:50:17"
}{
    "status": 100,
    "message": "No record Found",
    "timestamp": "2024-03-26 08:52:46"
}{
    "status": 100,
    "data": [
        {
            "mobile": "3155426887",
            "name": "DATA NOT RECIEVED FROM NADRA",
            "cnic": "1610111529732",
            "address": null
        }
    ],
    "timestamp": "2024-03-26 08:53:23"
}{
    "status": 100,
    "data": [
        {
            "mobile": "3155426887",
            "name": "DATA NOT RECIEVED FROM NADRA",
            "cnic": "1610111529732",
            "address": null
        }
    ],
    "timestamp": "2024-03-26 08:53:33"
}{
    "status": 100,
    "message": "No record Found",
    "timestamp": "2024-03-26 08:53:44"
}{
    "status": 100,
    "message": "No record Found",
    "timestamp": "2024-03-26 08:53:57"
}{
    "status": 100,
    "data": [
        {
            "mobile": "3336003359",
            "name": "NOOR AHMAD",
            "cnic": "3230308107701",
            "address": "1136 WARD NO 2"
        }
    ],
    "timestamp": "2024-03-26 08:54:57"
}{
    "status": 100,
    "data": [
        {
            "mobile": "3096531939",
            "name": "MUHAMMAD IQBAL .",
            "cnic": "3110103370699",
            "address": "DAAK KHANA KHATAN ODHAY PUR TEHSIL BAHA AWALNAGAR DISTRICT BAHAWALNAGAR G.P.O."
        }
    ],
    "timestamp": "2024-03-26 08:56:00"
}{
    "status": 100,
    "data": [
        {
            "mobile": "3243441988",
            "name": "RUKHSANA KAUSAR .",
            "cnic": "3730143340572",
            "address": null
        },
        {
            "mobile": "3243441988",
            "name": "KHALIL AHMAD",
            "cnic": "5440095001263",
            "address": "DOST AGHA "
        }
    ],
    "timestamp": "2024-03-26 08:56:35"
}{
    "status": 100,
    "data": [
        {
            "mobile": "3008672042",
            "name": "MUHAMMAD FAROOQ SHAFEE .",
            "cnic": "3130325040373",
            "address": "06 RAHIM YAAR KHAN X GULSHAN U SMAN RAHIM YAAR KHAN RAHIM YAA Lahore"
        }
    ],
    "timestamp": "2024-03-26 09:04:27"
}{
    "status": 100,
    "data": [
        {
            "mobile": "3019300973",
            "name": "MUHAMMAD AZEEM BHUTTA .",
            "cnic": "3630240698163",
            "address": null
        }
    ],
    "timestamp": "2024-03-26 09:06:17"
}{
    "status": 100,
    "data": [
        {
            "mobile": "3019300973",
            "name": "MUHAMMAD AZEEM BHUTTA .",
            "cnic": "3630240698163",
            "address": null
        },
        {
            "mobile": "3231655216",
            "name": "MUHAMMAD AZEEM BHUTTA .",
            "cnic": "3630240698163",
            "address": null
        },
        {
            "mobile": "3238789982",
            "name": "MUHAMMAD AZEEM BHUTTA .",
            "cnic": "3630240698163",
            "address": null
        }
    ],
    "timestamp": "2024-03-26 09:06:37"
}{
    "status": 100,
    "message": "No record Found",
    "timestamp": "2024-03-26 09:11:32"
}{
    "status": 100,
    "data": [
        {
            "mobile": "3043780081",
            "name": "MUHAMMAD MANSOOR SHAFI .",
            "cnic": "3130326796569",
            "address": "RAHIM YAAR KHAN GULSHAN USMAN RAHIM YAA AR KHAN RAHIM YAAR KHAN RAHIMYAR KHAN G.P.O."
        },
        {
            "mobile": "3043780081",
            "name": "JAVEED ALI LASHARI .",
            "cnic": "4150604245685",
            "address": "GOTH WADEWAN MANAHION DAAK KHANA PAN SYEDABAD JHNYANI TEHSIL SEHOHAN SHARIF DISTRICT JAM SHOR"
        }
    ],
    "timestamp": "2024-03-26 09:16:50"
}{
    "status": 100,
    "data": [
        {
            "mobile": "3319576859",
            "name": "KAUSAR PARVEEN",
            "cnic": "3830309571672",
            "address": "GALI \/ MOHALA BALOCHAN WALA DA"
        }
    ],
    "timestamp": "2024-03-26 09:18:37"
}{
    "status": 100,
    "data": [
        {
            "mobile": "3235706070",
            "name": "MUHAMMAD EJAZ",
            "cnic": "3710132831873",
            "address": "KHAS ATTOCK AKHORRI ATTOCK"
        }
    ],
    "timestamp": "2024-03-26 09:20:53"
}{
    "status": 100,
    "data": [
        {
            "mobile": "3145389995",
            "name": "Adalat  Masih",
            "cnic": "3740539676937",
            "address": null
        }
    ],
    "timestamp": "2024-03-26 09:22:54"
}{
    "status": 100,
    "data": [
        {
            "mobile": "3335793590",
            "name": "SALEEM KHAN",
            "cnic": "1220109945055",
            "address": "WAZER GAYE DAAK KHANA LIDHA KA"
        },
        {
            "mobile": "3005793590",
            "name": "SALIM KHAN",
            "cnic": "1220109945055",
            "address": null
        },
        {
            "mobile": "3459846985",
            "name": "SALEEM KHAN",
            "cnic": "1220109945055",
            "address": "231-25 TANK MAHSODAN NUZD BIJLI HOUSE TANK TANK"
        },
        {
            "mobile": "3471939907",
            "name": "SALEEM KHAN",
            "cnic": "1220109945055",
            "address": "231-25 TANK MAHSODAN NUZD BIJLI HOUSE TANK TANK"
        },
        {
            "mobile": "3005791542",
            "name": "SALIM KHAN",
            "cnic": "1220109945055",
            "address": "NEAR GRID STATION HOUSE# 231\/25 Shah Taank"
        }
    ],
    "timestamp": "2024-03-26 09:24:26"
}{
    "status": 100,
    "message": "No record Found",
    "timestamp": "2024-03-26 09:25:42"
}{
    "status": 100,
    "data": [
        {
            "mobile": "3000692984",
            "name": "RASHID IKRAM .",
            "cnic": "3230464397555",
            "address": null
        },
        {
            "mobile": "3000692984",
            "name": "KAUSAR ZAMAN SHAH .",
            "cnic": "3610249094605",
            "address": "PO KHAS SARDAR PUR TEHSIL KABEER  KHANEWAL G.P.O."
        }
    ],
    "timestamp": "2024-03-26 09:25:52"
}{
    "status": 100,
    "message": "No record Found",
    "timestamp": "2024-03-26 09:26:30"
}{
    "status": 100,
    "message": "No record Found",
    "timestamp": "2024-03-26 09:28:59"
}{
    "status": 100,
    "data": [
        {
            "mobile": "3038407110",
            "name": "SYED UL REHMAN .",
            "cnic": "1220186674291",
            "address": "KARHI SHAH MUHAMMAD DAAK KHANA UMER ADA A TEHSIL \/ DISTRICT TAANK TANK G.P.O"
        }
    ],
    "timestamp": "2024-03-26 09:39:01"
}{
    "status": 100,
    "message": "No record Found",
    "timestamp": "2024-03-26 09:53:38"
}{
    "status": 100,
    "data": [
        {
            "mobile": "3088135759",
            "name": "SHAH NAWAZ KHAN",
            "cnic": "2110628624943",
            "address": null
        },
        {
            "mobile": "3088135759",
            "name": "SIRTAJ KHAN .",
            "cnic": "2140619975319",
            "address": "STREET \/ MOHALA KAMALI HAMZA KHAIL DAAK KHANA YOUSAF KHAIL SULTAN TEHSIL UPPER MEHMAND AGENCY DISTRI"
        }
    ],
    "timestamp": "2024-03-26 09:54:39"
}{
    "status": 100,
    "data": [
        {
            "mobile": "3494387056",
            "name": null,
            "cnic": "3510269733680",
            "address": null
        }
    ],
    "timestamp": "2024-03-26 09:55:04"
}{
    "status": 100,
    "data": [
        {
            "mobile": "3088135759",
            "name": "SHAH NAWAZ KHAN",
            "cnic": "2110628624943",
            "address": null
        },
        {
            "mobile": "3088135759",
            "name": "SIRTAJ KHAN .",
            "cnic": "2140619975319",
            "address": "STREET \/ MOHALA KAMALI HAMZA KHAIL DAAK KHANA YOUSAF KHAIL SULTAN TEHSIL UPPER MEHMAND AGENCY DISTRI"
        }
    ],
    "timestamp": "2024-03-26 09:55:55"
}{
    "status": 100,
    "data": [
        {
            "mobile": "3158406791",
            "name": "Not Available",
            "cnic": "4210114291443",
            "address": "Post-PAID"
        },
        {
            "mobile": "3452654290",
            "name": "KHAWAJA NAJAM UDDIN",
            "cnic": "4210114291443",
            "address": "HOUSE B-161 FEDERAL B AREA YOUSAF PLAZA KARACHI WA"
        },
        {
            "mobile": "3452363691",
            "name": "KHAWAJA NAJAM UDDIN",
            "cnic": "4210114291443",
            "address": "HOUSE B-161 FEDERAL B AREA YOUSAF PLAZA KARACHI WA"
        },
        {
            "mobile": "3432363691",
            "name": "KHAWAJA NAJAM UDDIN",
            "cnic": "4210114291443",
            "address": "HOUSE B-161 FEDERAL B AREA YOUSAF PLAZA KARACHI WA"
        },
        {
            "mobile": "3158404743",
            "name": "DATA NOT RECIEVED FROM NADRA",
            "cnic": "4210114291443",
            "address": null
        }
    ],
    "timestamp": "2024-03-26 10:03:07"
}{
    "status": 100,
    "data": [
        {
            "mobile": "3344830888",
            "name": "FAYAZ AHMAD",
            "cnic": "3210292259163",
            "address": null
        }
    ],
    "timestamp": "2024-03-26 10:05:53"
}{
    "status": 100,
    "data": [
        {
            "mobile": "3171520618",
            "name": "DATA NOT RECIEVED FROM NADRA",
            "cnic": "1420180485912",
            "address": null
        }
    ],
    "timestamp": "2024-03-26 10:08:13"
}{
    "status": 100,
    "data": [
        {
            "mobile": "3008384936",
            "name": "BILAL TUFAIL",
            "cnic": "3410126543519",
            "address": null
        }
    ],
    "timestamp": "2024-03-26 10:10:37"
}{
    "status": 100,
    "message": "No record Found",
    "timestamp": "2024-03-26 10:12:44"
}{
    "status": 100,
    "message": "No record Found",
    "timestamp": "2024-03-26 10:15:01"
}{
    "status": 100,
    "data": [
        {
            "mobile": "3164191367",
            "name": "DATA NOT RECIEVED FROM NADRA",
            "cnic": "3710105860160",
            "address": "Post-PAID"
        }
    ],
    "timestamp": "2024-03-26 10:24:52"
}{
    "status": 100,
    "data": [
        {
            "mobile": "3478348245",
            "name": "TAMEEN B B",
            "cnic": "1210229733816",
            "address": "KALACHI KALACHI KAMAL KHAIL KALACHI DERA ISMAIL KH"
        },
        {
            "mobile": "3420057266",
            "name": "TAMEEN B B",
            "cnic": "1210229733816",
            "address": "KALACHI KALACHI KAMAL KHAIL KALACHI DERA ISMAIL KH"
        },
        {
            "mobile": "3480997887",
            "name": null,
            "cnic": "1210229733816",
            "address": null
        }
    ],
    "timestamp": "2024-03-26 10:28:48"
}{
    "status": 100,
    "message": "No record Found",
    "timestamp": "2024-03-26 10:32:21"
}{
    "status": 100,
    "data": [
        {
            "mobile": "3004562840",
            "name": "DATA NOT RECIEVED FROM NADRA",
            "cnic": "3520266433543",
            "address": null
        },
        {
            "mobile": "3348438755",
            "name": "muhammad mahmood ahmad",
            "cnic": "3520266433543",
            "address": "House No 18 cham nagar , balwa"
        },
        {
            "mobile": "4237411924",
            "name": "Muhammad Mahmood Ahmad",
            "cnic": "3520266433543",
            "address": null
        },
        {
            "mobile": "4237310130",
            "name": "Muhammad Mahmood Ahmad",
            "cnic": "3520266433543",
            "address": null
        },
        {
            "mobile": "4237461924",
            "name": "Muhammad MahmoodAhmad",
            "cnic": "3520266433543",
            "address": null
        },
        {
            "mobile": "3244323834",
            "name": "MUHAMMAD MEHMOOD AHMAD .",
            "cnic": "3520266433543",
            "address": null
        },
        {
            "mobile": "3367349866",
            "name": "muhammad mahmood ahmad",
            "cnic": "3520266433543",
            "address": "House No 29C-1 rizwan garden r"
        },
        {
            "mobile": "3348436707",
            "name": "muhammad mahmood ahmad",
            "cnic": "3520266433543",
            "address": "House No 29C-1 rizwan garden r"
        },
        {
            "mobile": "3348436704",
            "name": "muhammad mahmood ahmad",
            "cnic": "3520266433543",
            "address": "House No 29C-1 rizwan garden r"
        },
        {
            "mobile": "3367347818",
            "name": "muhammad mahmood ahmad",
            "cnic": "3520266433543",
            "address": "House No 29C-1 rizwan garden r"
        },
        {
            "mobile": "3164677047",
            "name": "muhammad mahmood ahmad",
            "cnic": "3520266433543",
            "address": "Post-PAID"
        },
        {
            "mobile": "3004560792",
            "name": "MUHAMMAD MEHMOOD AHMAD .",
            "cnic": "3520266433543",
            "address": "29C-1 LAHORE REWAZ GARDEN RAJGHARH WADY YALA STREET LAHORE LAHORE G.P.O"
        }
    ],
    "timestamp": "2024-03-26 10:32:43"
}{
    "status": 100,
    "message": "No record Found",
    "timestamp": "2024-03-26 10:32:50"
}{
    "status": 100,
    "message": "No record Found",
    "timestamp": "2024-03-26 10:44:48"
}{
    "status": 100,
    "data": [
        {
            "mobile": "3368110015",
            "name": "Maha Najam",
            "cnic": "4210155129372",
            "address": "Flat No B-161 F B Area Yousuf"
        },
        {
            "mobile": "3368107967",
            "name": "Maha Najam",
            "cnic": "4210155129372",
            "address": "Flat No B-161 F B Area Yousuf"
        },
        {
            "mobile": "3072022903",
            "name": "MAHA NAJAM .",
            "cnic": "4210155129372",
            "address": "FLAT NUMBER B-161 MOHALA FEDERAL B AREA A YOUSAF PLAZA KARACHI WASTI KARACHI SADDAR GPO"
        }
    ],
    "timestamp": "2024-03-26 10:45:20"
}{
    "status": 100,
    "message": "No record Found",
    "timestamp": "2024-03-26 10:45:46"
}{
    "status": 100,
    "data": [
        {
            "mobile": "3008099943",
            "name": "NAVEED AKHTIR",
            "cnic": "3660167837143",
            "address": null
        },
        {
            "mobile": "3084499491",
            "name": "NAVEED AKHTIR",
            "cnic": "3660167837143",
            "address": "HASIL PUR N\/A Lahore"
        },
        {
            "mobile": "3095402563",
            "name": "NAVEED AKHTIR",
            "cnic": "3660167837143",
            "address": "HASIL PUR N\/A Lahore"
        },
        {
            "mobile": "3439600854",
            "name": "NAVEED AKHTAR",
            "cnic": "3660167837143",
            "address": "BASTI JONDYAN WALI DAAK KHANA HASIL PUR MOZU TALHA"
        },
        {
            "mobile": "3008097895",
            "name": "NAVEED AKHTIR",
            "cnic": "3660167837143",
            "address": "HASIL PUR N\/A Lahore"
        }
    ],
    "timestamp": "2024-03-26 10:46:13"
}{
    "timestamp": "2024-03-26 10:46:49"
}{
    "status": 100,
    "message": "No record Found",
    "timestamp": "2024-03-26 10:47:21"
}{
    "status": 100,
    "data": [
        {
            "mobile": "3008099943",
            "name": "NAVEED AKHTIR",
            "cnic": "3660167837143",
            "address": null
        },
        {
            "mobile": "3084499491",
            "name": "NAVEED AKHTIR",
            "cnic": "3660167837143",
            "address": "HASIL PUR N\/A Lahore"
        },
        {
            "mobile": "3095402563",
            "name": "NAVEED AKHTIR",
            "cnic": "3660167837143",
            "address": "HASIL PUR N\/A Lahore"
        },
        {
            "mobile": "3439600854",
            "name": "NAVEED AKHTAR",
            "cnic": "3660167837143",
            "address": "BASTI JONDYAN WALI DAAK KHANA HASIL PUR MOZU TALHA"
        },
        {
            "mobile": "3008097895",
            "name": "NAVEED AKHTIR",
            "cnic": "3660167837143",
            "address": "HASIL PUR N\/A Lahore"
        }
    ],
    "timestamp": "2024-03-26 10:52:35"
}{
    "status": 100,
    "data": [
        {
            "mobile": "3474243355",
            "name": "NAUMAN WAFA BUTT",
            "cnic": "3420111251601",
            "address": "DAAK KHANA KHAS DAULAT NAGR TEHSIL GUJRAT DISTRICT"
        }
    ],
    "timestamp": "2024-03-26 10:56:52"
}{
    "status": 100,
    "message": "No record Found",
    "timestamp": "2024-03-26 10:57:16"
}{
    "status": 100,
    "message": "No record Found",
    "timestamp": "2024-03-26 11:05:04"
}{
    "status": 100,
    "message": "No record Found",
    "timestamp": "2024-03-26 11:07:44"
}{
    "status": 100,
    "data": [
        {
            "mobile": "3026724582",
            "name": "M USMAN ALI",
            "cnic": "3710267096437",
            "address": "MAIKI DHOCK, P\/O KHASTEH FATHE GHANG Attock"
        },
        {
            "mobile": "3026724582",
            "name": "MUHAMMAD ASIF HAYAT",
            "cnic": "3840334621817",
            "address": "KHAS SARGODHA CHAK NUMBER 52 A LIF NORTH LADAY WALA SARGODHA Lahore"
        }
    ],
    "timestamp": "2024-03-26 11:18:25"
}{
    "status": 100,
    "data": [
        {
            "mobile": "3006205315",
            "name": "NAUMAN WAFA BUTT .",
            "cnic": "3420111251601",
            "address": "DAULAT NAGR TEHSIL GUJRAT PO KAHS  GUJRAT G.P.O."
        },
        {
            "mobile": "3304394151",
            "name": "numan wafa butt",
            "cnic": "3420111251601",
            "address": "City DAULAT NAGAR Tehsil\/Distr"
        },
        {
            "mobile": "3474243355",
            "name": "NAUMAN WAFA BUTT",
            "cnic": "3420111251601",
            "address": "DAAK KHANA KHAS DAULAT NAGR TEHSIL GUJRAT DISTRICT"
        },
        {
            "mobile": "3095493513",
            "name": "NAUMAN WAFA BUTT .",
            "cnic": "3420111251601",
            "address": "DAULAT NAGR TEHSIL GUJRAT PO KAHS  GUJRAT G.P.O."
        },
        {
            "mobile": "3476578008",
            "name": "NAUMAN WAFA BUTT",
            "cnic": "3420111251601",
            "address": "DAAK KHANA KHAS DAULAT NAGR TEHSIL GUJRAT DISTRICT"
        },
        {
            "mobile": "3419802275",
            "name": "NAUMAN WAFA BUTT",
            "cnic": "3420111251601",
            "address": "DAAK KHANA KHAS DAULAT NAGR TEHSIL GUJRAT DISTRICT"
        },
        {
            "mobile": "3006203267",
            "name": "NAUMAN WAFA BUTT .",
            "cnic": "3420111251601",
            "address": "DAULAT NAGR TEHSIL GUJRAT PO KAHS  GUJRAT G.P.O."
        }
    ],
    "timestamp": "2024-03-26 11:18:42"
}{
    "status": 100,
    "data": [
        {
            "mobile": "3330216931",
            "name": "haseeb ul rehman",
            "cnic": "4110223556611",
            "address": "Rehman Abad City KARIO GHANWAR"
        }
    ],
    "timestamp": "2024-03-26 11:20:02"
}{
    "status": 100,
    "data": [
        {
            "mobile": "3338342810",
            "name": "MUHAMMAD USMAN ALI",
            "cnic": "3710267096437",
            "address": "KHAS FATEH JANG MEKI DHOK ATTO"
        },
        {
            "mobile": "3026724582",
            "name": "M USMAN ALI",
            "cnic": "3710267096437",
            "address": "MAIKI DHOCK, P\/O KHASTEH FATHE GHANG Attock"
        },
        {
            "mobile": "3088518469",
            "name": "M USMAN ALI",
            "cnic": "3710267096437",
            "address": null
        },
        {
            "mobile": "3035563542",
            "name": "M USMAN ALI",
            "cnic": "3710267096437",
            "address": "MAIKI DHOCK"
        },
        {
            "mobile": "3088516421",
            "name": "M USMAN ALI",
            "cnic": "3710267096437",
            "address": "MAIKI DHOCK"
        },
        {
            "mobile": "3026722534",
            "name": "M USMAN ALI",
            "cnic": "3710267096437",
            "address": "MAIKI DHOCK"
        }
    ],
    "timestamp": "2024-03-26 11:20:23"
}{
    "status": 100,
    "data": [
        {
            "mobile": "3056011543",
            "name": "MUHAMMAD MUNSHA",
            "cnic": "3440383273667",
            "address": "DAAK KHANA KHAS DHOLA KHURD TEHSIL PHALIA DISTRICT"
        }
    ],
    "timestamp": "2024-03-26 11:35:00"
}{
    "status": 100,
    "message": "No record Found",
    "timestamp": "2024-03-26 11:37:51"
}{
    "status": 100,
    "data": [
        {
            "mobile": "3244794054",
            "name": "MUHAMMAD ZAIN SHARIF .",
            "cnic": "3540155737073",
            "address": null
        }
    ],
    "timestamp": "2024-03-26 11:37:58"
}{
    "status": 100,
    "data": [
        {
            "mobile": "3101768908",
            "name": "Fizra  Yasmeen",
            "cnic": "3460369340338",
            "address": null
        }
    ],
    "timestamp": "2024-03-26 11:40:13"
}{
    "status": 100,
    "message": "No record Found",
    "timestamp": "2024-03-26 11:41:11"
}{
    "status": 100,
    "data": [
        {
            "mobile": "3457682458",
            "name": null,
            "cnic": "3310625279722",
            "address": null
        }
    ],
    "timestamp": "2024-03-26 11:42:37"
}{
    "status": 100,
    "data": [
        {
            "mobile": "3057442169",
            "name": "IQRA MAZHAR .",
            "cnic": "3310625279722",
            "address": null
        },
        {
            "mobile": "3447850408",
            "name": "IQRA MAZHAR",
            "cnic": "3310625279722",
            "address": "DAAK KHANA KHAS 454 G B JHOK SARSHATA TEHSIL TANDL"
        },
        {
            "mobile": "3457682458",
            "name": null,
            "cnic": "3310625279722",
            "address": null
        },
        {
            "mobile": "3464283844",
            "name": null,
            "cnic": "3310625279722",
            "address": null
        },
        {
            "mobile": "3057440121",
            "name": "IQRA MAZHAR .",
            "cnic": "3310625279722",
            "address": "village ahmed bhan SAKRAND City SHAHEED BENAZIR ABAD Lahore"
        }
    ],
    "timestamp": "2024-03-26 11:42:49"
}{
    "status": 100,
    "data": [
        {
            "mobile": "3174645749",
            "name": "syed daud khalid",
            "cnic": "3520261922767",
            "address": null
        }
    ],
    "timestamp": "2024-03-26 11:44:08"
}{
    "status": 100,
    "data": [
        {
            "mobile": "3024622227",
            "name": "SYED DAUD KHALID AZAD .",
            "cnic": "3520261922767",
            "address": null
        },
        {
            "mobile": "3070009088",
            "name": "SYED DAUD KHALID AZAD .",
            "cnic": "3520261922767",
            "address": null
        },
        {
            "mobile": "3081497929",
            "name": "SYED DAUD KHALID AZAD .",
            "cnic": "3520261922767",
            "address": "HOUSE NUMBER 3 STREET NUMBER 92 MOHALA 37 NISBAT ROAD GAWALMANDI LAHORE  PAKISTAN"
        },
        {
            "mobile": "3410679452",
            "name": null,
            "cnic": "3520261922767",
            "address": null
        },
        {
            "mobile": "3174645749",
            "name": "syed daud khalid",
            "cnic": "3520261922767",
            "address": null
        },
        {
            "mobile": "3081495881",
            "name": "SYED DAUD KHALID AZAD .",
            "cnic": "3520261922767",
            "address": "HOUSE NUMBER 3 STREET NUMBER 92 MOHALA 37 NISBAT ROAD GAWALMANDI LAHORE  PAKISTAN"
        }
    ],
    "timestamp": "2024-03-26 11:44:18"
}{
    "status": 100,
    "message": "No record Found",
    "timestamp": "2024-03-26 11:57:57"
}{
    "status": 100,
    "message": "No record Found",
    "timestamp": "2024-03-26 11:59:39"
}{
    "status": 100,
    "data": [
        {
            "mobile": "3024060292",
            "name": "ALI JAN .",
            "cnic": "3520272584465",
            "address": "HOUSE NUMBER 22 STREET NUMBER 4 MOHALA RAILWAY CHANGARH LANDA BAZAAR LAHORE PAKISTAN"
        },
        {
            "mobile": "3024060292",
            "name": "JAMILA B B .",
            "cnic": "3540226975034",
            "address": null
        }
    ],
    "timestamp": "2024-03-26 12:18:43"
}{
    "status": 100,
    "data": [
        {
            "mobile": "3119441184",
            "name": "DATA NOT RECIEVED FROM NADRA",
            "cnic": "1610114986173",
            "address": null
        }
    ],
    "timestamp": "2024-03-26 12:26:18"
}{
    "status": 100,
    "data": [
        {
            "mobile": "3015775157",
            "name": "DATA NOT RECIEVED FROM NADRA",
            "cnic": "1610114986173",
            "address": null
        },
        {
            "mobile": "3119441184",
            "name": "DATA NOT RECIEVED FROM NADRA",
            "cnic": "1610114986173",
            "address": null
        },
        {
            "mobile": "3475535676",
            "name": "HAMID ALI",
            "cnic": "1610114986173",
            "address": "GARHI KAPURA MARDAN MOHALA BAGH KORONA KOT DAULAT"
        },
        {
            "mobile": "3119439136",
            "name": "DATA NOT RECIEVED FROM NADRA",
            "cnic": "1610114986173",
            "address": null
        },
        {
            "mobile": "3119439137",
            "name": "DATA NOT RECIEVED FROM NADRA",
            "cnic": "1610114986173",
            "address": null
        }
    ],
    "timestamp": "2024-03-26 12:26:41"
}{
    "status": 100,
    "message": "No record Found",
    "timestamp": "2024-03-26 12:27:35"
}{
    "status": 100,
    "data": [
        {
            "mobile": "3060444522",
            "name": "MUHAMMAD HUSSAIN .",
            "cnic": "3310010160821",
            "address": "STREET \/ MOHALA 10 MUNEER PARK DAAK KHANA NISHAT ABAD CHAK NUMBER 203 R B TEHSIL \/ DISTRICT FAI"
        }
    ],
    "timestamp": "2024-03-26 12:35:35"
}{
    "status": 100,
    "message": "No record Found",
    "timestamp": "2024-03-26 12:39:04"
}{
    "status": 100,
    "data": [
        {
            "mobile": "3207979635",
            "name": "PARVEEN BIBI .",
            "cnic": "3320406712696",
            "address": null
        }
    ],
    "timestamp": "2024-03-26 12:39:23"
}{
    "status": 100,
    "message": "No record Found",
    "timestamp": "2024-03-26 12:41:14"
}{
    "status": 100,
    "data": [
        {
            "mobile": "3221481883",
            "name": "IQRA .",
            "cnic": "3410165678250",
            "address": null
        }
    ],
    "timestamp": "2024-03-26 12:41:55"
}{
    "status": 100,
    "data": [
        {
            "mobile": "3034084090",
            "name": "IQRA .",
            "cnic": "3410165678250",
            "address": null
        },
        {
            "mobile": "3221729902",
            "name": "IQRA .",
            "cnic": "3410165678250",
            "address": null
        },
        {
            "mobile": "3221481883",
            "name": "IQRA .",
            "cnic": "3410165678250",
            "address": null
        },
        {
            "mobile": "3177769810",
            "name": "iqra",
            "cnic": "3410165678250",
            "address": null
        },
        {
            "mobile": "3067520594",
            "name": "IQRA .",
            "cnic": "3410165678250",
            "address": "village ahmed bhan SAKRAND City SHAHEED BENAZIR ABAD Lahore"
        },
        {
            "mobile": "3097400491",
            "name": "IQRA .",
            "cnic": "3410165678250",
            "address": "village ahmed bhan SAKRAND City SHAHEED BENAZIR ABAD Lahore"
        },
        {
            "mobile": "3095905776",
            "name": "IQRA .",
            "cnic": "3410165678250",
            "address": "village ahmed bhan SAKRAND City SHAHEED BENAZIR ABAD Lahore"
        }
    ],
    "timestamp": "2024-03-26 12:49:26"
}{
    "status": 100,
    "data": [
        {
            "mobile": "3106443514",
            "name": "farasat  abbas",
            "cnic": "3320404786305",
            "address": null
        }
    ],
    "timestamp": "2024-03-26 12:50:07"
}{
    "status": 100,
    "data": [
        {
            "mobile": "3477089121",
            "name": "SHAZIA B B",
            "cnic": "1310118350774",
            "address": "DAAK KHANA PUBLIC SCHOOL MIAN DEE SERI TEHSIL ABBO"
        }
    ],
    "timestamp": "2024-03-26 12:59:50"
}{
    "status": 100,
    "message": "No record Found",
    "timestamp": "2024-03-26 13:12:13"
}{
    "status": 100,
    "data": [
        {
            "mobile": "3334026125",
            "name": "RAMAN RASHEED",
            "cnic": "3540440406553",
            "address": "184 SHEIKHU PURA X HOUSING KAL"
        }
    ],
    "timestamp": "2024-03-26 13:15:48"
}{
    "status": 100,
    "data": [
        {
            "mobile": "3047339968",
            "name": "BASHEERAN B B .",
            "cnic": "3130468261828",
            "address": null
        },
        {
            "mobile": "3047339968",
            "name": "MUHAMMAD SARDAR .",
            "cnic": "3630309727085",
            "address": "GULZAR PUR MULTAN SADAR  Multan"
        }
    ],
    "timestamp": "2024-03-26 13:45:29"
}{
    "status": 100,
    "data": [
        {
            "mobile": "3434613323",
            "name": "KHURSHEED ALI SHAH",
            "cnic": "1560290442173",
            "address": "KOOZA BANDAI SAWAT MOHALA SHAH ALAM BABA KOOZA BAN"
        }
    ],
    "timestamp": "2024-03-26 14:14:18"
}{
    "status": 100,
    "data": [
        {
            "mobile": "3449108127",
            "name": "KHURSHEED ALI SHAH",
            "cnic": "1560290442173",
            "address": "KOOZA BANDAI SAWAT MOHALA SHAH ALAM BABA KOOZA BAN"
        },
        {
            "mobile": "3434613323",
            "name": "KHURSHEED ALI SHAH",
            "cnic": "1560290442173",
            "address": "KOOZA BANDAI SAWAT MOHALA SHAH ALAM BABA KOOZA BAN"
        }
    ],
    "timestamp": "2024-03-26 14:22:50"
}{
    "status": 100,
    "message": "No record Found",
    "timestamp": "2024-03-26 14:40:48"
}{
    "status": 100,
    "data": [
        {
            "mobile": "3221739016",
            "name": "MUHAMMAD WASEEM .",
            "cnic": "3650250553643",
            "address": null
        }
    ],
    "timestamp": "2024-03-26 15:15:35"
}{
    "status": 100,
    "data": [
        {
            "mobile": "3404476268",
            "name": "ALLAH RAKHA",
            "cnic": "3450158553299",
            "address": "BADU MALHI NAROWAL KHATAY NAROWAL"
        },
        {
            "mobile": "3499709911",
            "name": "ALLAH RAKHA",
            "cnic": "3450158553299",
            "address": "BADU MALHI NAROWAL KHATAY NAROWAL"
        },
        {
            "mobile": "3157631652",
            "name": "Allah  Rakha",
            "cnic": "3450158553299",
            "address": null
        }
    ],
    "timestamp": "2024-03-26 15:19:17"
}{
    "status": 100,
    "data": [
        {
            "mobile": "3219483431",
            "name": "M YOUSAF",
            "cnic": "3520229482725",
            "address": "43A\/D BLOCK G GULBERG II GULBERG LAHORE CITY LAHORE"
        }
    ],
    "timestamp": "2024-03-26 15:22:04"
}{
    "status": 100,
    "data": [
        {
            "mobile": "3352998099",
            "name": "DANISH NAZEER",
            "cnic": "4250102154543",
            "address": "HOUSE NUMBER G-8 MOHALA RAILWA"
        },
        {
            "mobile": "3122043341",
            "name": "Danish  Nazeer",
            "cnic": "4250102154543",
            "address": null
        },
        {
            "mobile": "3463131368",
            "name": "DANISH NAZEER",
            "cnic": "4250102154543",
            "address": "DAAK KHANA SHAMDARRAH SHAMAD HARHAH TEHSIL AUGI DI"
        },
        {
            "mobile": "3333874125",
            "name": "DANISH NAZEER",
            "cnic": "4250102154543",
            "address": null
        },
        {
            "mobile": "3242223777",
            "name": "DANISH NAZEER",
            "cnic": "4250102154543",
            "address": "DAAK KHANA SHAMDARRAH SHAMAD HRH TEHSIL AUGI DISTRICT MANSEHRA"
        }
    ],
    "timestamp": "2024-03-26 15:30:09"
}{
    "status": 100,
    "message": "No record Found",
    "timestamp": "2024-03-26 15:54:33"
}{
    "status": 100,
    "message": "No record Found",
    "timestamp": "2024-03-26 15:54:39"
}{
    "status": 100,
    "message": "No record Found",
    "timestamp": "2024-03-26 15:57:01"
}{
    "status": 100,
    "data": [
        {
            "mobile": "3104462594",
            "name": "DATA NOT RECIEVED FROM NADRA",
            "cnic": "1730106381651",
            "address": null
        }
    ],
    "timestamp": "2024-03-26 16:01:08"
}{
    "status": 100,
    "data": [
        {
            "mobile": "3316212789",
            "name": "JAVED IQBAL",
            "cnic": "3420207927775",
            "address": null
        }
    ],
    "timestamp": "2024-03-26 16:01:53"
}{
    "status": 100,
    "message": "No record Found",
    "timestamp": "2024-03-26 16:10:24"
}{
    "status": 100,
    "message": "No record Found",
    "timestamp": "2024-03-26 16:39:55"
}{
    "status": 100,
    "data": [
        {
            "mobile": "3061303429",
            "name": "MURAD ALI .",
            "cnic": "3310277019955",
            "address": "STREET NUMBER 10 MOHALA GULZAR COLONY FAISAL ABAD TEHSIL FAISAL ABAD CITY DISTRICT FAISAL ABAD  FAISAL"
        }
    ],
    "timestamp": "2024-03-26 16:40:13"
}{
    "status": 100,
    "message": "No record Found",
    "timestamp": "2024-03-26 16:40:21"
}{
    "status": 100,
    "message": "No record Found",
    "timestamp": "2024-03-26 16:40:44"
}{
    "status": 100,
    "message": "No record Found",
    "timestamp": "2024-03-26 16:44:18"
}{
    "status": 100,
    "data": [
        {
            "mobile": "3228802780",
            "name": "MUHAMMAD ZAIN .",
            "cnic": "3230167970635",
            "address": null
        }
    ],
    "timestamp": "2024-03-26 17:10:32"
}{
    "status": 100,
    "data": [
        {
            "mobile": "3008317575",
            "name": "NADIR ALI",
            "cnic": "4550469855167",
            "address": "NATIONAL BOOK FOUNDATION REGIONAL OFC LIAQATMEMORIAL LIBRARY STADIUM RD Karachi"
        }
    ],
    "timestamp": "2024-03-26 17:12:48"
}{
    "status": 100,
    "data": [
        {
            "mobile": "3479955516",
            "name": null,
            "cnic": "8220104247827",
            "address": null
        }
    ],
    "timestamp": "2024-03-26 17:22:15"
}{
    "status": 100,
    "message": "No record Found",
    "timestamp": "2024-03-26 17:32:38"
}{
    "status": 100,
    "message": "No record Found",
    "timestamp": "2024-03-26 17:32:50"
}{
    "status": 100,
    "data": [
        {
            "mobile": "3234772067",
            "name": "KANWAL YOUNAS",
            "cnic": "3520266199950",
            "address": null
        }
    ],
    "timestamp": "2024-03-26 17:37:45"
}{
    "status": 100,
    "data": [
        {
            "mobile": "3455997548",
            "name": null,
            "cnic": "8120266582388",
            "address": null
        }
    ],
    "timestamp": "2024-03-26 17:43:06"
}{
    "status": 100,
    "data": [
        {
            "mobile": "3241929323",
            "name": "ZAFAREEN BAIGUM .",
            "cnic": "8120266582388",
            "address": null
        },
        {
            "mobile": "3249949305",
            "name": "ZAFAREEN BAIGUM .",
            "cnic": "8120266582388",
            "address": null
        },
        {
            "mobile": "3435282493",
            "name": "ZAFAREEN BEGUM",
            "cnic": "8120266582388",
            "address": "POTHA SEHANSA AINTI KOTLI"
        },
        {
            "mobile": "3455997548",
            "name": null,
            "cnic": "8120266582388",
            "address": null
        },
        {
            "mobile": "3438597323",
            "name": "ZAFAREEN BEGUM",
            "cnic": "8120266582388",
            "address": "POTHA SEHANSA AINTI KOTLI"
        }
    ],
    "timestamp": "2024-03-26 17:44:18"
}{
    "status": 100,
    "data": [
        {
            "mobile": "3003498551",
            "name": "NAWAB KHAN .",
            "cnic": "4540235913869",
            "address": "LIYARI KHI Karachi"
        }
    ],
    "timestamp": "2024-03-26 17:46:19"
}{
    "status": 100,
    "data": [
        {
            "mobile": "3445027316",
            "name": "JAAN MUHAMMAD KHAN",
            "cnic": "8130240108961",
            "address": "PURANI ABADI SECTOR C\/4 MIRPUR"
        },
        {
            "mobile": "3445027316",
            "name": null,
            "cnic": "8230386664593",
            "address": null
        }
    ],
    "timestamp": "2024-03-26 17:51:01"
}{
    "timestamp": "2024-03-26 17:59:34"
}{
    "status": 100,
    "message": "No record Found",
    "timestamp": "2024-03-26 17:59:55"
}{
    "status": 100,
    "message": "No record Found",
    "timestamp": "2024-03-26 18:01:04"
}{
    "status": 100,
    "message": "No record Found",
    "timestamp": "2024-03-26 18:02:27"
}{
    "status": 100,
    "message": "No record Found",
    "timestamp": "2024-03-26 18:03:10"
}{
    "status": 100,
    "message": "No record Found",
    "timestamp": "2024-03-26 18:03:41"
}{
    "status": 100,
    "message": "No record Found",
    "timestamp": "2024-03-26 18:04:33"
}{
    "status": 100,
    "data": [
        {
            "mobile": "3139930420",
            "name": "DATA NOT RECIEVED FROM NADRA",
            "cnic": "1330204003581",
            "address": null
        },
        {
            "mobile": "3025154093",
            "name": "ZAFIR JALNI",
            "cnic": "1330204003581",
            "address": null
        },
        {
            "mobile": "3462049161",
            "name": "ZAFAR JILANI",
            "cnic": "1330204003581",
            "address": "PIND HASHIM KHAN HARI PUR PAND HASHIM KHAN HARI PU"
        },
        {
            "mobile": "3343937028",
            "name": "ZAFAR JILANI",
            "cnic": "1330204003581",
            "address": ""
        },
        {
            "mobile": "3343934980",
            "name": "ZAFAR JILANI",
            "cnic": "1330204003581",
            "address": null
        },
        {
            "mobile": "3112522743",
            "name": "Not Available",
            "cnic": "1330204003581",
            "address": "Post-PAID"
        },
        {
            "mobile": "3462047113",
            "name": "ZAFIR JALNI",
            "cnic": "1330204003581",
            "address": "PIND HASHAM KHAN DISTT HARIPUR  Karachi"
        }
    ],
    "timestamp": "2024-03-26 18:15:25"
}{
    "status": 100,
    "data": [
        {
            "mobile": "3481638856",
            "name": "MARGREAT MARGREAT",
            "cnic": "3220311647534",
            "address": "WARD NUMBER 10 MOHALA ESSA NAGRI CHOWK AZAM TEHSIL"
        }
    ],
    "timestamp": "2024-03-26 18:27:37"
}{
    "status": 100,
    "message": "No record Found",
    "timestamp": "2024-03-26 18:34:17"
}{
    "status": 100,
    "message": "No record Found",
    "timestamp": "2024-03-26 19:08:10"
}{
    "status": 100,
    "data": [
        {
            "mobile": "3213248852",
            "name": "SAJIDA BIBI .",
            "cnic": "3510239619752",
            "address": null
        }
    ],
    "timestamp": "2024-03-26 19:14:44"
}{
    "status": 100,
    "message": "No record Found",
    "timestamp": "2024-03-26 20:03:07"
}{
    "status": 100,
    "data": [
        {
            "mobile": "3311491081",
            "name": "FAYAZ SAIF",
            "cnic": "3450142876135",
            "address": "AHMAD ABAD NAROWAL BEHLOL PUR"
        }
    ],
    "timestamp": "2024-03-26 20:36:48"
}{
    "status": 100,
    "data": [
        {
            "mobile": "3314419174",
            "name": "muhammad bilal raja",
            "cnic": "6110151981597",
            "address": "House No 214-E Street No 57 IS"
        }
    ],
    "timestamp": "2024-03-26 20:37:18"
}{
    "status": 100,
    "data": [
        {
            "mobile": "3314419174",
            "name": "muhammad bilal raja",
            "cnic": "6110151981597",
            "address": "House No 214-E Street No 57 IS"
        }
    ],
    "timestamp": "2024-03-26 20:37:28"
}{
    "status": 100,
    "data": [
        {
            "mobile": "3314419174",
            "name": "muhammad bilal raja",
            "cnic": "6110151981597",
            "address": "House No 214-E Street No 57 IS"
        }
    ],
    "timestamp": "2024-03-26 20:37:49"
}{
    "status": 100,
    "data": [
        {
            "mobile": "3211412821",
            "name": "HUSNAIN SIKANDER KHAN",
            "cnic": "3540480663533",
            "address": null
        }
    ],
    "timestamp": "2024-03-26 20:38:03"
}{
    "status": 100,
    "message": "No record Found",
    "timestamp": "2024-03-26 20:45:56"
}{
    "status": 100,
    "data": [
        {
            "mobile": "3025926069",
            "name": "RAHEELA ANMOL .",
            "cnic": "1540290312278",
            "address": null
        },
        {
            "mobile": "3025926069",
            "name": "SHAN MUSHTAQ .",
            "cnic": "3540419724775",
            "address": "GULORIA COLONY KAR SHEIKHU PURA CHRISTI IAN TOWN SHEIKHU PURA SHEIKHUPURA SHEIKHUPURA G.P.O"
        }
    ],
    "timestamp": "2024-03-26 20:52:37"
}{
    "status": 100,
    "message": "No record Found",
    "timestamp": "2024-03-26 20:54:36"
}{
    "status": 100,
    "data": [
        {
            "mobile": "3025926069",
            "name": "RAHEELA ANMOL .",
            "cnic": "1540290312278",
            "address": null
        }
    ],
    "timestamp": "2024-03-26 20:55:35"
}{
    "status": 100,
    "data": [
        {
            "mobile": "3025926069",
            "name": "RAHEELA ANMOL .",
            "cnic": "1540290312278",
            "address": null
        }
    ],
    "timestamp": "2024-03-26 21:18:04"
}{
    "status": 100,
    "data": [
        {
            "mobile": "3025926069",
            "name": "RAHEELA ANMOL .",
            "cnic": "1540290312278",
            "address": null
        }
    ],
    "timestamp": "2024-03-26 21:23:50"
}{
    "status": 100,
    "data": [
        {
            "mobile": "3025926069",
            "name": "RAHEELA ANMOL .",
            "cnic": "1540290312278",
            "address": null
        }
    ],
    "timestamp": "2024-03-26 21:29:36"
}{
    "status": 100,
    "message": "No record Found",
    "timestamp": "2024-03-26 21:58:35"
}{
    "status": 100,
    "message": "No record Found",
    "timestamp": "2024-03-26 21:58:53"
}{
    "status": 100,
    "message": "No record Found",
    "timestamp": "2024-03-26 21:59:18"
}{
    "status": 100,
    "message": "No record Found",
    "timestamp": "2024-03-26 21:59:55"
}{
    "status": 100,
    "message": "No record Found",
    "timestamp": "2024-03-26 22:00:53"
}{
    "status": 100,
    "data": [
        {
            "mobile": "3098861514",
            "name": "SHABBIR HUSSAIN .",
            "cnic": "5440003370641",
            "address": null
        }
    ],
    "timestamp": "2024-03-26 23:03:18"
}