{
    "status": 100,
    "data": [
        {
            "mobile": "3072310535",
            "name": "MUHAMMAD ABDULLAH .",
            "cnic": "3660323746621",
            "address": null
        }
    ],
    "timestamp": "2024-03-27 02:17:08"
}{
    "status": 100,
    "message": "No record Found",
    "timestamp": "2024-03-27 02:18:37"
}{
    "status": 100,
    "data": [
        {
            "mobile": "3207483733",
            "name": "BACHU .",
            "cnic": "4430303858973",
            "address": null
        }
    ],
    "timestamp": "2024-03-27 03:22:03"
}{
    "status": 100,
    "data": [
        {
            "mobile": "3207483733",
            "name": "BACHU .",
            "cnic": "4430303858973",
            "address": null
        }
    ],
    "timestamp": "2024-03-27 03:22:34"
}{
    "status": 100,
    "data": [
        {
            "mobile": "3338249387",
            "name": "ADIL KHAN",
            "cnic": "1720173848297",
            "address": ""
        },
        {
            "mobile": "3338249387",
            "name": "Muhammad Imran",
            "cnic": "3520253289245",
            "address": "House No B-353 Islam Khan In\/s"
        }
    ],
    "timestamp": "2024-03-27 04:08:49"
}{
    "status": 100,
    "data": [
        {
            "mobile": "3097438586",
            "name": "SIKANDER ALI BHATTI .",
            "cnic": "5440114952059",
            "address": "QUETTA KILLI SARKI SARKI ROAD QUETTA  Quetta"
        }
    ],
    "timestamp": "2024-03-27 04:28:04"
}{
    "status": 100,
    "message": "No record Found",
    "timestamp": "2024-03-27 04:30:59"
}{
    "status": 100,
    "data": [
        {
            "mobile": "3020009106",
            "name": "HAMID ALI .",
            "cnic": "8110157553947",
            "address": null
        }
    ],
    "timestamp": "2024-03-27 04:31:35"
}{
    "status": 100,
    "data": [
        {
            "mobile": "3020009106",
            "name": "HAMID ALI .",
            "cnic": "8110157553947",
            "address": null
        }
    ],
    "timestamp": "2024-03-27 04:31:51"
}{
    "status": 100,
    "message": "No record Found",
    "timestamp": "2024-03-27 04:32:41"
}{
    "status": 100,
    "data": [
        {
            "mobile": "3026392521",
            "name": "KIZAR HAYAT",
            "cnic": "3820109868769",
            "address": "MOH MAKAN SHARIF PO KHAS Khushab"
        },
        {
            "mobile": "3026392521",
            "name": "SIKANDER ALI BHATTI .",
            "cnic": "5440114952059",
            "address": "QUETTA KILLI SARKI SARKI ROAD QUETTA  Quetta"
        }
    ],
    "timestamp": "2024-03-27 04:33:33"
}{
    "status": 100,
    "message": "No record Found",
    "timestamp": "2024-03-27 04:35:40"
}{
    "status": 100,
    "message": "No record Found",
    "timestamp": "2024-03-27 04:35:51"
}{
    "status": 100,
    "message": "No record Found",
    "timestamp": "2024-03-27 04:36:41"
}{
    "status": 100,
    "message": "No record Found",
    "timestamp": "2024-03-27 04:37:03"
}{
    "status": 100,
    "message": "No record Found",
    "timestamp": "2024-03-27 04:50:03"
}{
    "status": 100,
    "data": [
        {
            "mobile": "3062980172",
            "name": "MUHAMMAD ABBAS .",
            "cnic": "3660254839465",
            "address": null
        },
        {
            "mobile": "3064459014",
            "name": "MUHAMMAD ABBAS .",
            "cnic": "3660254839465",
            "address": null
        },
        {
            "mobile": "3079936775",
            "name": "MUHAMMAD ABBAS .",
            "cnic": "3660254839465",
            "address": null
        },
        {
            "mobile": "3039475466",
            "name": "MUHAMMAD ABBAS .",
            "cnic": "3660254839465",
            "address": "DAAK KHANA KHAS HASSAN SHAH TEHSIL MAIL LSI DISTRICT VEHARI WAH"
        },
        {
            "mobile": "3062978124",
            "name": "MUHAMMAD ABBAS .",
            "cnic": "3660254839465",
            "address": "DAAK KHANA KHAS HASSAN SHAH TEHSIL MAIL LSI DISTRICT VEHARI WAH"
        },
        {
            "mobile": "3064456966",
            "name": "MUHAMMAD ABBAS .",
            "cnic": "3660254839465",
            "address": "DAAK KHANA KHAS HASSAN SHAH TEHSIL MAIL LSI DISTRICT VEHARI WAH"
        }
    ],
    "timestamp": "2024-03-27 05:00:32"
}{
    "status": 100,
    "message": "No record Found",
    "timestamp": "2024-03-27 05:03:56"
}{
    "status": 100,
    "data": [
        {
            "mobile": "3019822778",
            "name": "PARVEEN MAIE",
            "cnic": "3120210105152",
            "address": null
        }
    ],
    "timestamp": "2024-03-27 05:19:12"
}{
    "status": 100,
    "data": [
        {
            "mobile": "3013364444",
            "name": "MUHAMMAD IMTIAZ .",
            "cnic": "3620334155905",
            "address": "village ahmed bhan SAKRAND City SHAHEED BENAZIR ABAD Lahore"
        }
    ],
    "timestamp": "2024-03-27 05:49:14"
}{
    "status": 100,
    "data": [
        {
            "mobile": "3019766277",
            "name": "SONIA IQBAL .",
            "cnic": "3510164886728",
            "address": null
        }
    ],
    "timestamp": "2024-03-27 05:54:27"
}{
    "status": 100,
    "message": "No record Found",
    "timestamp": "2024-03-27 05:56:25"
}{
    "status": 100,
    "message": "No record Found",
    "timestamp": "2024-03-27 06:03:37"
}{
    "status": 100,
    "message": "No record Found",
    "timestamp": "2024-03-27 06:03:50"
}{
    "status": 100,
    "message": "No record Found",
    "timestamp": "2024-03-27 06:04:23"
}{
    "status": 100,
    "message": "No record Found",
    "timestamp": "2024-03-27 06:05:22"
}{
    "status": 100,
    "message": "No record Found",
    "timestamp": "2024-03-27 06:09:14"
}{
    "status": 100,
    "message": "No record Found",
    "timestamp": "2024-03-27 06:12:14"
}{
    "status": 100,
    "data": [
        {
            "mobile": "3038162633",
            "name": "MUHAMMAD AJMAL .",
            "cnic": "3660379309767",
            "address": "VEHARI CHAK NUMBER 9\/11 W B MASJID REHMA NIA Ahmed Pur East"
        }
    ],
    "timestamp": "2024-03-27 06:12:33"
}{
    "status": 100,
    "message": "No record Found",
    "timestamp": "2024-03-27 06:18:13"
}{
    "status": 100,
    "message": "No record Found",
    "timestamp": "2024-03-27 06:20:43"
}{
    "status": 100,
    "data": [
        {
            "mobile": "3048656454",
            "name": "FAYAZ AHMAD .",
            "cnic": "3130385496529",
            "address": "KHAS RAHIM YAAR KHAN BASTI WAHID BAKHASH  ABAD PUR RAHIM YAAR KHANKHAS RAHIM YAAR Rahim Yar Khan"
        },
        {
            "mobile": "3048656454",
            "name": "AZEEM ALI .",
            "cnic": "3130465220615",
            "address": null
        }
    ],
    "timestamp": "2024-03-27 06:31:00"
}{
    "status": 100,
    "data": [
        {
            "mobile": "3004685062",
            "name": "MUHAMMAD HASSAN WAQAR .",
            "cnic": "3450144829287",
            "address": "KOTLI NAWANIAN POST OFFICE REIA KHAS NA AROWAL NAROWAL G.P.O."
        }
    ],
    "timestamp": "2024-03-27 06:31:16"
}{
    "status": 100,
    "data": [
        {
            "mobile": "3004685062",
            "name": "MUHAMMAD HASSAN WAQAR .",
            "cnic": "3450144829287",
            "address": "KOTLI NAWANIAN POST OFFICE REIA KHAS NA AROWAL NAROWAL G.P.O."
        },
        {
            "mobile": "3051834365",
            "name": "MUHAMMAD HASSAN WAQAR .",
            "cnic": "3450144829287",
            "address": "KOTLI NAWANIAN POST OFFICE REIA KHAS NA AROWAL NAROWAL G.P.O."
        },
        {
            "mobile": "3092571998",
            "name": "MUHAMMAD HASSAN WAQAR .",
            "cnic": "3450144829287",
            "address": null
        },
        {
            "mobile": "3436684602",
            "name": null,
            "cnic": "3450144829287",
            "address": null
        },
        {
            "mobile": "3366664148",
            "name": "muhammad hassan waqar",
            "cnic": "3450144829287",
            "address": "House No 519-E l"
        },
        {
            "mobile": "3092569950",
            "name": "MUHAMMAD HASSAN WAQAR .",
            "cnic": "3450144829287",
            "address": "KOTLI NAWANIAN POST OFFICE REIA KHAS NA AROWAL NAROWAL G.P.O."
        },
        {
            "mobile": "3051224276",
            "name": "MUHAMMAD HASSAN WAQAR .",
            "cnic": "3450144829287",
            "address": "KOTLI NAWANIAN POST OFFICE REIA KHAS NA AROWAL NAROWAL G.P.O."
        }
    ],
    "timestamp": "2024-03-27 06:31:29"
}{
    "status": 100,
    "message": "No record Found",
    "timestamp": "2024-03-27 06:31:39"
}{
    "status": 100,
    "data": [
        {
            "mobile": "3366664148",
            "name": "muhammad hassan waqar",
            "cnic": "3450144829287",
            "address": "House No 519-E l"
        },
        {
            "mobile": "3366664148",
            "name": "ali sheer",
            "cnic": "5150523914467",
            "address": "Sherif Coloni City UTHAL Tehsi"
        }
    ],
    "timestamp": "2024-03-27 06:31:44"
}{
    "status": 100,
    "data": [
        {
            "mobile": "3436684602",
            "name": null,
            "cnic": "3450144829287",
            "address": null
        }
    ],
    "timestamp": "2024-03-27 06:31:58"
}{
    "status": 100,
    "message": "No record Found",
    "timestamp": "2024-03-27 06:47:37"
}{
    "status": 100,
    "message": "No record Found",
    "timestamp": "2024-03-27 06:47:50"
}{
    "status": 100,
    "message": "No record Found",
    "timestamp": "2024-03-27 06:49:53"
}{
    "status": 100,
    "data": [
        {
            "mobile": "3496932512",
            "name": "MUHAMMAD SIDDIQUE",
            "cnic": "3310435111075",
            "address": "DAAK KHANA KHAS CHAK NUMBER 566 G B TEHSIL JARANWA"
        }
    ],
    "timestamp": "2024-03-27 06:54:36"
}{
    "status": 100,
    "data": [
        {
            "mobile": "3030903771",
            "name": "IRAM AMJAD .",
            "cnic": "3520113647286",
            "address": "HOUSE NUMBER 14 DHARAM PURA MOHALA C M A COLONY INFANTRY ROAD LAHORE CANTT DISTRICT  LAHORE G.P.O"
        }
    ],
    "timestamp": "2024-03-27 07:08:47"
}{
    "status": 100,
    "message": "No record Found",
    "timestamp": "2024-03-27 07:09:09"
}{
    "status": 100,
    "data": [
        {
            "mobile": "3037681088",
            "name": "NUSRAT B B .",
            "cnic": "3830358364040",
            "address": "MOHALA DHOBIANWALA PIPLAAN CITY TEHSIL PIPLAAN DISTRICT MIANWALI MIANWALI G.P.O."
        }
    ],
    "timestamp": "2024-03-27 07:09:19"
}{
    "status": 100,
    "data": [
        {
            "mobile": "3249411916",
            "name": "MIRZA MUQARAB BAIG",
            "cnic": "3520210335245",
            "address": "143\/ A 4 2 MULTAN MOHAMMADI PURA SAMEJA ABAD MULTAN 3632"
        }
    ],
    "timestamp": "2024-03-27 07:09:38"
}{
    "status": 100,
    "message": "No record Found",
    "timestamp": "2024-03-27 07:10:56"
}{
    "status": 100,
    "message": "No record Found",
    "timestamp": "2024-03-27 07:23:16"
}{
    "status": 100,
    "data": [
        {
            "mobile": "3036059945",
            "name": "MUHAMMAD AMEEN",
            "cnic": "3220396678297",
            "address": "LAYYAH WAHGAY WALHO WARD NUMBE R 14 NAZD WEERASTEEDEEMLEEHLEE Lahore"
        }
    ],
    "timestamp": "2024-03-27 07:28:25"
}{
    "status": 100,
    "data": [
        {
            "mobile": "3017625238",
            "name": "FIDA HUSSAIN",
            "cnic": "3130346330087",
            "address": "MASJID GULZARI MADINA SCEEM# 3 GULSHAN E IQBAL Rahim Yar Khan"
        },
        {
            "mobile": "3017625238",
            "name": "SAJJAD AHMAD .",
            "cnic": "4520156155809",
            "address": "GOTH TUFAIL AHMAD ARAIN DAAK KHANA BHANGO BHAN PHOLAH RHI TEHSIL FAIZ GANJ DISTRICT KHAIRPUR MIRS"
        }
    ],
    "timestamp": "2024-03-27 07:32:10"
}{
    "status": 100,
    "data": [
        {
            "mobile": "3017625238",
            "name": "FIDA HUSSAIN",
            "cnic": "3130346330087",
            "address": "MASJID GULZARI MADINA SCEEM# 3 GULSHAN E IQBAL Rahim Yar Khan"
        },
        {
            "mobile": "3087625238",
            "name": "FIDA HUSSAIN",
            "cnic": "3130346330087",
            "address": null
        },
        {
            "mobile": "3087670050",
            "name": "FIDA HUSSAIN",
            "cnic": "3130346330087",
            "address": "MASJID GULZARI MADINA SCEEM# 3 GULSHAN E IQBAL Rahim Yar Khan"
        },
        {
            "mobile": "3127725238",
            "name": "Not Available",
            "cnic": "3130346330087",
            "address": "Post-PAID"
        },
        {
            "mobile": "3127723190",
            "name": "DATA NOT RECIEVED FROM NADRA",
            "cnic": "3130346330087",
            "address": null
        },
        {
            "mobile": "3062877857",
            "name": "FIDA HUSSAIN",
            "cnic": "3130346330087",
            "address": "MASJID GULZARI MADINA SCEEM# 3 GULSHAN E IQBAL Rahim Yar Khan"
        },
        {
            "mobile": "3087623190",
            "name": "FIDA HUSSAIN",
            "cnic": "3130346330087",
            "address": "MASJID GULZARI MADINA SCEEM# 3 GULSHAN E IQBAL Rahim Yar Khan"
        },
        {
            "mobile": "3017623190",
            "name": "FIDA HUSSAIN",
            "cnic": "3130346330087",
            "address": "MASJID GULZARI MADINA SCEEM# 3 GULSHAN E IQBAL Rahim Yar Khan"
        }
    ],
    "timestamp": "2024-03-27 07:33:00"
}{
    "status": 100,
    "data": [
        {
            "mobile": "3091102604",
            "name": "GHULAM ALI .",
            "cnic": "3840213155375",
            "address": null
        }
    ],
    "timestamp": "2024-03-27 07:36:56"
}{
    "status": 100,
    "data": [
        {
            "mobile": "3443643456",
            "name": "ATEEQ UR REHMAN",
            "cnic": "6110129132495",
            "address": "BHEDANA KILAAN POST OFFICE KHAS ISLAMABAD"
        },
        {
            "mobile": "3435363265",
            "name": null,
            "cnic": "6110129132495",
            "address": null
        }
    ],
    "timestamp": "2024-03-27 07:43:08"
}{
    "status": 100,
    "data": [
        {
            "mobile": "3402433313",
            "name": "TARIQ AHMAD AZIZ",
            "cnic": "6110129595091",
            "address": "1 KHAS SAWABI MURGHAZ SAWABI"
        },
        {
            "mobile": "3075799324",
            "name": "TARIQ AHMAD AZIZ .",
            "cnic": "6110129595091",
            "address": "MOHALA ILLAH DAD KHAIL DAAK KHANA KHAS MURGHAZ TEHSIL \/ DISTRICT SAWABI SAWABI G.P.O."
        },
        {
            "mobile": "3078060762",
            "name": "TARIQ AHMAD AZIZ .",
            "cnic": "6110129595091",
            "address": "MOHALA ILLAH DAD KHAIL DAAK KHANA KHAS MURGHAZ TEHSIL \/ DISTRICT SAWABI SAWABI G.P.O."
        },
        {
            "mobile": "3009731009",
            "name": "TARIQ AHMAD AZIZ .",
            "cnic": "6110129595091",
            "address": "MOHALA ILLAH DAD KHAIL DAAK KHANA KHAS MURGHAZ TEHSIL \/ DISTRICT SAWABI SAWABI G.P.O."
        }
    ],
    "timestamp": "2024-03-27 07:43:59"
}{
    "status": 100,
    "message": "No record Found",
    "timestamp": "2024-03-27 07:44:54"
}{
    "status": 100,
    "data": [
        {
            "mobile": "3036059945",
            "name": "MUHAMMAD AMEEN",
            "cnic": "3220396678297",
            "address": "LAYYAH WAHGAY WALHO WARD NUMBE R 14 NAZD WEERASTEEDEEMLEEHLEE Lahore"
        }
    ],
    "timestamp": "2024-03-27 07:45:21"
}{
    "status": 100,
    "data": [
        {
            "mobile": "3038153949",
            "name": "FATIMA AMJAD .",
            "cnic": "3520261479568",
            "address": null
        },
        {
            "mobile": "3091426421",
            "name": "FATIMA AMJAD .",
            "cnic": "3520261479568",
            "address": null
        },
        {
            "mobile": "3212279070",
            "name": "FATIMA AMJAD .",
            "cnic": "3520261479568",
            "address": null
        },
        {
            "mobile": "3038151901",
            "name": "FATIMA AMJAD .",
            "cnic": "3520261479568",
            "address": "village ahmed bhan SAKRAND City SHAHEED BENAZIR ABAD Lahore"
        }
    ],
    "timestamp": "2024-03-27 07:45:28"
}{
    "status": 100,
    "data": [
        {
            "mobile": "3476469616",
            "name": "SAMAR ABBAS",
            "cnic": "3840567264789",
            "address": "KHAS SILANWALI CHAK NUMBER 133 SOUTH SARGODHA"
        }
    ],
    "timestamp": "2024-03-27 07:47:30"
}{
    "status": 100,
    "data": [
        {
            "mobile": "3343365918",
            "name": "MUHAMMAD ACHAR",
            "cnic": "4340603533553",
            "address": null
        }
    ],
    "timestamp": "2024-03-27 08:06:13"
}{
    "status": 100,
    "data": [
        {
            "mobile": "3468348804",
            "name": "CHOUDRY SAFDAR ALI",
            "cnic": "3520157716319",
            "address": "HOUSE NUMBER 9 STREET NUMBER 26 MOHALA USMAN NAGR"
        },
        {
            "mobile": "3071369406",
            "name": "CHOUHDRY SAFDAR ALI",
            "cnic": "3520157716319",
            "address": null
        },
        {
            "mobile": "3098486253",
            "name": "CHOUHDRY SAFDAR ALI",
            "cnic": "3520157716319",
            "address": null
        },
        {
            "mobile": "3208459072",
            "name": "CHOUHDRY SAFDAR ALI",
            "cnic": "3520157716319",
            "address": null
        },
        {
            "mobile": "3244961986",
            "name": "CHOUHDRY SAFDAR ALI",
            "cnic": "3520157716319",
            "address": null
        },
        {
            "mobile": "3030143645",
            "name": "CHOUHDRY SAFDAR ALI",
            "cnic": "3520157716319",
            "address": "H NO 9 ST NO 26 MOH USMAN NAGAR GHAZI ABAD LAHORE CANTT Lahore"
        }
    ],
    "timestamp": "2024-03-27 08:08:52"
}{
    "status": 100,
    "data": [
        {
            "mobile": "3487008188",
            "name": null,
            "cnic": "3310012169263",
            "address": null
        }
    ],
    "timestamp": "2024-03-27 08:11:52"
}{
    "status": 100,
    "message": "No record Found",
    "timestamp": "2024-03-27 08:18:34"
}{
    "status": 100,
    "message": "No record Found",
    "timestamp": "2024-03-27 08:31:33"
}{
    "status": 100,
    "data": [
        {
            "mobile": "3025212257",
            "name": "MUHAMMAD UZAIR .",
            "cnic": "1620210069005",
            "address": null
        }
    ],
    "timestamp": "2024-03-27 08:35:58"
}{
    "status": 100,
    "data": [
        {
            "mobile": "3026464440",
            "name": "SULEMAN ALI .",
            "cnic": "3460281960833",
            "address": null
        },
        {
            "mobile": "3026464440",
            "name": "SAJID AMEEN AMEEN",
            "cnic": "3540494475753",
            "address": "KHAS SHEIKHU PURA KELAY Sheikhupura"
        }
    ],
    "timestamp": "2024-03-27 08:39:48"
}{
    "status": 100,
    "data": [
        {
            "mobile": "3337890950",
            "name": "GULZAR HUSSAIN",
            "cnic": "3120203048577",
            "address": "HOUSE F-14 AWAN MUSLIM TOWN ."
        }
    ],
    "timestamp": "2024-03-27 08:54:36"
}{
    "status": 100,
    "message": "No record Found",
    "timestamp": "2024-03-27 09:00:27"
}{
    "status": 100,
    "data": [
        {
            "mobile": "3454606162",
            "name": "KHATOON B B",
            "cnic": "3520224132576",
            "address": "HOUSE NUMBER 36 STREET NUMBER 9 MOHALA HANEEF PARK"
        }
    ],
    "timestamp": "2024-03-27 09:00:46"
}{
    "status": 100,
    "data": [
        {
            "mobile": "3408740381",
            "name": "IQRA MANZOOR",
            "cnic": "3230302745892",
            "address": "CHAH DARKHAN WALA DAAK KHANA KHAS EHSAN PUR MUSTAQAL TEHSIL KOT ADDU ZILAH MUZAFAR GARH"
        }
    ],
    "timestamp": "2024-03-27 09:01:08"
}{
    "status": 100,
    "message": "No record Found",
    "timestamp": "2024-03-27 09:07:13"
}{
    "status": 100,
    "message": "No record Found",
    "timestamp": "2024-03-27 09:07:41"
}{
    "status": 100,
    "message": "No record Found",
    "timestamp": "2024-03-27 09:33:10"
}{
    "status": 100,
    "message": "No record Found",
    "timestamp": "2024-03-27 09:38:45"
}{
    "status": 100,
    "message": "No record Found",
    "timestamp": "2024-03-27 09:40:34"
}{
    "status": 100,
    "message": "No record Found",
    "timestamp": "2024-03-27 09:42:31"
}{
    "status": 100,
    "data": [
        {
            "mobile": "3417742144",
            "name": "MUHAMMAD AMEEN",
            "cnic": "3310518894215",
            "address": "KHAS SUMANDRI CHAK NO 223 GAB BHOJYAN FAISAL ABAD"
        },
        {
            "mobile": "3417742144",
            "name": null,
            "cnic": "5340210908581",
            "address": null
        }
    ],
    "timestamp": "2024-03-27 09:50:10"
}{
    "status": 100,
    "message": "No record Found",
    "timestamp": "2024-03-27 09:50:51"
}{
    "status": 100,
    "message": "No record Found",
    "timestamp": "2024-03-27 09:53:31"
}{
    "status": 100,
    "data": [
        {
            "mobile": "3098115021",
            "name": "ALI BAGH .",
            "cnic": "5340263728439",
            "address": "City BEDAR BEROON Tehsil DERA MURAD JAMALI SUB- District NASIRABAD  PAKISTAN"
        }
    ],
    "timestamp": "2024-03-27 09:56:29"
}{
    "status": 100,
    "message": "No record Found",
    "timestamp": "2024-03-27 10:19:27"
}{
    "status": 100,
    "data": [
        {
            "mobile": "3070142350",
            "name": "FEHMIDA B B .",
            "cnic": "3540445655360",
            "address": null
        }
    ],
    "timestamp": "2024-03-27 10:19:41"
}{
    "status": 100,
    "message": "No record Found",
    "timestamp": "2024-03-27 10:20:11"
}{
    "status": 100,
    "message": "No record Found",
    "timestamp": "2024-03-27 10:20:23"
}{
    "status": 100,
    "message": "No record Found",
    "timestamp": "2024-03-27 10:21:28"
}{
    "status": 100,
    "data": [
        {
            "mobile": "3234373623",
            "name": "YOUSAF ALI .",
            "cnic": "3510317176971",
            "address": null
        }
    ],
    "timestamp": "2024-03-27 10:21:50"
}{
    "status": 100,
    "message": "No record Found",
    "timestamp": "2024-03-27 10:23:52"
}{
    "status": 100,
    "message": "No record Found",
    "timestamp": "2024-03-27 10:35:22"
}{
    "status": 100,
    "message": "No record Found",
    "timestamp": "2024-03-27 10:47:17"
}{
    "status": 100,
    "message": "No record Found",
    "timestamp": "2024-03-27 11:03:34"
}{
    "status": 100,
    "message": "No record Found",
    "timestamp": "2024-03-27 11:30:36"
}{
    "status": 100,
    "message": "No record Found",
    "timestamp": "2024-03-27 11:31:14"
}{
    "status": 100,
    "data": [
        {
            "mobile": "3324532494",
            "name": "nadia khanam",
            "cnic": "3460382645144",
            "address": "City MIANI PATHANAN Tehsil\/Dis"
        }
    ],
    "timestamp": "2024-03-27 11:32:33"
}{
    "status": 100,
    "data": [
        {
            "mobile": "3142908365",
            "name": "Arif  Mahmood",
            "cnic": "3740616057759",
            "address": "Post-PAID"
        }
    ],
    "timestamp": "2024-03-27 11:33:00"
}{
    "status": 100,
    "data": [
        {
            "mobile": "3142908365",
            "name": "Arif  Mahmood",
            "cnic": "3740616057759",
            "address": "Post-PAID"
        },
        {
            "mobile": "3125952565",
            "name": "Arif  Mahmood",
            "cnic": "3740616057759",
            "address": null
        },
        {
            "mobile": "3145118365",
            "name": "Arif  Mahmood",
            "cnic": "3740616057759",
            "address": null
        },
        {
            "mobile": "3028908874",
            "name": "ARIF MEHMOOD .",
            "cnic": "3740616057759",
            "address": "STREET \/ MOHALA WEST DAAK KHANA  KOLIAA AN TEHSIL TAXILA DISTRICT RAWALPINDI RAWALPINDI G.P.O."
        }
    ],
    "timestamp": "2024-03-27 11:33:24"
}{
    "status": 100,
    "data": [
        {
            "mobile": "3059991806",
            "name": "MUHAMMAD BILAL KHALID .",
            "cnic": "3640221220523",
            "address": null
        }
    ],
    "timestamp": "2024-03-27 11:42:35"
}{
    "status": 100,
    "data": [
        {
            "mobile": "3059991806",
            "name": "MUHAMMAD BILAL KHALID .",
            "cnic": "3640221220523",
            "address": null
        }
    ],
    "timestamp": "2024-03-27 11:46:36"
}{
    "status": 100,
    "message": "No record Found",
    "timestamp": "2024-03-27 12:00:27"
}{
    "status": 100,
    "message": "No record Found",
    "timestamp": "2024-03-27 12:00:38"
}{
    "status": 100,
    "message": "No record Found",
    "timestamp": "2024-03-27 12:00:47"
}{
    "status": 100,
    "data": [
        {
            "mobile": "3323305023",
            "name": "Naseer Ahmad",
            "cnic": "3520284921465",
            "address": "St.#3 Shamas Abad Cly Begum Ko"
        }
    ],
    "timestamp": "2024-03-27 12:19:18"
}{
    "status": 100,
    "data": [
        {
            "mobile": "3079401794",
            "name": "MUHAMMAD IMTIAZ .",
            "cnic": "3540167540427",
            "address": null
        }
    ],
    "timestamp": "2024-03-27 12:45:16"
}{
    "status": 100,
    "data": [
        {
            "mobile": "3079401794",
            "name": "MUHAMMAD IMTIAZ .",
            "cnic": "3540167540427",
            "address": null
        },
        {
            "mobile": "3156310701",
            "name": "MUHAMMAD IMTIAZ .",
            "cnic": "3540167540427",
            "address": "MOHALA QILA MASITA HADOKAY MUREEDKAY TE EHSIL FEROZ WALA DISTRICT SHEIKHUPURA SHEIKHUPURA G.P.O"
        },
        {
            "mobile": "3164309569",
            "name": "DATA NOT RECIEVED FROM NADRA",
            "cnic": "3540167540427",
            "address": null
        }
    ],
    "timestamp": "2024-03-27 12:45:31"
}{
    "status": 100,
    "data": [
        {
            "mobile": "3018181033",
            "name": "MUHAMMAD SHABZ",
            "cnic": "1610154045103",
            "address": "MARDAN . ."
        }
    ],
    "timestamp": "2024-03-27 12:46:47"
}{
    "status": 100,
    "data": [
        {
            "mobile": "3037000100",
            "name": "MUHAMMAD",
            "cnic": "3460321732829",
            "address": "WAZIR ABAD ROAD KOTLI BEHRAAM KOTLI BHARAM SIALKOT SIALKOT S Lahore"
        }
    ],
    "timestamp": "2024-03-27 12:47:03"
}{
    "status": 100,
    "message": "No record Found",
    "timestamp": "2024-03-27 12:50:00"
}{
    "status": 100,
    "message": "No record Found",
    "timestamp": "2024-03-27 12:50:07"
}{
    "status": 100,
    "data": [
        {
            "mobile": "3495764213",
            "name": "MUHAMMAD AZIZ",
            "cnic": "3740267436743",
            "address": "PHLENA DAAK KHANA PHLENA DARKALI MEHMOORI TEHSIL K"
        }
    ],
    "timestamp": "2024-03-27 12:58:58"
}{
    "status": 100,
    "data": [
        {
            "mobile": "3498754132",
            "name": null,
            "cnic": "1730142963739",
            "address": null
        }
    ],
    "timestamp": "2024-03-27 12:59:08"
}{
    "status": 100,
    "data": [
        {
            "mobile": "3494425336",
            "name": "AZAK YA JAVEED",
            "cnic": "1350198093821",
            "address": "MOHALA LAGMANI DAAK KHANA BALAKOT BALA KOT TEHSIL"
        }
    ],
    "timestamp": "2024-03-27 12:59:35"
}{
    "status": 100,
    "message": "No record Found",
    "timestamp": "2024-03-27 12:59:48"
}{
    "status": 100,
    "message": "No record Found",
    "timestamp": "2024-03-27 13:00:03"
}{
    "status": 100,
    "message": "No record Found",
    "timestamp": "2024-03-27 13:13:20"
}{
    "status": 100,
    "message": "No record Found",
    "timestamp": "2024-03-27 13:18:42"
}{
    "status": 100,
    "data": [
        {
            "mobile": "3051888830",
            "name": "MUHAMMAD SHOAIB AKHTAR .",
            "cnic": "3120334320859",
            "address": null
        },
        {
            "mobile": "3240088266",
            "name": "MUHAMMAD SHOAIB AKHTAR .",
            "cnic": "3120334320859",
            "address": null
        }
    ],
    "timestamp": "2024-03-27 14:18:06"
}{
    "status": 100,
    "data": [
        {
            "mobile": "3051888830",
            "name": "MUHAMMAD SHOAIB AKHTAR .",
            "cnic": "3120334320859",
            "address": null
        },
        {
            "mobile": "3240088266",
            "name": "MUHAMMAD SHOAIB AKHTAR .",
            "cnic": "3120334320859",
            "address": null
        }
    ],
    "timestamp": "2024-03-27 14:24:46"
}{
    "status": 100,
    "message": "No record Found",
    "timestamp": "2024-03-27 14:32:05"
}{
    "status": 100,
    "data": [
        {
            "mobile": "3487449918",
            "name": "ALI RAZA",
            "cnic": "3310488114959",
            "address": "KHAS JARANWALA CHAK 121 G B SURAJ KAND FAISAL ABAD"
        }
    ],
    "timestamp": "2024-03-27 14:38:04"
}{
    "status": 100,
    "message": "No record Found",
    "timestamp": "2024-03-27 14:38:07"
}{
    "status": 100,
    "message": "No record Found",
    "timestamp": "2024-03-27 14:49:42"
}{
    "status": 100,
    "data": [
        {
            "mobile": "3471870773",
            "name": "DAD KHAN",
            "cnic": "5630203620307",
            "address": "KOT ADDU ZAREEF KAKNDI CHAK NUMBER 519- T KOT ADDU"
        },
        {
            "mobile": "3471870773",
            "name": null,
            "cnic": "5630215460243",
            "address": null
        }
    ],
    "timestamp": "2024-03-27 15:00:00"
}{
    "status": 100,
    "data": [
        {
            "mobile": "3012717751",
            "name": "KAPEL DIO KAPEL DIO",
            "cnic": "4420319920289",
            "address": null
        },
        {
            "mobile": "3133774929",
            "name": "DATA NOT RECIEVED FROM NADRA",
            "cnic": "4420319920289",
            "address": null
        },
        {
            "mobile": "3123059069",
            "name": "KAPEL DIO KAPEL DIO",
            "cnic": "4420319920289",
            "address": "SANGHAR SANGHAR GOTH PERU MILL SNGHH  Sanghar"
        },
        {
            "mobile": "3128372423",
            "name": "DATA NOT RECIEVED FROM NADRA",
            "cnic": "4420319920289",
            "address": null
        },
        {
            "mobile": "3133772881",
            "name": "DATA NOT RECIEVED FROM NADRA",
            "cnic": "4420319920289",
            "address": null
        },
        {
            "mobile": "3012715703",
            "name": "KAPEL DIO KAPEL DIO",
            "cnic": "4420319920289",
            "address": "SANGHAR SANGHAR GOTH PERU MILL SNGHH  Sanghar"
        }
    ],
    "timestamp": "2024-03-27 15:17:26"
}{
    "status": 100,
    "data": [
        {
            "mobile": "3079358482",
            "name": "SANAM .",
            "cnic": "4520419974294",
            "address": null
        },
        {
            "mobile": "3082416790",
            "name": "SANAM .",
            "cnic": "4520419974294",
            "address": null
        }
    ],
    "timestamp": "2024-03-27 15:24:03"
}{
    "status": 100,
    "message": "No record Found",
    "timestamp": "2024-03-27 15:35:09"
}{
    "status": 100,
    "data": [
        {
            "mobile": "3019581825",
            "name": "KHAN SYED .",
            "cnic": "2110422642025",
            "address": null
        }
    ],
    "timestamp": "2024-03-27 15:37:53"
}{
    "status": 100,
    "message": "No record Found",
    "timestamp": "2024-03-27 15:39:35"
}{
    "status": 100,
    "data": [
        {
            "mobile": "3006487335",
            "name": "MUHAMMAD UMER .",
            "cnic": "3410121765257",
            "address": null
        },
        {
            "mobile": "3130077300",
            "name": "DATA NOT RECIEVED FROM NADRA",
            "cnic": "3410121765257",
            "address": null
        },
        {
            "mobile": "3450778862",
            "name": "muhammad umar",
            "cnic": "3410121765257",
            "address": "House No 2 bilal colony"
        },
        {
            "mobile": "3219618699",
            "name": "MUHAMMAD UMER .",
            "cnic": "3410121765257",
            "address": null
        }
    ],
    "timestamp": "2024-03-27 15:39:53"
}{
    "status": 100,
    "message": "No record Found",
    "timestamp": "2024-03-27 15:46:02"
}{
    "status": 100,
    "data": [
        {
            "mobile": "3463635891",
            "name": null,
            "cnic": "4220120727451",
            "address": null
        }
    ],
    "timestamp": "2024-03-27 16:29:24"
}{
    "status": 100,
    "message": "No record Found",
    "timestamp": "2024-03-27 18:22:10"
}{
    "status": 100,
    "data": [
        {
            "mobile": "3353916986",
            "name": "Jamal Khan",
            "cnic": "5520265176787",
            "address": "City New Kili Tehsil Kohlu Sub"
        }
    ],
    "timestamp": "2024-03-27 18:34:00"
}{
    "status": 100,
    "data": [
        {
            "mobile": "3357526498",
            "name": "sharafat ali",
            "cnic": "5520365203531",
            "address": ", Killi Mir Fazal Khan"
        }
    ],
    "timestamp": "2024-03-27 18:40:19"
}{
    "status": 100,
    "data": [
        {
            "mobile": "3302985715",
            "name": "muhammad khan",
            "cnic": "5410107082639",
            "address": "Killi Baz Gaz City PADAG Tehsi"
        }
    ],
    "timestamp": "2024-03-27 18:42:18"
}{
    "status": 100,
    "message": "No record Found",
    "timestamp": "2024-03-27 19:31:39"
}{
    "status": 100,
    "message": "No record Found",
    "timestamp": "2024-03-27 19:31:50"
}{
    "status": 100,
    "data": [
        {
            "mobile": "3016003444",
            "name": "SABA TAYYABA BUTT .",
            "cnic": "3410129646268",
            "address": null
        }
    ],
    "timestamp": "2024-03-27 19:32:37"
}{
    "status": 100,
    "message": "No record Found",
    "timestamp": "2024-03-27 21:16:04"
}{
    "status": 100,
    "message": "No record Found",
    "timestamp": "2024-03-27 21:16:29"
}{
    "status": 100,
    "message": "No record Found",
    "timestamp": "2024-03-27 23:02:25"
}{
    "status": 100,
    "data": [
        {
            "mobile": "3475972256",
            "name": "ASIF SHAHZAD",
            "cnic": "3840374620571",
            "address": "KHAS SARGODHA CHAK NUMBER 55 N B SARGODHA"
        },
        {
            "mobile": "3056549164",
            "name": "ASIF SHAHZAD",
            "cnic": "3840374620571",
            "address": "KHAS SARGODHA CHAK NUMBER 55 N B SARGODHA"
        },
        {
            "mobile": "3060119200",
            "name": "ASIF SHAHZAD .",
            "cnic": "3840374620571",
            "address": null
        },
        {
            "mobile": "3439607064",
            "name": null,
            "cnic": "3840374620571",
            "address": null
        },
        {
            "mobile": "3008086095",
            "name": "ASIF SHAHZAD",
            "cnic": "3840374620571",
            "address": "LAHORE . ."
        },
        {
            "mobile": "3060117152",
            "name": "ASIF SHAHZAD .",
            "cnic": "3840374620571",
            "address": "KHAS SARGODHA CHAK NUMBER 55 N B  Sargodha"
        },
        {
            "mobile": "3056547116",
            "name": "ASIF SHAHZAD .",
            "cnic": "3840374620571",
            "address": "KHAS SARGODHA CHAK NUMBER 55 N B  Sargodha"
        }
    ],
    "timestamp": "2024-03-27 23:20:46"
}{
    "status": 100,
    "data": [
        {
            "mobile": "3348002278",
            "name": "Abdullahbib",
            "cnic": "5540246180827",
            "address": "Andarabad"
        }
    ],
    "timestamp": "2024-03-27 23:29:10"
}{
    "status": 100,
    "message": "No record Found",
    "timestamp": "2024-03-27 23:29:46"
}{
    "status": 100,
    "message": "No record Found",
    "timestamp": "2024-03-27 23:30:08"
}{
    "status": 100,
    "data": [
        {
            "mobile": "3323737135",
            "name": "Gul Zada",
            "cnic": "1110109026996",
            "address": "City Sawari Dog Said Khel Tehs"
        },
        {
            "mobile": "3323737135",
            "name": "RAHAB ALI",
            "cnic": "5320198229129",
            "address": "DERA A YAAR JHAT PAT GOTH HAJI"
        }
    ],
    "timestamp": "2024-03-27 23:30:29"
}{
    "status": 100,
    "message": "No record Found",
    "timestamp": "2024-03-27 23:36:02"
}{
    "status": 100,
    "message": "No record Found",
    "timestamp": "2024-03-27 23:53:06"
}