{
    "status": 100,
    "data": [
        {
            "mobile": "3234772067",
            "name": "KANWAL YOUNAS",
            "cnic": "3520266199950",
            "address": null
        }
    ],
    "timestamp": "2024-03-28 01:38:09"
}{
    "status": 100,
    "message": "No record Found",
    "timestamp": "2024-03-28 02:53:20"
}{
    "status": 100,
    "message": "No record Found",
    "timestamp": "2024-03-28 03:07:48"
}{
    "status": 100,
    "data": [
        {
            "mobile": "3231665238",
            "name": "ZUBIDA KHATOON AKHTAR .",
            "cnic": "3120336266428",
            "address": null
        }
    ],
    "timestamp": "2024-03-28 03:53:32"
}{
    "status": 100,
    "message": "No record Found",
    "timestamp": "2024-03-28 04:03:18"
}{
    "status": 100,
    "message": "No record Found",
    "timestamp": "2024-03-28 04:03:35"
}{
    "status": 100,
    "message": "No record Found",
    "timestamp": "2024-03-28 04:11:24"
}{
    "status": 100,
    "message": "No record Found",
    "timestamp": "2024-03-28 04:31:32"
}{
    "status": 100,
    "data": [
        {
            "mobile": "3466415626",
            "name": "MEHROFAN B B",
            "cnic": "3660138644180",
            "address": "DAAK KHANA BORI WALA CHAK NUMBER 156 E B TEHSIL BU"
        }
    ],
    "timestamp": "2024-03-28 04:53:32"
}{
    "status": 100,
    "data": [
        {
            "mobile": "3448053164",
            "name": "MEHROFAN B B",
            "cnic": "3660138644180",
            "address": "DAAK KHANA BORI WALA CHAK NUMBER 156 E B TEHSIL BU"
        },
        {
            "mobile": "3466415626",
            "name": "MEHROFAN B B",
            "cnic": "3660138644180",
            "address": "DAAK KHANA BORI WALA CHAK NUMBER 156 E B TEHSIL BU"
        },
        {
            "mobile": "3479330156",
            "name": "MEHROFAN B B",
            "cnic": "3660138644180",
            "address": "DAAK KHANA BORI WALA CHAK NUMBER 156 E B TEHSIL BU"
        },
        {
            "mobile": "3473440131",
            "name": "MEHROFAN B B",
            "cnic": "3660138644180",
            "address": "DAAK KHANA BORI WALA CHAK NUMBER 156 E B TEHSIL BU"
        },
        {
            "mobile": "3407166857",
            "name": null,
            "cnic": "3660138644180",
            "address": null
        }
    ],
    "timestamp": "2024-03-28 04:58:47"
}{
    "status": 100,
    "message": "No record Found",
    "timestamp": "2024-03-28 05:04:03"
}{
    "status": 100,
    "data": [
        {
            "mobile": "3025029307",
            "name": "KAUSAR NADIA .",
            "cnic": "3820227158916",
            "address": "DAAK KHANA KHAS JORHA KILAAN TEHSIL NUR RPUR DISTRICT KHUSHAB KHUSHAB G.P.O."
        },
        {
            "mobile": "3060119092",
            "name": "KAUSAR NADIA .",
            "cnic": "3820227158916",
            "address": null
        },
        {
            "mobile": "3247686641",
            "name": "KAUSAR NADIA .",
            "cnic": "3820227158916",
            "address": null
        },
        {
            "mobile": "3060117044",
            "name": "KAUSAR NADIA .",
            "cnic": "3820227158916",
            "address": "DAAK KHANA KHAS JORHA KILAAN TEHSIL NUR RPUR DISTRICT KHUSHAB KHUSHAB G.P.O."
        }
    ],
    "timestamp": "2024-03-28 05:05:25"
}{
    "status": 100,
    "data": [
        {
            "mobile": "3174569781",
            "name": "jawad  anwar",
            "cnic": "3520147490055",
            "address": null
        }
    ],
    "timestamp": "2024-03-28 05:09:59"
}{
    "status": 100,
    "data": [
        {
            "mobile": "3377845912",
            "name": "IRMNCH  Nutrition Program Punj",
            "cnic": "3840409133270",
            "address": "5-Montgomery Road"
        }
    ],
    "timestamp": "2024-03-28 05:10:28"
}{
    "status": 100,
    "message": "No record Found",
    "timestamp": "2024-03-28 05:10:42"
}{
    "status": 100,
    "message": "No record Found",
    "timestamp": "2024-03-28 05:10:49"
}{
    "status": 100,
    "message": "No record Found",
    "timestamp": "2024-03-28 05:11:00"
}{
    "status": 100,
    "message": "No record Found",
    "timestamp": "2024-03-28 05:11:09"
}{
    "status": 100,
    "message": "No record Found",
    "timestamp": "2024-03-28 05:11:24"
}{
    "status": 100,
    "message": "No record Found",
    "timestamp": "2024-03-28 05:11:31"
}{
    "status": 100,
    "message": "No record Found",
    "timestamp": "2024-03-28 05:25:24"
}{
    "status": 100,
    "data": [
        {
            "mobile": "3010654104",
            "name": "MUHAMMAD IQBAL .",
            "cnic": "3840470367551",
            "address": null
        }
    ],
    "timestamp": "2024-03-28 05:25:38"
}{
    "status": 100,
    "message": "No record Found",
    "timestamp": "2024-03-28 05:43:01"
}{
    "status": 100,
    "data": [
        {
            "mobile": "3153443743",
            "name": "DATA NOT RECIEVED FROM NADRA",
            "cnic": "4310293774065",
            "address": null
        }
    ],
    "timestamp": "2024-03-28 06:39:00"
}{
    "status": 100,
    "message": "No record Found",
    "timestamp": "2024-03-28 06:42:32"
}{
    "timestamp": "2024-03-28 06:43:25"
}{
    "status": 100,
    "data": [
        {
            "mobile": "3044699103",
            "name": "GUL MEENA .",
            "cnic": "1710160851530",
            "address": null
        },
        {
            "mobile": "3044699103",
            "name": "ADNAN YOUSAF",
            "cnic": "3520116006201",
            "address": "KHARIAN SHEIKH PUR KHARIAN GUJRAT  Gujrat"
        }
    ],
    "timestamp": "2024-03-28 06:43:31"
}{
    "status": 100,
    "message": "No record Found",
    "timestamp": "2024-03-28 06:43:46"
}{
    "status": 100,
    "message": "No record Found",
    "timestamp": "2024-03-28 06:43:58"
}{
    "status": 100,
    "data": [
        {
            "mobile": "3335269822",
            "name": "JANAN",
            "cnic": "2150351953471",
            "address": "MOHALLA MARKAZ COLONY TARLAI K"
        },
        {
            "mobile": "3335269822",
            "name": "Lubna",
            "cnic": "3740573598790",
            "address": "House No 19 Street No 4 Qua"
        }
    ],
    "timestamp": "2024-03-28 06:45:21"
}{
    "status": 100,
    "message": "No record Found",
    "timestamp": "2024-03-28 06:46:07"
}{
    "status": 100,
    "message": "No record Found",
    "timestamp": "2024-03-28 06:54:26"
}{
    "status": 100,
    "message": "No record Found",
    "timestamp": "2024-03-28 07:00:51"
}{
    "status": 100,
    "message": "No record Found",
    "timestamp": "2024-03-28 07:03:17"
}{
    "status": 100,
    "message": "No record Found",
    "timestamp": "2024-03-28 07:07:37"
}{
    "status": 100,
    "message": "No record Found",
    "timestamp": "2024-03-28 07:31:50"
}{
    "status": 100,
    "data": [
        {
            "mobile": "3319573856",
            "name": "ABBAS KHAN",
            "cnic": "3720315262277",
            "address": "BADHAL KHAS TALA GANG KOT SHAM"
        }
    ],
    "timestamp": "2024-03-28 07:43:31"
}{
    "status": 100,
    "message": "No record Found",
    "timestamp": "2024-03-28 07:50:18"
}{
    "status": 100,
    "data": [
        {
            "mobile": "3002331447",
            "name": "MUHAMMAD ARIF",
            "cnic": "4210140189323",
            "address": "HOUSE #2\/1 NR GODHRA STOP NEW KARACHI SECT# 11 F Karachi"
        }
    ],
    "timestamp": "2024-03-28 07:51:14"
}{
    "status": 100,
    "data": [
        {
            "mobile": "3316613892",
            "name": "junaid  khan",
            "cnic": "4240168080305",
            "address": null
        }
    ],
    "timestamp": "2024-03-28 08:20:08"
}{
    "status": 100,
    "message": "No record Found",
    "timestamp": "2024-03-28 08:20:50"
}{
    "status": 100,
    "data": [
        {
            "mobile": "3165015148",
            "name": "DATA NOT RECIEVED FROM NADRA",
            "cnic": "1350305538335",
            "address": null
        }
    ],
    "timestamp": "2024-03-28 08:21:06"
}{
    "status": 100,
    "message": "No record Found",
    "timestamp": "2024-03-28 08:24:16"
}{
    "status": 100,
    "message": "No record Found",
    "timestamp": "2024-03-28 08:25:29"
}{
    "status": 100,
    "data": [
        {
            "mobile": "3086411906",
            "name": "TABASSUM AKHTAR",
            "cnic": "3520196551172",
            "address": null
        }
    ],
    "timestamp": "2024-03-28 08:31:45"
}{
    "status": 100,
    "data": [
        {
            "mobile": "3451452017",
            "name": null,
            "cnic": "3240278360301",
            "address": null
        },
        {
            "mobile": "3451452017",
            "name": "ATTA ALREHMAN",
            "cnic": "3520169769873",
            "address": "DAAK KHANA BATA PUR RAM PURA JAAGIR TEHSIL LAHORE"
        }
    ],
    "timestamp": "2024-03-28 08:34:30"
}{
    "status": 100,
    "message": "No record Found",
    "timestamp": "2024-03-28 08:38:00"
}{
    "status": 100,
    "data": [
        {
            "mobile": "3165015148",
            "name": "DATA NOT RECIEVED FROM NADRA",
            "cnic": "1350305538335",
            "address": null
        }
    ],
    "timestamp": "2024-03-28 08:43:19"
}{
    "status": 100,
    "data": [
        {
            "mobile": "3059143144",
            "name": "ABDUL KABEER .",
            "cnic": "1730116698535",
            "address": "BUDH BAIR PESHAWAR MASHOBEKAYE BUDH BAIR  HORHI ZAI PESHAWAR Peshawer"
        }
    ],
    "timestamp": "2024-03-28 08:48:04"
}{
    "status": 100,
    "message": "No record Found",
    "timestamp": "2024-03-28 08:48:37"
}{
    "status": 100,
    "message": "No record Found",
    "timestamp": "2024-03-28 08:51:00"
}{
    "status": 100,
    "data": [
        {
            "mobile": "3004764626",
            "name": "MUHAMMAD ADIL AYYUB .",
            "cnic": "3240328829629",
            "address": "DAAK KHANA KOT MITHAN KOTLA HUSSAIN CHA AK DOOM TEHSIL RAJAN PUR DISTRICT RAJAN RAJAN PUR"
        }
    ],
    "timestamp": "2024-03-28 09:10:33"
}{
    "status": 100,
    "data": [
        {
            "mobile": "3404476268",
            "name": "ALLAH RAKHA",
            "cnic": "3450158553299",
            "address": "BADU MALHI NAROWAL KHATAY NAROWAL"
        },
        {
            "mobile": "3499709911",
            "name": "ALLAH RAKHA",
            "cnic": "3450158553299",
            "address": "BADU MALHI NAROWAL KHATAY NAROWAL"
        },
        {
            "mobile": "3157631652",
            "name": "Allah  Rakha",
            "cnic": "3450158553299",
            "address": null
        }
    ],
    "timestamp": "2024-03-28 09:12:04"
}{
    "status": 100,
    "data": [
        {
            "mobile": "3004240389",
            "name": "NEW CUSTOMER .",
            "cnic": "3520244481953",
            "address": "Lahore7262084  Lahore"
        }
    ],
    "timestamp": "2024-03-28 09:18:04"
}{
    "status": 100,
    "data": [
        {
            "mobile": "3004240389",
            "name": "NEW CUSTOMER .",
            "cnic": "3520244481953",
            "address": "Lahore7262084  Lahore"
        },
        {
            "mobile": "3159075008",
            "name": "DATA NOT RECIEVED FROM NADRA",
            "cnic": "3520244481953",
            "address": null
        },
        {
            "mobile": "3104075047",
            "name": "DATA NOT RECIEVED FROM NADRA",
            "cnic": "3520244481953",
            "address": null
        },
        {
            "mobile": "3136442569",
            "name": "DATA NOT RECIEVED FROM NADRA",
            "cnic": "3520244481953",
            "address": "Post-PAID"
        },
        {
            "mobile": "3154240389",
            "name": "DATA NOT RECIEVED FROM NADRA",
            "cnic": "3520244481953",
            "address": null
        },
        {
            "mobile": "3104072999",
            "name": "DATA NOT RECIEVED FROM NADRA",
            "cnic": "3520244481953",
            "address": null
        }
    ],
    "timestamp": "2024-03-28 09:18:24"
}{
    "status": 100,
    "message": "No record Found",
    "timestamp": "2024-03-28 09:23:29"
}{
    "status": 100,
    "data": [
        {
            "mobile": "3098400097",
            "name": "MUHAMMAD DANISH SARDAR .",
            "cnic": "3840319004163",
            "address": null
        }
    ],
    "timestamp": "2024-03-28 09:25:41"
}{
    "status": 100,
    "message": "No record Found",
    "timestamp": "2024-03-28 09:25:43"
}{
    "status": 100,
    "data": [
        {
            "mobile": "3176099357",
            "name": "Rafia  Bibi",
            "cnic": "3530267976506",
            "address": null
        }
    ],
    "timestamp": "2024-03-28 09:47:52"
}{
    "status": 100,
    "message": "No record Found",
    "timestamp": "2024-03-28 09:49:19"
}{
    "status": 100,
    "message": "No record Found",
    "timestamp": "2024-03-28 10:03:48"
}{
    "status": 100,
    "message": "No record Found",
    "timestamp": "2024-03-28 10:08:10"
}{
    "status": 100,
    "message": "No record Found",
    "timestamp": "2024-03-28 10:16:30"
}{
    "status": 100,
    "message": "No record Found",
    "timestamp": "2024-03-28 10:18:20"
}{
    "status": 100,
    "message": "No record Found",
    "timestamp": "2024-03-28 10:30:09"
}{
    "status": 100,
    "message": "No record Found",
    "timestamp": "2024-03-28 10:34:47"
}{
    "status": 100,
    "data": [
        {
            "mobile": "3364536762",
            "name": "Asif",
            "cnic": "CH10189578791",
            "address": null
        }
    ],
    "timestamp": "2024-03-28 10:36:28"
}{
    "status": 100,
    "data": [
        {
            "mobile": "3002362840",
            "name": "NASRULLAH KHAN .",
            "cnic": "4420453229353",
            "address": "RHWN SHAHDADPUR GOTH RHWN BERHOON RHWN SHAHDADPUR GOTH RHWN BERHOON Sanghar"
        }
    ],
    "timestamp": "2024-03-28 10:44:08"
}{
    "status": 100,
    "data": [
        {
            "mobile": "3002362840",
            "name": "NASRULLAH KHAN .",
            "cnic": "4420453229353",
            "address": "RHWN SHAHDADPUR GOTH RHWN BERHOON RHWN SHAHDADPUR GOTH RHWN BERHOON Sanghar"
        }
    ],
    "timestamp": "2024-03-28 10:44:28"
}{
    "status": 100,
    "data": [
        {
            "mobile": "3100067655",
            "name": "DATA NOT RECIEVED FROM NADRA",
            "cnic": "3630356934818",
            "address": null
        }
    ],
    "timestamp": "2024-03-28 10:44:56"
}{
    "status": 100,
    "message": "No record Found",
    "timestamp": "2024-03-28 10:48:45"
}{
    "status": 100,
    "data": [
        {
            "mobile": "3052626581",
            "name": "BILQEES KHANAM .",
            "cnic": "3130418053032",
            "address": "DAAK KHANA KHAS CHAK NUMBER 186 P TEHSI IL SADIQ ABAD DISTRICT RAHIM YAAR KHAN RAHIMYAR KHAN G.P."
        },
        {
            "mobile": "3052626581",
            "name": "IMRAN",
            "cnic": "4510124602505",
            "address": null
        }
    ],
    "timestamp": "2024-03-28 10:54:29"
}{
    "status": 100,
    "data": [
        {
            "mobile": "3013412487",
            "name": "PARVEEN AKHTAR .",
            "cnic": "3460305216650",
            "address": "DAAK KHANA BAJRAH GARHI ANOLA TEHSIL PA ASROOR DISTRICT SIALKOT SIALKOT G.P.O."
        },
        {
            "mobile": "3013412487",
            "name": "RAB NAWAZ .",
            "cnic": "4510172303157",
            "address": "DHARKI DHARKI GOTH BAHU KANANON WRHEELW  GHOTKIDHARKI DHARKI GOTH BAHU KANANON WR Ghotki"
        }
    ],
    "timestamp": "2024-03-28 10:54:46"
}{
    "status": 100,
    "data": [
        {
            "mobile": "3052626581",
            "name": "BILQEES KHANAM .",
            "cnic": "3130418053032",
            "address": "DAAK KHANA KHAS CHAK NUMBER 186 P TEHSI IL SADIQ ABAD DISTRICT RAHIM YAAR KHAN RAHIMYAR KHAN G.P."
        },
        {
            "mobile": "3052626581",
            "name": "IMRAN",
            "cnic": "4510124602505",
            "address": null
        }
    ],
    "timestamp": "2024-03-28 10:58:58"
}{
    "status": 100,
    "message": "No record Found",
    "timestamp": "2024-03-28 11:03:42"
}{
    "status": 100,
    "message": "No record Found",
    "timestamp": "2024-03-28 11:07:52"
}{
    "status": 100,
    "message": "No record Found",
    "timestamp": "2024-03-28 11:09:36"
}{
    "status": 100,
    "message": "No record Found",
    "timestamp": "2024-03-28 11:17:19"
}{
    "status": 100,
    "message": "No record Found",
    "timestamp": "2024-03-28 11:30:46"
}{
    "status": 100,
    "message": "No record Found",
    "timestamp": "2024-03-28 11:36:48"
}{
    "status": 100,
    "message": "No record Found",
    "timestamp": "2024-03-28 11:37:27"
}{
    "status": 100,
    "message": "No record Found",
    "timestamp": "2024-03-28 11:44:17"
}{
    "status": 100,
    "data": [
        {
            "mobile": "3081350148",
            "name": "MUHAMMAD HAMZA SATTAR .",
            "cnic": "3130272817177",
            "address": null
        },
        {
            "mobile": "3081350148",
            "name": "KHAIR MOHAMMAD LASHARI .",
            "cnic": "4140505914221",
            "address": "DAAK KHANA WLACHI W MUHAMMAD YOUSAF TEH HSIL GOLARHCHI DISTRICT BADEEN PAKISTAN"
        }
    ],
    "timestamp": "2024-03-28 11:49:55"
}{
    "status": 100,
    "data": [
        {
            "mobile": "3376296305",
            "name": "SHAMEEM AKHTAR",
            "cnic": "3210133000366",
            "address": "WAHWA DERA GHAZI KHAN ( ILAQA"
        },
        {
            "mobile": "3087390618",
            "name": "SHAMEEM AKHTAR .",
            "cnic": "3210133000366",
            "address": null
        },
        {
            "mobile": "3094701667",
            "name": "SHAMEEM AKHTAR .",
            "cnic": "3210133000366",
            "address": null
        },
        {
            "mobile": "3087388570",
            "name": "SHAMEEM AKHTAR .",
            "cnic": "3210133000366",
            "address": "village ahmed bhan SAKRAND City SHAHEED BENAZIR ABAD Lahore"
        },
        {
            "mobile": "3094699619",
            "name": "SHAMEEM AKHTAR .",
            "cnic": "3210133000366",
            "address": "village ahmed bhan SAKRAND City SHAHEED BENAZIR ABAD Lahore"
        }
    ],
    "timestamp": "2024-03-28 12:17:25"
}{
    "status": 100,
    "data": [
        {
            "mobile": "3338447195",
            "name": "MUHAMMAD SAEED",
            "cnic": "3510245423997",
            "address": "KOT RADHA KSHNQSWRCHK NUMBER 5"
        }
    ],
    "timestamp": "2024-03-28 12:20:25"
}{
    "msg": "Not allowed",
    "timestamp": "2024-03-28 12:50:51"
}{
    "msg": "Not allowed",
    "timestamp": "2024-03-28 12:51:46"
}{
    "msg": "Not allowed",
    "timestamp": "2024-03-28 13:04:06"
}{
    "msg": "Not allowed",
    "timestamp": "2024-03-28 13:42:44"
}{
    "msg": "Not allowed",
    "timestamp": "2024-03-28 14:18:06"
}{
    "msg": "Not allowed",
    "timestamp": "2024-03-28 14:18:42"
}{
    "msg": "Not allowed",
    "timestamp": "2024-03-28 14:24:51"
}{
    "msg": "Not allowed",
    "timestamp": "2024-03-28 14:31:33"
}{
    "msg": "Not allowed",
    "timestamp": "2024-03-28 14:36:03"
}{
    "msg": "Not allowed",
    "timestamp": "2024-03-28 14:58:59"
}{
    "msg": "Not allowed",
    "timestamp": "2024-03-28 15:14:37"
}{
    "msg": "Not allowed",
    "timestamp": "2024-03-28 15:14:58"
}{
    "msg": "Not allowed",
    "timestamp": "2024-03-28 15:31:47"
}{
    "msg": "Not allowed",
    "timestamp": "2024-03-28 15:35:39"
}{
    "msg": "Not allowed",
    "timestamp": "2024-03-28 15:47:54"
}{
    "msg": "Not allowed",
    "timestamp": "2024-03-28 15:48:26"
}{
    "msg": "Not allowed",
    "timestamp": "2024-03-28 15:58:19"
}{
    "msg": "Not allowed",
    "timestamp": "2024-03-28 15:58:52"
}{
    "msg": "Not allowed",
    "timestamp": "2024-03-28 15:59:40"
}{
    "msg": "Not allowed",
    "timestamp": "2024-03-28 15:59:58"
}{
    "msg": "Not allowed",
    "timestamp": "2024-03-28 16:00:24"
}{
    "msg": "Not allowed",
    "timestamp": "2024-03-28 16:00:46"
}{
    "msg": "Not allowed",
    "timestamp": "2024-03-28 16:01:32"
}{
    "msg": "Not allowed",
    "timestamp": "2024-03-28 16:05:27"
}{
    "msg": "Not allowed",
    "timestamp": "2024-03-28 16:05:40"
}{
    "msg": "Not allowed",
    "timestamp": "2024-03-28 16:19:41"
}{
    "msg": "Not allowed",
    "timestamp": "2024-03-28 16:35:52"
}{
    "msg": "Not allowed",
    "timestamp": "2024-03-28 16:37:21"
}{
    "msg": "Not allowed",
    "timestamp": "2024-03-28 16:37:34"
}{
    "msg": "Not allowed",
    "timestamp": "2024-03-28 16:37:50"
}{
    "msg": "Not allowed",
    "timestamp": "2024-03-28 16:47:48"
}{
    "msg": "Not allowed",
    "timestamp": "2024-03-28 16:48:28"
}{
    "msg": "Not allowed",
    "timestamp": "2024-03-28 17:01:05"
}{
    "msg": "Not allowed",
    "timestamp": "2024-03-28 17:12:01"
}{
    "msg": "Not allowed",
    "timestamp": "2024-03-28 17:12:12"
}{
    "msg": "Not allowed",
    "timestamp": "2024-03-28 17:12:21"
}{
    "msg": "Not allowed",
    "timestamp": "2024-03-28 17:24:35"
}{
    "msg": "Not allowed",
    "timestamp": "2024-03-28 17:46:10"
}{
    "msg": "Not allowed",
    "timestamp": "2024-03-28 18:00:57"
}{
    "msg": "Not allowed",
    "timestamp": "2024-03-28 18:01:40"
}{
    "msg": "Not allowed",
    "timestamp": "2024-03-28 18:01:54"
}{
    "msg": "Not allowed",
    "timestamp": "2024-03-28 19:00:58"
}{
    "msg": "Not allowed",
    "timestamp": "2024-03-28 19:01:23"
}{
    "msg": "Not allowed",
    "timestamp": "2024-03-28 19:54:23"
}{
    "msg": "Not allowed",
    "timestamp": "2024-03-28 20:24:33"
}{
    "msg": "Not allowed",
    "timestamp": "2024-03-28 21:59:37"
}{
    "msg": "Not allowed",
    "timestamp": "2024-03-28 21:59:51"
}{
    "msg": "Not allowed",
    "timestamp": "2024-03-28 22:00:02"
}