{
    "msg": "Not allowed",
    "timestamp": "2024-03-29 00:06:23"
}{
    "msg": "Not allowed",
    "timestamp": "2024-03-29 00:06:31"
}{
    "msg": "Not allowed",
    "timestamp": "2024-03-29 00:10:04"
}{
    "msg": "Not allowed",
    "timestamp": "2024-03-29 00:10:52"
}{
    "msg": "Not allowed",
    "timestamp": "2024-03-29 00:27:25"
}{
    "msg": "Not allowed",
    "timestamp": "2024-03-29 00:27:41"
}{
    "msg": "Not allowed",
    "timestamp": "2024-03-29 01:48:44"
}{
    "msg": "Not allowed",
    "timestamp": "2024-03-29 01:55:56"
}{
    "msg": "Not allowed",
    "timestamp": "2024-03-29 01:56:57"
}{
    "msg": "Not allowed",
    "timestamp": "2024-03-29 02:10:55"
}{
    "msg": "Not allowed",
    "timestamp": "2024-03-29 02:11:25"
}{
    "msg": "Not allowed",
    "timestamp": "2024-03-29 02:12:11"
}{
    "msg": "Not allowed",
    "timestamp": "2024-03-29 02:18:33"
}{
    "msg": "Not allowed",
    "timestamp": "2024-03-29 02:26:51"
}{
    "msg": "Not allowed",
    "timestamp": "2024-03-29 02:34:34"
}{
    "msg": "Not allowed",
    "timestamp": "2024-03-29 02:34:45"
}{
    "msg": "Not allowed",
    "timestamp": "2024-03-29 03:27:48"
}{
    "msg": "Not allowed",
    "timestamp": "2024-03-29 03:28:07"
}{
    "msg": "Not allowed",
    "timestamp": "2024-03-29 04:00:44"
}{
    "msg": "Not allowed",
    "timestamp": "2024-03-29 04:07:43"
}{
    "msg": "Not allowed",
    "timestamp": "2024-03-29 04:07:54"
}{
    "msg": "Not allowed",
    "timestamp": "2024-03-29 04:08:07"
}{
    "msg": "Not allowed",
    "timestamp": "2024-03-29 04:08:17"
}{
    "msg": "Not allowed",
    "timestamp": "2024-03-29 04:08:43"
}{
    "msg": "Not allowed",
    "timestamp": "2024-03-29 04:24:23"
}{
    "msg": "Not allowed",
    "timestamp": "2024-03-29 04:25:25"
}{
    "msg": "Not allowed",
    "timestamp": "2024-03-29 04:30:18"
}{
    "msg": "Not allowed",
    "timestamp": "2024-03-29 04:30:25"
}{
    "msg": "Not allowed",
    "timestamp": "2024-03-29 04:54:52"
}{
    "msg": "Not allowed",
    "timestamp": "2024-03-29 04:55:38"
}{
    "msg": "Not allowed",
    "timestamp": "2024-03-29 05:05:50"
}{
    "msg": "Not allowed",
    "timestamp": "2024-03-29 05:05:56"
}{
    "msg": "Not allowed",
    "timestamp": "2024-03-29 05:18:34"
}{
    "msg": "Not allowed",
    "timestamp": "2024-03-29 05:27:58"
}{
    "msg": "Not allowed",
    "timestamp": "2024-03-29 05:33:49"
}{
    "msg": "Not allowed",
    "timestamp": "2024-03-29 05:34:25"
}{
    "msg": "Not allowed",
    "timestamp": "2024-03-29 05:51:24"
}{
    "msg": "Not allowed",
    "timestamp": "2024-03-29 05:54:17"
}{
    "msg": "Not allowed",
    "timestamp": "2024-03-29 05:55:23"
}{
    "msg": "Not allowed",
    "timestamp": "2024-03-29 05:56:14"
}{
    "msg": "Not allowed",
    "timestamp": "2024-03-29 06:01:15"
}{
    "msg": "Not allowed",
    "timestamp": "2024-03-29 06:19:13"
}{
    "msg": "Not allowed",
    "timestamp": "2024-03-29 06:19:50"
}{
    "msg": "Not allowed",
    "timestamp": "2024-03-29 06:24:04"
}{
    "msg": "Not allowed",
    "timestamp": "2024-03-29 06:29:01"
}{
    "msg": "Not allowed",
    "timestamp": "2024-03-29 06:31:15"
}{
    "msg": "Not allowed",
    "timestamp": "2024-03-29 06:47:21"
}{
    "msg": "Not allowed",
    "timestamp": "2024-03-29 06:47:33"
}{
    "msg": "Not allowed",
    "timestamp": "2024-03-29 06:53:43"
}{
    "msg": "Not allowed",
    "timestamp": "2024-03-29 06:54:03"
}{
    "msg": "Not allowed",
    "timestamp": "2024-03-29 07:02:18"
}{
    "msg": "Not allowed",
    "timestamp": "2024-03-29 07:12:58"
}{
    "msg": "Not allowed",
    "timestamp": "2024-03-29 07:13:08"
}{
    "msg": "Not allowed",
    "timestamp": "2024-03-29 07:15:31"
}{
    "msg": "Not allowed",
    "timestamp": "2024-03-29 07:15:36"
}{
    "msg": "Not allowed",
    "timestamp": "2024-03-29 07:18:37"
}{
    "msg": "Not allowed",
    "timestamp": "2024-03-29 07:20:03"
}{
    "msg": "Not allowed",
    "timestamp": "2024-03-29 07:20:14"
}{
    "msg": "Not allowed",
    "timestamp": "2024-03-29 07:26:48"
}{
    "msg": "Not allowed",
    "timestamp": "2024-03-29 07:28:38"
}{
    "msg": "Not allowed",
    "timestamp": "2024-03-29 07:36:34"
}{
    "msg": "Not allowed",
    "timestamp": "2024-03-29 07:37:53"
}{
    "msg": "Not allowed",
    "timestamp": "2024-03-29 07:38:23"
}{
    "msg": "Not allowed",
    "timestamp": "2024-03-29 07:38:37"
}{
    "msg": "Not allowed",
    "timestamp": "2024-03-29 07:38:42"
}{
    "msg": "Not allowed",
    "timestamp": "2024-03-29 07:41:56"
}{
    "msg": "Not allowed",
    "timestamp": "2024-03-29 07:45:23"
}{
    "msg": "Not allowed",
    "timestamp": "2024-03-29 07:48:52"
}{
    "msg": "Not allowed",
    "timestamp": "2024-03-29 07:49:12"
}{
    "msg": "Not allowed",
    "timestamp": "2024-03-29 07:49:22"
}{
    "msg": "Not allowed",
    "timestamp": "2024-03-29 07:54:51"
}{
    "msg": "Not allowed",
    "timestamp": "2024-03-29 07:54:55"
}{
    "msg": "Not allowed",
    "timestamp": "2024-03-29 07:55:07"
}{
    "msg": "Not allowed",
    "timestamp": "2024-03-29 08:01:50"
}{
    "msg": "Not allowed",
    "timestamp": "2024-03-29 08:02:12"
}{
    "msg": "Not allowed",
    "timestamp": "2024-03-29 08:02:19"
}{
    "msg": "Not allowed",
    "timestamp": "2024-03-29 08:02:27"
}{
    "msg": "Not allowed",
    "timestamp": "2024-03-29 08:07:37"
}{
    "msg": "Not allowed",
    "timestamp": "2024-03-29 08:10:31"
}{
    "msg": "Not allowed",
    "timestamp": "2024-03-29 08:10:42"
}{
    "msg": "Not allowed",
    "timestamp": "2024-03-29 08:11:39"
}{
    "msg": "Not allowed",
    "timestamp": "2024-03-29 08:12:05"
}{
    "msg": "Not allowed",
    "timestamp": "2024-03-29 08:12:16"
}{
    "msg": "Not allowed",
    "timestamp": "2024-03-29 08:22:58"
}{
    "msg": "Not allowed",
    "timestamp": "2024-03-29 08:23:31"
}{
    "msg": "Not allowed",
    "timestamp": "2024-03-29 08:35:16"
}{
    "msg": "Not allowed",
    "timestamp": "2024-03-29 08:38:47"
}{
    "msg": "Not allowed",
    "timestamp": "2024-03-29 08:58:18"
}{
    "msg": "Not allowed",
    "timestamp": "2024-03-29 09:08:34"
}{
    "msg": "Not allowed",
    "timestamp": "2024-03-29 09:08:49"
}{
    "msg": "Not allowed",
    "timestamp": "2024-03-29 09:09:02"
}{
    "msg": "Not allowed",
    "timestamp": "2024-03-29 09:09:07"
}{
    "msg": "Not allowed",
    "timestamp": "2024-03-29 09:12:17"
}{
    "msg": "Not allowed",
    "timestamp": "2024-03-29 09:12:28"
}{
    "msg": "Not allowed",
    "timestamp": "2024-03-29 09:15:20"
}{
    "msg": "Not allowed",
    "timestamp": "2024-03-29 09:15:53"
}{
    "msg": "Not allowed",
    "timestamp": "2024-03-29 09:17:14"
}{
    "msg": "Not allowed",
    "timestamp": "2024-03-29 09:21:27"
}{
    "msg": "Not allowed",
    "timestamp": "2024-03-29 09:21:38"
}{
    "msg": "Not allowed",
    "timestamp": "2024-03-29 09:21:41"
}{
    "msg": "Not allowed",
    "timestamp": "2024-03-29 09:34:17"
}{
    "msg": "Not allowed",
    "timestamp": "2024-03-29 09:42:23"
}{
    "msg": "Not allowed",
    "timestamp": "2024-03-29 09:42:42"
}{
    "msg": "Not allowed",
    "timestamp": "2024-03-29 09:43:11"
}{
    "msg": "Not allowed",
    "timestamp": "2024-03-29 09:43:42"
}{
    "msg": "Not allowed",
    "timestamp": "2024-03-29 09:44:00"
}{
    "msg": "Not allowed",
    "timestamp": "2024-03-29 09:45:52"
}{
    "msg": "Not allowed",
    "timestamp": "2024-03-29 09:55:28"
}{
    "msg": "Not allowed",
    "timestamp": "2024-03-29 09:55:43"
}{
    "msg": "Not allowed",
    "timestamp": "2024-03-29 10:04:14"
}{
    "msg": "Not allowed",
    "timestamp": "2024-03-29 10:06:37"
}{
    "msg": "Not allowed",
    "timestamp": "2024-03-29 10:08:42"
}{
    "msg": "Not allowed",
    "timestamp": "2024-03-29 10:12:09"
}{
    "msg": "Not allowed",
    "timestamp": "2024-03-29 10:30:51"
}{
    "msg": "Not allowed",
    "timestamp": "2024-03-29 10:36:33"
}{
    "msg": "Not allowed",
    "timestamp": "2024-03-29 10:39:42"
}{
    "msg": "Not allowed",
    "timestamp": "2024-03-29 10:39:49"
}{
    "msg": "Not allowed",
    "timestamp": "2024-03-29 10:46:55"
}{
    "msg": "Not allowed",
    "timestamp": "2024-03-29 10:47:10"
}{
    "msg": "Not allowed",
    "timestamp": "2024-03-29 10:48:52"
}{
    "msg": "Not allowed",
    "timestamp": "2024-03-29 10:49:00"
}{
    "msg": "Not allowed",
    "timestamp": "2024-03-29 11:05:05"
}{
    "msg": "Not allowed",
    "timestamp": "2024-03-29 11:19:50"
}{
    "msg": "Not allowed",
    "timestamp": "2024-03-29 11:31:59"
}{
    "msg": "Not allowed",
    "timestamp": "2024-03-29 11:39:13"
}{
    "msg": "Not allowed",
    "timestamp": "2024-03-29 11:45:15"
}{
    "msg": "Not allowed",
    "timestamp": "2024-03-29 11:52:14"
}{
    "msg": "Not allowed",
    "timestamp": "2024-03-29 11:52:42"
}{
    "msg": "Not allowed",
    "timestamp": "2024-03-29 12:15:01"
}{
    "msg": "Not allowed",
    "timestamp": "2024-03-29 12:15:11"
}{
    "msg": "Not allowed",
    "timestamp": "2024-03-29 12:15:20"
}{
    "msg": "Not allowed",
    "timestamp": "2024-03-29 12:47:06"
}{
    "msg": "Not allowed",
    "timestamp": "2024-03-29 12:51:52"
}{
    "msg": "Not allowed",
    "timestamp": "2024-03-29 13:07:19"
}{
    "msg": "Not allowed",
    "timestamp": "2024-03-29 14:15:42"
}{
    "msg": "Not allowed",
    "timestamp": "2024-03-29 14:24:33"
}{
    "msg": "Not allowed",
    "timestamp": "2024-03-29 14:33:01"
}{
    "msg": "Not allowed",
    "timestamp": "2024-03-29 14:38:07"
}{
    "msg": "Not allowed",
    "timestamp": "2024-03-29 14:38:42"
}{
    "msg": "Not allowed",
    "timestamp": "2024-03-29 14:39:01"
}{
    "msg": "Not allowed",
    "timestamp": "2024-03-29 14:46:39"
}{
    "msg": "Not allowed",
    "timestamp": "2024-03-29 14:49:01"
}{
    "msg": "Not allowed",
    "timestamp": "2024-03-29 14:56:51"
}{
    "msg": "Not allowed",
    "timestamp": "2024-03-29 14:57:05"
}{
    "msg": "Not allowed",
    "timestamp": "2024-03-29 14:58:25"
}{
    "msg": "Not allowed",
    "timestamp": "2024-03-29 15:06:06"
}{
    "msg": "Not allowed",
    "timestamp": "2024-03-29 15:08:51"
}{
    "msg": "Not allowed",
    "timestamp": "2024-03-29 15:18:10"
}{
    "msg": "Not allowed",
    "timestamp": "2024-03-29 15:41:42"
}{
    "msg": "Not allowed",
    "timestamp": "2024-03-29 15:42:53"
}{
    "msg": "Not allowed",
    "timestamp": "2024-03-29 16:29:31"
}{
    "msg": "Not allowed",
    "timestamp": "2024-03-29 17:40:18"
}{
    "msg": "Not allowed",
    "timestamp": "2024-03-29 17:47:09"
}{
    "msg": "Not allowed",
    "timestamp": "2024-03-29 18:09:19"
}{
    "msg": "Not allowed",
    "timestamp": "2024-03-29 18:11:16"
}{
    "msg": "Not allowed",
    "timestamp": "2024-03-29 18:12:56"
}{
    "msg": "Not allowed",
    "timestamp": "2024-03-29 18:13:17"
}{
    "msg": "Not allowed",
    "timestamp": "2024-03-29 18:46:21"
}{
    "msg": "Not allowed",
    "timestamp": "2024-03-29 18:57:15"
}{
    "msg": "Not allowed",
    "timestamp": "2024-03-29 18:57:27"
}{
    "msg": "Not allowed",
    "timestamp": "2024-03-29 19:07:59"
}{
    "msg": "Not allowed",
    "timestamp": "2024-03-29 19:08:27"
}{
    "msg": "Not allowed",
    "timestamp": "2024-03-29 19:08:44"
}{
    "msg": "Not allowed",
    "timestamp": "2024-03-29 19:09:07"
}{
    "msg": "Not allowed",
    "timestamp": "2024-03-29 19:09:25"
}{
    "msg": "Not allowed",
    "timestamp": "2024-03-29 19:10:26"
}{
    "msg": "Not allowed",
    "timestamp": "2024-03-29 19:10:38"
}{
    "msg": "Not allowed",
    "timestamp": "2024-03-29 19:10:50"
}{
    "msg": "Not allowed",
    "timestamp": "2024-03-29 19:11:02"
}{
    "msg": "Not allowed",
    "timestamp": "2024-03-29 19:15:55"
}{
    "msg": "Not allowed",
    "timestamp": "2024-03-29 19:51:25"
}{
    "msg": "Not allowed",
    "timestamp": "2024-03-29 22:36:54"
}{
    "msg": "Not allowed",
    "timestamp": "2024-03-29 23:21:57"
}{
    "msg": "Not allowed",
    "timestamp": "2024-03-29 23:22:15"
}