{
    "status": 100,
    "message": "No record Found",
    "timestamp": "2024-01-29 11:17:28"
}{
    "status": 100,
    "message": "No record Found",
    "timestamp": "2024-01-29 11:17:41"
}{
    "status": 100,
    "message": "No record Found",
    "timestamp": "2024-01-29 11:17:57"
}{
    "status": 100,
    "data": [
        {
            "mobile": "3215322895",
            "name": "WASEEM  ARSHAD",
            "cnic": "3740188620361",
            "address": null
        }
    ],
    "timestamp": "2024-01-29 11:19:51"
}{
    "status": 100,
    "data": [
        {
            "mobile": "3215322895",
            "name": "WASEEM  ARSHAD",
            "cnic": "3740188620361",
            "address": null
        },
        {
            "mobile": "3215320847",
            "name": "WASEEM ARSHED",
            "cnic": "3740188620361",
            "address": "GOJAR KHAN BABU GULAAB KHAN WARD NUMBER 1 GOJAR KHAN RAWALPINDI"
        }
    ],
    "timestamp": "2024-01-29 11:20:57"
}{
    "status": 100,
    "message": "No record Found",
    "timestamp": "2024-01-29 11:22:24"
}{
    "status": 100,
    "data": [
        {
            "mobile": "3355595399",
            "name": "NAEEM SAJJAD",
            "cnic": "4230188812341",
            "address": "9 KARACHI NAZIMABAD SOUTH BART"
        }
    ],
    "timestamp": "2024-01-29 11:23:18"
}{
    "status": 100,
    "data": [
        {
            "mobile": "3080869722",
            "name": "MUHAMMAD ANEES CHUGHTAI .",
            "cnic": "8220371346747",
            "address": null
        },
        {
            "mobile": "3245332656",
            "name": "MUHAMMAD ANEES CHUGHTAI .",
            "cnic": "8220371346747",
            "address": null
        },
        {
            "mobile": "3402850822",
            "name": null,
            "cnic": "8220371346747",
            "address": null
        },
        {
            "mobile": "3430109775",
            "name": null,
            "cnic": "8220371346747",
            "address": null
        }
    ],
    "timestamp": "2024-01-29 11:28:31"
}{
    "status": 100,
    "data": [
        {
            "mobile": "3004685062",
            "name": "MUHAMMAD HASSAN WAQAR .",
            "cnic": "3450144829287",
            "address": "KOTLI NAWANIAN POST OFFICE REIA KHAS NA AROWAL NAROWAL G.P.O."
        }
    ],
    "timestamp": "2024-01-29 11:28:44"
}{
    "status": 100,
    "data": [
        {
            "mobile": "3004685062",
            "name": "MUHAMMAD HASSAN WAQAR .",
            "cnic": "3450144829287",
            "address": "KOTLI NAWANIAN POST OFFICE REIA KHAS NA AROWAL NAROWAL G.P.O."
        }
    ],
    "timestamp": "2024-01-29 11:28:54"
}{
    "status": 100,
    "data": [
        {
            "mobile": "3004685062",
            "name": "MUHAMMAD HASSAN WAQAR .",
            "cnic": "3450144829287",
            "address": "KOTLI NAWANIAN POST OFFICE REIA KHAS NA AROWAL NAROWAL G.P.O."
        }
    ],
    "timestamp": "2024-01-29 11:28:58"
}{
    "status": 100,
    "data": [
        {
            "mobile": "3047750079",
            "name": "MUNEEB AHMED .",
            "cnic": "3510330189775",
            "address": "village ahmed bhan SAKRAND City SHAHEED BENAZIR ABAD Lahore"
        },
        {
            "mobile": "3064044156",
            "name": "MUNEEB AHMED .",
            "cnic": "3510330189775",
            "address": null
        },
        {
            "mobile": "3200429823",
            "name": "MUNEEB AHMED .",
            "cnic": "3510330189775",
            "address": null
        },
        {
            "mobile": "3094694160",
            "name": "MUNEEB AHMED .",
            "cnic": "3510330189775",
            "address": "village ahmed bhan SAKRAND City SHAHEED BENAZIR ABAD Lahore"
        }
    ],
    "timestamp": "2024-01-29 11:33:19"
}{
    "status": 100,
    "data": [
        {
            "mobile": "3047750079",
            "name": "MUNEEB AHMED .",
            "cnic": "3510330189775",
            "address": "village ahmed bhan SAKRAND City SHAHEED BENAZIR ABAD Lahore"
        },
        {
            "mobile": "3064044156",
            "name": "MUNEEB AHMED .",
            "cnic": "3510330189775",
            "address": null
        },
        {
            "mobile": "3200429823",
            "name": "MUNEEB AHMED .",
            "cnic": "3510330189775",
            "address": null
        },
        {
            "mobile": "3094694160",
            "name": "MUNEEB AHMED .",
            "cnic": "3510330189775",
            "address": "village ahmed bhan SAKRAND City SHAHEED BENAZIR ABAD Lahore"
        }
    ],
    "timestamp": "2024-01-29 11:33:20"
}{
    "status": 100,
    "data": [
        {
            "mobile": "3116528656",
            "name": "kaleem  ullah",
            "cnic": "3240333672691",
            "address": null
        }
    ],
    "timestamp": "2024-01-29 11:33:49"
}{
    "status": 100,
    "data": [
        {
            "mobile": "3004685062",
            "name": "MUHAMMAD HASSAN WAQAR .",
            "cnic": "3450144829287",
            "address": "KOTLI NAWANIAN POST OFFICE REIA KHAS NA AROWAL NAROWAL G.P.O."
        }
    ],
    "timestamp": "2024-01-29 11:41:49"
}{
    "status": 100,
    "data": [
        {
            "mobile": "3004685062",
            "name": "MUHAMMAD HASSAN WAQAR .",
            "cnic": "3450144829287",
            "address": "KOTLI NAWANIAN POST OFFICE REIA KHAS NA AROWAL NAROWAL G.P.O."
        }
    ],
    "timestamp": "2024-01-29 11:41:59"
}{
    "status": 100,
    "data": [
        {
            "mobile": "3004685062",
            "name": "MUHAMMAD HASSAN WAQAR .",
            "cnic": "3450144829287",
            "address": "KOTLI NAWANIAN POST OFFICE REIA KHAS NA AROWAL NAROWAL G.P.O."
        }
    ],
    "timestamp": "2024-01-29 11:46:31"
}{
    "status": 100,
    "message": "No record Found",
    "timestamp": "2024-01-29 11:46:36"
}{
    "status": 100,
    "message": "No record Found",
    "timestamp": "2024-01-29 11:46:37"
}{
    "status": 100,
    "message": "No record Found",
    "timestamp": "2024-01-29 11:46:42"
}{
    "status": 100,
    "message": "No record Found",
    "timestamp": "2024-01-29 11:46:45"
}{
    "status": 100,
    "data": [
        {
            "mobile": "3004685062",
            "name": "MUHAMMAD HASSAN WAQAR .",
            "cnic": "3450144829287",
            "address": "KOTLI NAWANIAN POST OFFICE REIA KHAS NA AROWAL NAROWAL G.P.O."
        }
    ],
    "timestamp": "2024-01-29 11:46:58"
}{
    "status": 100,
    "data": [
        {
            "mobile": "3004685062",
            "name": "MUHAMMAD HASSAN WAQAR .",
            "cnic": "3450144829287",
            "address": "KOTLI NAWANIAN POST OFFICE REIA KHAS NA AROWAL NAROWAL G.P.O."
        }
    ],
    "timestamp": "2024-01-29 11:47:27"
}{
    "status": 100,
    "data": [
        {
            "mobile": "3004685062",
            "name": "MUHAMMAD HASSAN WAQAR .",
            "cnic": "3450144829287",
            "address": "KOTLI NAWANIAN POST OFFICE REIA KHAS NA AROWAL NAROWAL G.P.O."
        }
    ],
    "timestamp": "2024-01-29 11:47:34"
}{
    "status": 100,
    "data": [
        {
            "mobile": "3004685062",
            "name": "MUHAMMAD HASSAN WAQAR .",
            "cnic": "3450144829287",
            "address": "KOTLI NAWANIAN POST OFFICE REIA KHAS NA AROWAL NAROWAL G.P.O."
        }
    ],
    "timestamp": "2024-01-29 11:47:38"
}{
    "status": 100,
    "data": [
        {
            "mobile": "3004685062",
            "name": "MUHAMMAD HASSAN WAQAR .",
            "cnic": "3450144829287",
            "address": "KOTLI NAWANIAN POST OFFICE REIA KHAS NA AROWAL NAROWAL G.P.O."
        }
    ],
    "timestamp": "2024-01-29 11:47:44"
}{
    "status": 100,
    "data": [
        {
            "mobile": "3047750079",
            "name": "MUNEEB AHMED .",
            "cnic": "3510330189775",
            "address": "village ahmed bhan SAKRAND City SHAHEED BENAZIR ABAD Lahore"
        },
        {
            "mobile": "3064044156",
            "name": "MUNEEB AHMED .",
            "cnic": "3510330189775",
            "address": null
        },
        {
            "mobile": "3200429823",
            "name": "MUNEEB AHMED .",
            "cnic": "3510330189775",
            "address": null
        },
        {
            "mobile": "3094694160",
            "name": "MUNEEB AHMED .",
            "cnic": "3510330189775",
            "address": "village ahmed bhan SAKRAND City SHAHEED BENAZIR ABAD Lahore"
        }
    ],
    "timestamp": "2024-01-29 11:51:06"
}{
    "status": 100,
    "data": [
        {
            "mobile": "3004685062",
            "name": "MUHAMMAD HASSAN WAQAR .",
            "cnic": "3450144829287",
            "address": "KOTLI NAWANIAN POST OFFICE REIA KHAS NA AROWAL NAROWAL G.P.O."
        }
    ],
    "timestamp": "2024-01-29 11:51:28"
}{
    "status": 100,
    "data": [
        {
            "mobile": "3046705589",
            "name": "SYED MUJAHID HUSSAIN .",
            "cnic": "3820173852801",
            "address": "JAUHAR ABAD KHUSHAB CHAK NUMBER 51 M B  Khushab"
        },
        {
            "mobile": "3465339956",
            "name": "SYED MUJAHID HUSSAIN",
            "cnic": "3820173852801",
            "address": "JAUHAR ABAD KHUSHAB CHAK NUMBER 51 M B KHUSHAB"
        },
        {
            "mobile": "3090961367",
            "name": "SYED MUJAHID HUSSAIN .",
            "cnic": "3820173852801",
            "address": null
        },
        {
            "mobile": "3045592073",
            "name": "SYED MUJAHID HUSSAIN .",
            "cnic": "3820173852801",
            "address": "JAUHAR ABAD KHUSHAB CHAK NUMBER 51 M B  Khushab"
        }
    ],
    "timestamp": "2024-01-29 11:51:52"
}{
    "status": 100,
    "data": [
        {
            "mobile": "3046705589",
            "name": "SYED MUJAHID HUSSAIN .",
            "cnic": "3820173852801",
            "address": "JAUHAR ABAD KHUSHAB CHAK NUMBER 51 M B  Khushab"
        },
        {
            "mobile": "3465339956",
            "name": "SYED MUJAHID HUSSAIN",
            "cnic": "3820173852801",
            "address": "JAUHAR ABAD KHUSHAB CHAK NUMBER 51 M B KHUSHAB"
        },
        {
            "mobile": "3090961367",
            "name": "SYED MUJAHID HUSSAIN .",
            "cnic": "3820173852801",
            "address": null
        },
        {
            "mobile": "3045592073",
            "name": "SYED MUJAHID HUSSAIN .",
            "cnic": "3820173852801",
            "address": "JAUHAR ABAD KHUSHAB CHAK NUMBER 51 M B  Khushab"
        }
    ],
    "timestamp": "2024-01-29 11:52:12"
}{
    "status": 100,
    "data": [
        {
            "mobile": "3017350509",
            "name": "SHAFQAT ALI",
            "cnic": "3530198570233",
            "address": null
        },
        {
            "mobile": "3017350509",
            "name": "MUHAMMAD SHEHBAZ MUHAMMAD SHEHBAZ",
            "cnic": "3620176437407",
            "address": "KHAS DUNIYAPUR CHAK NUMBER 363 W B  Lodhran"
        }
    ],
    "timestamp": "2024-01-29 12:14:44"
}{
    "status": 100,
    "data": [
        {
            "mobile": "3324145487",
            "name": "MUHAMMAD ABDUL QADOOS BUTT",
            "cnic": "3540153329823",
            "address": null
        },
        {
            "mobile": "3424549700",
            "name": "MUHAMMAD ABDUL QADOOS BUTT",
            "cnic": "3540153329823",
            "address": "HOUSE NUMBER 480 BUTT HAOWS MOHALA ASIF ABAD COLON"
        },
        {
            "mobile": "3438453933",
            "name": "MUHAMMAD ABDUL QADOOS BUTT",
            "cnic": "3540153329823",
            "address": "HOUSE NUMBER 480 BUTT HAOWS MOHALA ASIF ABAD COLON"
        },
        {
            "mobile": "3314817715",
            "name": "MUHAMMAD ABDUL QADOOS BUTT",
            "cnic": "3540153329823",
            "address": ""
        },
        {
            "mobile": "3324143439",
            "name": "MUHAMMAD ABDUL QADOOS BUTT",
            "cnic": "3540153329823",
            "address": null
        }
    ],
    "timestamp": "2024-01-29 12:46:36"
}{
    "status": 100,
    "data": [
        {
            "mobile": "3006962108",
            "name": "NAEEM YOUSAF .",
            "cnic": "3530258198167",
            "address": "AFTAB COLONY DAAK KHANA OKARA CHAK NUMB BER 49\/2 A L TEHSIL \/ DISTRICT OKARA OKARA G.P.O."
        },
        {
            "mobile": "3116036461",
            "name": "naeem  yousaf",
            "cnic": "3530258198167",
            "address": "Post-PAID"
        },
        {
            "mobile": "3046500503",
            "name": "NAEEM YOUSAF .",
            "cnic": "3530258198167",
            "address": "AFTAB COLONY DAAK KHANA OKARA CHAK NUMB BER 49\/2 A L TEHSIL \/ DISTRICT OKARA OKARA G.P.O."
        },
        {
            "mobile": "3091594868",
            "name": "NAEEM YOUSAF .",
            "cnic": "3530258198167",
            "address": null
        },
        {
            "mobile": "3166146821",
            "name": "naeem  yousaf",
            "cnic": "3530258198167",
            "address": null
        },
        {
            "mobile": "3177062028",
            "name": "naeem  yousaf",
            "cnic": "3530258198167",
            "address": "Post-PAID"
        },
        {
            "mobile": "3063914949",
            "name": "NAEEM YOUSAF .",
            "cnic": "3530258198167",
            "address": "AFTAB COLONY DAAK KHANA OKARA CHAK NUMB BER 49\/2 A L TEHSIL \/ DISTRICT OKARA OKARA G.P.O."
        }
    ],
    "timestamp": "2024-01-29 12:52:12"
}{
    "status": 100,
    "data": [
        {
            "mobile": "3004630066",
            "name": "RANA IFTIKHAR AHMED .",
            "cnic": "3520225686179",
            "address": null
        },
        {
            "mobile": "3004630066",
            "name": "M AFZAL",
            "cnic": "3520250454743",
            "address": "SHADBAGH  Lahore"
        }
    ],
    "timestamp": "2024-01-29 12:56:51"
}{
    "status": 100,
    "data": [
        {
            "mobile": "3302854856",
            "name": "malik muhammad waqas",
            "cnic": "4220180649015",
            "address": "House No E-2 halt KARACHI EAST"
        },
        {
            "mobile": "3202963233",
            "name": "MALIK MUHAMMAD WAQAS .",
            "cnic": "4220180649015",
            "address": null
        }
    ],
    "timestamp": "2024-01-29 13:36:16"
}{
    "status": 100,
    "data": [
        {
            "mobile": "3458070678",
            "name": "DATA NOT RECIEVED FROM NADRA",
            "cnic": "4220154220899",
            "address": null
        },
        {
            "mobile": "3112620444",
            "name": "DATA NOT RECIEVED FROM NADRA",
            "cnic": "4220154220899",
            "address": null
        },
        {
            "mobile": "3040746785",
            "name": "TANVEER AHMAD .",
            "cnic": "4220154220899",
            "address": null
        },
        {
            "mobile": "3102061824",
            "name": "DATA NOT RECIEVED FROM NADRA",
            "cnic": "4220154220899",
            "address": null
        },
        {
            "mobile": "3040744737",
            "name": "TANVEER AHMAD .",
            "cnic": "4220154220899",
            "address": "MOHALA KHAN PUR BAHAWALPUR  BAHAWALPUR G.P.O."
        }
    ],
    "timestamp": "2024-01-29 13:36:58"
}{
    "status": 100,
    "data": [
        {
            "mobile": "3413265149",
            "name": null,
            "cnic": "4230186070609",
            "address": null
        }
    ],
    "timestamp": "2024-01-29 13:38:47"
}{
    "status": 100,
    "data": [
        {
            "mobile": "3116528656",
            "name": "kaleem  ullah",
            "cnic": "3240333672691",
            "address": null
        }
    ],
    "timestamp": "2024-01-29 14:10:33"
}{
    "status": 100,
    "message": "No record Found",
    "timestamp": "2024-01-29 14:17:35"
}{
    "status": 100,
    "message": "No record Found",
    "timestamp": "2024-01-29 14:17:48"
}{
    "status": 100,
    "data": [
        {
            "mobile": "3005209183",
            "name": "WASIF ALI .",
            "cnic": "6110181943451",
            "address": "village ahmed bhan SAKRAND City SHAHEED BENAZIR ABAD Lahore"
        }
    ],
    "timestamp": "2024-01-29 14:18:00"
}{
    "status": 100,
    "data": [
        {
            "mobile": "3463530587",
            "name": "NADEEM SAJJAD",
            "cnic": "3340303770297",
            "address": "DOGHARHA BHAWANA CHAK NUMBER 240 J B CHINIOT"
        }
    ],
    "timestamp": "2024-01-29 14:18:27"
}{
    "status": 100,
    "data": [
        {
            "mobile": "3017135557",
            "name": "HUSNAIN RAZA KHAN .",
            "cnic": "3810476607027",
            "address": null
        },
        {
            "mobile": "3337700912",
            "name": "hussnain raza khan",
            "cnic": "3810476607027",
            "address": "City CHAK NO 211\/T.D.A. Tehsil"
        },
        {
            "mobile": "3166775797",
            "name": "hussnain raza khan",
            "cnic": "3810476607027",
            "address": null
        },
        {
            "mobile": "3019619546",
            "name": "HUSNAIN RAZA KHAN .",
            "cnic": "3810476607027",
            "address": null
        },
        {
            "mobile": "3487700912",
            "name": "HUSNAIN RAZA KHAN",
            "cnic": "3810476607027",
            "address": "DAAK KHANA CHAK NUMBER 67 M L CHAK NUMBER 211 T D"
        },
        {
            "mobile": "3472347173",
            "name": "HUSNAIN RAZA KHAN",
            "cnic": "3810476607027",
            "address": "DAAK KHANA CHAK NUMBER 67 M L CHAK NUMBER 211 T D"
        },
        {
            "mobile": "3481685174",
            "name": "HUSNAIN RAZA KHAN",
            "cnic": "3810476607027",
            "address": "DAAK KHANA CHAK NUMBER 67 M L CHAK NUMBER 211 T D"
        },
        {
            "mobile": "3161659205",
            "name": "hussnain raza khan",
            "cnic": "3810476607027",
            "address": null
        },
        {
            "mobile": "3023273061",
            "name": "HUSNAIN RAZA KHAN .",
            "cnic": "3810476607027",
            "address": "DAAK KHANA CHAK NUMBER 67 M L CHAK NUMBER 211 T D A TEHSIL MANKIRAH DISTRICT BHAKKAR  BHAKKAR"
        }
    ],
    "timestamp": "2024-01-29 14:18:50"
}{
    "status": 100,
    "message": "No record Found",
    "timestamp": "2024-01-29 14:20:15"
}{
    "status": 100,
    "message": "No record Found",
    "timestamp": "2024-01-29 14:27:58"
}{
    "status": 100,
    "data": [
        {
            "mobile": "3045700604",
            "name": "HAROON",
            "cnic": "3540471975885",
            "address": "MOHALLAH JHUGIAN,-,MACHINE WALIAN, SARGODHA ROAD,SHEIKHUPURA G.P.O,Pakistan"
        }
    ],
    "timestamp": "2024-01-29 14:29:49"
}{
    "status": 100,
    "message": "No record Found",
    "timestamp": "2024-01-29 14:29:59"
}{
    "status": 100,
    "message": "No record Found",
    "timestamp": "2024-01-29 14:35:34"
}{
    "status": 100,
    "data": [
        {
            "mobile": "3485696852",
            "name": "SHAZIA PARVEEN",
            "cnic": "3310223213596",
            "address": "HOUSE NUMBER 2138-D SHAHI CHOWK MOHALA GHULAM MUHA"
        }
    ],
    "timestamp": "2024-01-29 14:47:22"
}{
    "status": 100,
    "data": [
        {
            "mobile": "3036162037",
            "name": "MUHAMMAD ZAFAR",
            "cnic": "3130201970269",
            "address": "KHANBILA LIAQUAT PUR KOTLA MUBARIK RAHIM YAAR KHAN Rahim Yar Khan"
        },
        {
            "mobile": "3036162037",
            "name": "ESSA .",
            "cnic": "3210397572697",
            "address": "DAAK KHANA SOKAR CHAT PANI TEHSIL TONSA A DISTRICT DERA GHAZI KHAN DERA GHAZI KHAN G.P.O."
        }
    ],
    "timestamp": "2024-01-29 14:48:05"
}{
    "status": 100,
    "data": [
        {
            "mobile": "3247526334",
            "name": "AZRA NAHEED",
            "cnic": "3310044463770",
            "address": null
        }
    ],
    "timestamp": "2024-01-29 14:48:20"
}{
    "status": 100,
    "message": "No record Found",
    "timestamp": "2024-01-29 14:48:33"
}{
    "status": 100,
    "data": [
        {
            "mobile": "3247896325",
            "name": "ASIFA ALI HAIDER .",
            "cnic": "3520166807712",
            "address": null
        }
    ],
    "timestamp": "2024-01-29 14:48:52"
}{
    "status": 100,
    "data": [
        {
            "mobile": "3247026497",
            "name": "ALI AKHTAR",
            "cnic": "3240429776625",
            "address": "DAAK KHANA KHAS UMER KOT TEHSIL ROJHAAN DISTRICT RAJAN PUR"
        }
    ],
    "timestamp": "2024-01-29 14:49:02"
}{
    "status": 100,
    "data": [
        {
            "mobile": "3244425369",
            "name": "TANVEER .",
            "cnic": "3550104291531",
            "address": null
        }
    ],
    "timestamp": "2024-01-29 14:49:17"
}{
    "status": 100,
    "data": [
        {
            "mobile": "3248866443",
            "name": "ASGHAR ALI .",
            "cnic": "5340537501133",
            "address": null
        }
    ],
    "timestamp": "2024-01-29 14:49:29"
}{
    "status": 100,
    "data": [
        {
            "mobile": "3247845123",
            "name": "MARIA BIBI .",
            "cnic": "3120272773746",
            "address": null
        }
    ],
    "timestamp": "2024-01-29 14:49:46"
}{
    "status": 100,
    "data": [
        {
            "mobile": "3247026498",
            "name": "ALLAH BAKHASH .",
            "cnic": "3240471469657",
            "address": null
        }
    ],
    "timestamp": "2024-01-29 14:50:05"
}{
    "status": 100,
    "data": [
        {
            "mobile": "3247025497",
            "name": "SHAKEELAN",
            "cnic": "3640221840872",
            "address": "KARKHANA HAJI KHURSHID ROAD MOHALA KACHI ABAD YE PAK PATTAN SHARIF"
        }
    ],
    "timestamp": "2024-01-29 14:50:20"
}{
    "status": 100,
    "data": [
        {
            "mobile": "3046215872",
            "name": "SHAHID REHMAT",
            "cnic": "3460108385679",
            "address": "TARKHANAN WALA KHAS ADHA DASKAH  SIALKOT"
        }
    ],
    "timestamp": "2024-01-29 14:54:01"
}{
    "status": 100,
    "data": [
        {
            "mobile": "3487111618",
            "name": "GHUMAN GHUMAN",
            "cnic": "5510394622247",
            "address": "LABOUR QUARTER SUI SUI SUI DERA BUGTI DERA BUGTI"
        }
    ],
    "timestamp": "2024-01-29 14:58:14"
}{
    "status": 100,
    "data": [
        {
            "mobile": "3363450886",
            "name": "GHUMAN",
            "cnic": "5510394622247",
            "address": "HOUSE NUMBER C-5 GALI \/ MOHALA"
        },
        {
            "mobile": "3017632299",
            "name": "GHUMAN",
            "cnic": "5510394622247",
            "address": "A C-5 DERA BGTEELEEBR QUARTER SUI DERA BUGTI DERAH BUGTI Dera Bugti"
        },
        {
            "mobile": "0835421203",
            "name": "GHUMAN",
            "cnic": "5510394622247",
            "address": null
        },
        {
            "mobile": "3487111618",
            "name": "GHUMAN GHUMAN",
            "cnic": "5510394622247",
            "address": "LABOUR QUARTER SUI SUI SUI DERA BUGTI DERA BUGTI"
        },
        {
            "mobile": "3412987011",
            "name": "GHUMAN GHUMAN",
            "cnic": "5510394622247",
            "address": "LABOUR QUARTER SUI SUI SUI DERA BUGTI DERA BUGTI"
        }
    ],
    "timestamp": "2024-01-29 14:58:30"
}{
    "status": 100,
    "data": [
        {
            "mobile": "3363450886",
            "name": "GHUMAN",
            "cnic": "5510394622247",
            "address": "HOUSE NUMBER C-5 GALI \/ MOHALA"
        },
        {
            "mobile": "3017632299",
            "name": "GHUMAN",
            "cnic": "5510394622247",
            "address": "A C-5 DERA BGTEELEEBR QUARTER SUI DERA BUGTI DERAH BUGTI Dera Bugti"
        },
        {
            "mobile": "0835421203",
            "name": "GHUMAN",
            "cnic": "5510394622247",
            "address": null
        },
        {
            "mobile": "3487111618",
            "name": "GHUMAN GHUMAN",
            "cnic": "5510394622247",
            "address": "LABOUR QUARTER SUI SUI SUI DERA BUGTI DERA BUGTI"
        },
        {
            "mobile": "3412987011",
            "name": "GHUMAN GHUMAN",
            "cnic": "5510394622247",
            "address": "LABOUR QUARTER SUI SUI SUI DERA BUGTI DERA BUGTI"
        }
    ],
    "timestamp": "2024-01-29 14:58:46"
}{
    "status": 100,
    "message": "No record Found",
    "timestamp": "2024-01-29 15:02:59"
}{
    "status": 100,
    "data": [
        {
            "mobile": "3126444319",
            "name": "DATA NOT RECIEVED FROM NADRA",
            "cnic": "5510367207823",
            "address": null
        },
        {
            "mobile": "3350397699",
            "name": "NASEEB ALLAH",
            "cnic": "5510367207823",
            "address": "HOUSE NUMBER C-5 LABER QUARTER"
        },
        {
            "mobile": "3228705487",
            "name": "NASEEB ULLAH .",
            "cnic": "5510367207823",
            "address": null
        },
        {
            "mobile": "3314651962",
            "name": "NASEEB ALLAH",
            "cnic": "5510367207823",
            "address": "HOUSE NUMBER C-5 LABER QUARTER"
        },
        {
            "mobile": "3368536562",
            "name": "NASEEB ALLAH",
            "cnic": "5510367207823",
            "address": "HOUSE NUMBER C-5 LABER QUARTER"
        }
    ],
    "timestamp": "2024-01-29 15:05:46"
}{
    "status": 100,
    "message": "No record Found",
    "timestamp": "2024-01-29 15:08:48"
}{
    "status": 100,
    "message": "No record Found",
    "timestamp": "2024-01-29 15:09:15"
}{
    "status": 100,
    "message": "No record Found",
    "timestamp": "2024-01-29 15:09:35"
}{
    "status": 100,
    "data": [
        {
            "mobile": "3116528656",
            "name": "kaleem  ullah",
            "cnic": "3240333672691",
            "address": null
        }
    ],
    "timestamp": "2024-01-29 15:09:52"
}{
    "status": 100,
    "message": "No record Found",
    "timestamp": "2024-01-29 15:10:22"
}{
    "status": 100,
    "data": [
        {
            "mobile": "3353321345",
            "name": "ABDUL LATIF",
            "cnic": "4420510649923",
            "address": ""
        }
    ],
    "timestamp": "2024-01-29 15:42:55"
}{
    "status": 100,
    "data": [
        {
            "mobile": "3176989022",
            "name": "hassan  karim",
            "cnic": "1430158618939",
            "address": null
        },
        {
            "mobile": "3099744383",
            "name": "HASSAN KARIM .",
            "cnic": "1430158618939",
            "address": "HOUSE NUMBER 323 STREET NUMBER 09 KAY D D A SECTOR 04 KOHAT PAKISTAN"
        },
        {
            "mobile": "3490305807",
            "name": "HASSAN KARIM",
            "cnic": "1430158618939",
            "address": "HOUSE NUMBER 323 STREET NUMBER 09 KAY D A SECTOR 0"
        },
        {
            "mobile": "3178826271",
            "name": "hassan  karim",
            "cnic": "1430158618939",
            "address": null
        }
    ],
    "timestamp": "2024-01-29 16:28:19"
}{
    "status": 100,
    "data": [
        {
            "mobile": "3145457396",
            "name": "DATA NOT RECIEVED FROM NADRA",
            "cnic": "3730122162110",
            "address": null
        },
        {
            "mobile": "3145457396",
            "name": "muhammad  arslan",
            "cnic": "3740137885527",
            "address": null
        }
    ],
    "timestamp": "2024-01-29 16:30:26"
}{
    "status": 100,
    "data": [
        {
            "mobile": "3176989022",
            "name": "hassan  karim",
            "cnic": "1430158618939",
            "address": null
        },
        {
            "mobile": "3099744383",
            "name": "HASSAN KARIM .",
            "cnic": "1430158618939",
            "address": "HOUSE NUMBER 323 STREET NUMBER 09 KAY D D A SECTOR 04 KOHAT PAKISTAN"
        },
        {
            "mobile": "3490305807",
            "name": "HASSAN KARIM",
            "cnic": "1430158618939",
            "address": "HOUSE NUMBER 323 STREET NUMBER 09 KAY D A SECTOR 0"
        },
        {
            "mobile": "3178826271",
            "name": "hassan  karim",
            "cnic": "1430158618939",
            "address": null
        }
    ],
    "timestamp": "2024-01-29 16:30:27"
}{
    "status": 100,
    "data": [
        {
            "mobile": "3336986382",
            "name": "WAHEED ASLAM",
            "cnic": "3720116246411",
            "address": "GALI \/ MOHALA GULSHER YA KHAIR"
        },
        {
            "mobile": "3477139939",
            "name": "WAHEED ASLAM",
            "cnic": "3720116246411",
            "address": "NAWEED ASLAM"
        },
        {
            "mobile": "3070709244",
            "name": "WAHEED ASLAM .",
            "cnic": "3720116246411",
            "address": null
        },
        {
            "mobile": "3429690368",
            "name": null,
            "cnic": "3720116246411",
            "address": null
        },
        {
            "mobile": "3070707196",
            "name": "WAHEED ASLAM .",
            "cnic": "3720116246411",
            "address": "STREET \/ MOHALA GULSHER YA KHAIR PUR TE EHSIL \/ DISTRICT CHAKWAL CHAKWAL G.P.O."
        }
    ],
    "timestamp": "2024-01-29 17:22:03"
}{
    "status": 100,
    "message": "No record Found",
    "timestamp": "2024-01-29 17:23:15"
}{
    "status": 100,
    "message": "No record Found",
    "timestamp": "2024-01-29 17:24:21"
}{
    "status": 100,
    "message": "No record Found",
    "timestamp": "2024-01-29 17:24:44"
}{
    "status": 100,
    "data": [
        {
            "mobile": "3335247624",
            "name": "muhammad ibrahim",
            "cnic": "3540171682801",
            "address": "City NAZAR LABANA Tehsil SHARA"
        },
        {
            "mobile": "3335247624",
            "name": "ABDUL WAHEED .",
            "cnic": "3740562134287",
            "address": null
        }
    ],
    "timestamp": "2024-01-29 17:25:19"
}{
    "status": 100,
    "data": [
        {
            "mobile": "3019208793",
            "name": "HAIDER ALI .",
            "cnic": "3630203966889",
            "address": null
        },
        {
            "mobile": "3057302785",
            "name": "HAIDER ALI .",
            "cnic": "3630203966889",
            "address": null
        }
    ],
    "timestamp": "2024-01-29 18:43:49"
}{
    "status": 100,
    "data": [
        {
            "mobile": "3484951233",
            "name": "MUHAMMAD ASHRAF",
            "cnic": "3730248185949",
            "address": "AQAB SHALIMAR HOTEL MOHALA BALOCHAN WALA PIND DADA"
        }
    ],
    "timestamp": "2024-01-29 19:30:53"
}