{
    "msg": "Not allowed",
    "timestamp": "2024-03-30 00:13:36"
}{
    "msg": "Not allowed",
    "timestamp": "2024-03-30 00:41:02"
}{
    "msg": "Not allowed",
    "timestamp": "2024-03-30 00:41:12"
}{
    "msg": "Not allowed",
    "timestamp": "2024-03-30 00:59:56"
}{
    "msg": "Not allowed",
    "timestamp": "2024-03-30 01:00:14"
}{
    "msg": "Not allowed",
    "timestamp": "2024-03-30 03:01:36"
}{
    "msg": "Not allowed",
    "timestamp": "2024-03-30 03:29:12"
}{
    "msg": "Not allowed",
    "timestamp": "2024-03-30 03:29:23"
}{
    "msg": "Not allowed",
    "timestamp": "2024-03-30 03:53:10"
}{
    "msg": "Not allowed",
    "timestamp": "2024-03-30 04:06:24"
}{
    "msg": "Not allowed",
    "timestamp": "2024-03-30 04:08:35"
}{
    "msg": "Not allowed",
    "timestamp": "2024-03-30 04:20:41"
}{
    "msg": "Not allowed",
    "timestamp": "2024-03-30 04:48:13"
}{
    "msg": "Not allowed",
    "timestamp": "2024-03-30 04:50:31"
}{
    "msg": "Not allowed",
    "timestamp": "2024-03-30 05:37:40"
}{
    "msg": "Not allowed",
    "timestamp": "2024-03-30 05:43:24"
}{
    "msg": "Not allowed",
    "timestamp": "2024-03-30 05:59:03"
}{
    "msg": "Not allowed",
    "timestamp": "2024-03-30 06:01:33"
}{
    "msg": "Not allowed",
    "timestamp": "2024-03-30 06:18:18"
}{
    "msg": "Not allowed",
    "timestamp": "2024-03-30 06:20:18"
}{
    "msg": "Not allowed",
    "timestamp": "2024-03-30 06:20:30"
}{
    "msg": "Not allowed",
    "timestamp": "2024-03-30 06:27:12"
}{
    "msg": "Not allowed",
    "timestamp": "2024-03-30 06:37:34"
}{
    "msg": "Not allowed",
    "timestamp": "2024-03-30 06:46:36"
}{
    "msg": "Not allowed",
    "timestamp": "2024-03-30 06:46:50"
}{
    "msg": "Not allowed",
    "timestamp": "2024-03-30 06:47:47"
}{
    "msg": "Not allowed",
    "timestamp": "2024-03-30 06:47:59"
}{
    "msg": "Not allowed",
    "timestamp": "2024-03-30 06:48:30"
}{
    "msg": "Not allowed",
    "timestamp": "2024-03-30 06:48:36"
}{
    "msg": "Not allowed",
    "timestamp": "2024-03-30 06:57:06"
}{
    "msg": "Not allowed",
    "timestamp": "2024-03-30 06:59:08"
}{
    "msg": "Not allowed",
    "timestamp": "2024-03-30 07:03:02"
}{
    "msg": "Not allowed",
    "timestamp": "2024-03-30 07:10:10"
}{
    "msg": "Not allowed",
    "timestamp": "2024-03-30 08:42:40"
}{
    "msg": "Not allowed",
    "timestamp": "2024-03-30 08:42:50"
}{
    "msg": "Not allowed",
    "timestamp": "2024-03-30 08:43:01"
}{
    "msg": "Not allowed",
    "timestamp": "2024-03-30 08:43:48"
}{
    "msg": "Not allowed",
    "timestamp": "2024-03-30 08:44:39"
}{
    "msg": "Not allowed",
    "timestamp": "2024-03-30 09:16:15"
}{
    "msg": "Not allowed",
    "timestamp": "2024-03-30 10:37:38"
}{
    "msg": "Not allowed",
    "timestamp": "2024-03-30 10:38:32"
}{
    "msg": "Not allowed",
    "timestamp": "2024-03-30 10:54:31"
}{
    "msg": "Not allowed",
    "timestamp": "2024-03-30 10:55:59"
}{
    "msg": "Not allowed",
    "timestamp": "2024-03-30 10:56:36"
}{
    "msg": "Not allowed",
    "timestamp": "2024-03-30 10:58:43"
}{
    "msg": "Not allowed",
    "timestamp": "2024-03-30 10:59:42"
}{
    "msg": "Not allowed",
    "timestamp": "2024-03-30 11:01:53"
}{
    "msg": "Not allowed",
    "timestamp": "2024-03-30 11:05:36"
}{
    "msg": "Not allowed",
    "timestamp": "2024-03-30 11:05:54"
}{
    "msg": "Not allowed",
    "timestamp": "2024-03-30 11:08:45"
}{
    "msg": "Not allowed",
    "timestamp": "2024-03-30 11:12:52"
}{
    "msg": "Not allowed",
    "timestamp": "2024-03-30 11:16:23"
}{
    "msg": "Not allowed",
    "timestamp": "2024-03-30 11:27:16"
}{
    "msg": "Not allowed",
    "timestamp": "2024-03-30 11:27:48"
}{
    "msg": "Not allowed",
    "timestamp": "2024-03-30 11:49:53"
}{
    "msg": "Not allowed",
    "timestamp": "2024-03-30 12:21:24"
}{
    "msg": "Not allowed",
    "timestamp": "2024-03-30 12:38:47"
}{
    "msg": "Not allowed",
    "timestamp": "2024-03-30 13:05:11"
}{
    "msg": "Not allowed",
    "timestamp": "2024-03-30 13:06:15"
}{
    "msg": "Not allowed",
    "timestamp": "2024-03-30 13:06:41"
}{
    "msg": "Not allowed",
    "timestamp": "2024-03-30 13:12:20"
}{
    "msg": "Not allowed",
    "timestamp": "2024-03-30 13:14:29"
}{
    "msg": "Not allowed",
    "timestamp": "2024-03-30 14:03:16"
}{
    "msg": "Not allowed",
    "timestamp": "2024-03-30 14:55:28"
}{
    "msg": "Not allowed",
    "timestamp": "2024-03-30 14:55:35"
}{
    "msg": "Not allowed",
    "timestamp": "2024-03-30 15:08:03"
}{
    "msg": "Not allowed",
    "timestamp": "2024-03-30 15:10:12"
}{
    "msg": "Not allowed",
    "timestamp": "2024-03-30 15:22:50"
}{
    "msg": "Not allowed",
    "timestamp": "2024-03-30 15:27:50"
}{
    "msg": "Not allowed",
    "timestamp": "2024-03-30 17:09:08"
}{
    "msg": "Not allowed",
    "timestamp": "2024-03-30 17:12:03"
}{
    "msg": "Not allowed",
    "timestamp": "2024-03-30 18:20:01"
}{
    "msg": "Not allowed",
    "timestamp": "2024-03-30 20:10:01"
}{
    "msg": "Not allowed",
    "timestamp": "2024-03-30 20:10:11"
}{
    "msg": "Not allowed",
    "timestamp": "2024-03-30 20:10:15"
}{
    "msg": "Not allowed",
    "timestamp": "2024-03-30 20:10:30"
}{
    "msg": "Not allowed",
    "timestamp": "2024-03-30 21:56:22"
}{
    "msg": "Not allowed",
    "timestamp": "2024-03-30 21:56:40"
}{
    "msg": "Not allowed",
    "timestamp": "2024-03-30 21:57:05"
}{
    "msg": "Not allowed",
    "timestamp": "2024-03-30 23:47:39"
}{
    "msg": "Not allowed",
    "timestamp": "2024-03-30 23:47:49"
}{
    "msg": "Not allowed",
    "timestamp": "2024-03-30 23:47:50"
}{
    "msg": "Not allowed",
    "timestamp": "2024-03-30 23:48:01"
}{
    "msg": "Not allowed",
    "timestamp": "2024-03-30 23:56:37"
}