{
    "status": 100,
    "data": [
        {
            "mobile": "3342151178",
            "name": "MASMAAT IQBAL",
            "cnic": "4330422700686",
            "address": "SHIKARPUR HAJI LATIF SHAH SUND"
        }
    ],
    "timestamp": "2024-01-30 01:46:06"
}{
    "status": 100,
    "data": [
        {
            "mobile": "3095540129",
            "name": "MUHAMMAD IQBAL",
            "cnic": "3510230534235",
            "address": "KHADIYAAN KHAS KASUR JATYAN KA SUR Lahore"
        }
    ],
    "timestamp": "2024-01-30 02:52:44"
}{
    "status": 100,
    "data": [
        {
            "mobile": "3077079105",
            "name": "MUHAMMAD IQBAL",
            "cnic": "3510230534235",
            "address": "KHADIYAAN KHAS KASUR JATYAN KA SUR Lahore"
        },
        {
            "mobile": "3095540129",
            "name": "MUHAMMAD IQBAL",
            "cnic": "3510230534235",
            "address": "KHADIYAAN KHAS KASUR JATYAN KA SUR Lahore"
        }
    ],
    "timestamp": "2024-01-30 02:53:00"
}{
    "status": 100,
    "data": [
        {
            "mobile": "3036162037",
            "name": "MUHAMMAD ZAFAR",
            "cnic": "3130201970269",
            "address": "KHANBILA LIAQUAT PUR KOTLA MUBARIK RAHIM YAAR KHAN Rahim Yar Khan"
        },
        {
            "mobile": "3036162037",
            "name": "ESSA .",
            "cnic": "3210397572697",
            "address": "DAAK KHANA SOKAR CHAT PANI TEHSIL TONSA A DISTRICT DERA GHAZI KHAN DERA GHAZI KHAN G.P.O."
        }
    ],
    "timestamp": "2024-01-30 02:53:14"
}{
    "status": 100,
    "data": [
        {
            "mobile": "3024052701",
            "name": "MUHAMMAD ZAFAR",
            "cnic": "3130201970269",
            "address": "KHANBILA LIAQUAT PUR KOTLA MUBARIK RAHIM YAAR KHAN Rahim Yar Khan"
        },
        {
            "mobile": "3029269975",
            "name": "MUHAMMAD ZAFAR",
            "cnic": "3130201970269",
            "address": null
        },
        {
            "mobile": "3036162037",
            "name": "MUHAMMAD ZAFAR",
            "cnic": "3130201970269",
            "address": "KHANBILA LIAQUAT PUR KOTLA MUBARIK RAHIM YAAR KHAN Rahim Yar Khan"
        },
        {
            "mobile": "3087170580",
            "name": "MUHAMMAD ZAFAR",
            "cnic": "3130201970269",
            "address": null
        },
        {
            "mobile": "3231377168",
            "name": "MUHAMMAD ZAFAR",
            "cnic": "3130201970269",
            "address": null
        },
        {
            "mobile": "3029267927",
            "name": "MUHAMMAD ZAFAR",
            "cnic": "3130201970269",
            "address": "KHANBILA LIAQUAT PUR KOTLA MUBARIK RAHIM YAAR KHAN Rahim Yar Khan"
        },
        {
            "mobile": "3087168532",
            "name": "MUHAMMAD ZAFAR",
            "cnic": "3130201970269",
            "address": "KHANBILA LIAQUAT PUR KOTLA MUBARIK RAHIM YAAR KHAN Rahim Yar Khan"
        },
        {
            "mobile": "3036159989",
            "name": "MUHAMMAD ZAFAR",
            "cnic": "3130201970269",
            "address": "KHANBILA LIAQUAT PUR KOTLA MUBARIK RAHIM YAAR KHAN Rahim Yar Khan"
        }
    ],
    "timestamp": "2024-01-30 02:53:27"
}{
    "status": 100,
    "message": "No record Found",
    "timestamp": "2024-01-30 02:53:48"
}{
    "status": 100,
    "data": [
        {
            "mobile": "3178456325",
            "name": "haider",
            "cnic": "5420155719915",
            "address": null
        },
        {
            "mobile": "3178456325",
            "name": "hasianullah  cust",
            "cnic": "5540147586291",
            "address": null
        }
    ],
    "timestamp": "2024-01-30 02:54:04"
}{
    "status": 100,
    "data": [
        {
            "mobile": "3139377314",
            "name": "haider",
            "cnic": "5420155719915",
            "address": null
        },
        {
            "mobile": "3178456325",
            "name": "haider",
            "cnic": "5420155719915",
            "address": null
        },
        {
            "mobile": "3098190469",
            "name": "HAIDER .",
            "cnic": "5420155719915",
            "address": null
        },
        {
            "mobile": "3443464724",
            "name": null,
            "cnic": "5420155719915",
            "address": null
        },
        {
            "mobile": "3178454277",
            "name": "haider",
            "cnic": "5420155719915",
            "address": null
        }
    ],
    "timestamp": "2024-01-30 02:54:21"
}{
    "status": 100,
    "data": [
        {
            "mobile": "3178456325",
            "name": "haider",
            "cnic": "5420155719915",
            "address": null
        },
        {
            "mobile": "3178456325",
            "name": "hasianullah  cust",
            "cnic": "5540147586291",
            "address": null
        }
    ],
    "timestamp": "2024-01-30 02:55:32"
}{
    "status": 100,
    "data": [
        {
            "mobile": "3139377314",
            "name": "haider",
            "cnic": "5420155719915",
            "address": null
        },
        {
            "mobile": "3178456325",
            "name": "haider",
            "cnic": "5420155719915",
            "address": null
        },
        {
            "mobile": "3098190469",
            "name": "HAIDER .",
            "cnic": "5420155719915",
            "address": null
        },
        {
            "mobile": "3443464724",
            "name": null,
            "cnic": "5420155719915",
            "address": null
        },
        {
            "mobile": "3178454277",
            "name": "haider",
            "cnic": "5420155719915",
            "address": null
        }
    ],
    "timestamp": "2024-01-30 02:55:42"
}{
    "status": 100,
    "data": [
        {
            "mobile": "3036162037",
            "name": "MUHAMMAD ZAFAR",
            "cnic": "3130201970269",
            "address": "KHANBILA LIAQUAT PUR KOTLA MUBARIK RAHIM YAAR KHAN Rahim Yar Khan"
        },
        {
            "mobile": "3036162037",
            "name": "ESSA .",
            "cnic": "3210397572697",
            "address": "DAAK KHANA SOKAR CHAT PANI TEHSIL TONSA A DISTRICT DERA GHAZI KHAN DERA GHAZI KHAN G.P.O."
        }
    ],
    "timestamp": "2024-01-30 02:56:01"
}{
    "status": 100,
    "data": [
        {
            "mobile": "3036164085",
            "name": "ESSA .",
            "cnic": "3210397572697",
            "address": "DAAK KHANA SOKAR CHAT PANI TEHSIL TONSA A DISTRICT DERA GHAZI KHAN DERA GHAZI KHAN G.P.O."
        },
        {
            "mobile": "3474687733",
            "name": "ESSA ESSA",
            "cnic": "3210397572697",
            "address": "SOKAR TONSA CHTPANI DERA GHAZI KHAN"
        },
        {
            "mobile": "3446164085",
            "name": "ESSA ESSA",
            "cnic": "3210397572697",
            "address": "SOKAR TONSA CHTPANI DERA GHAZI KHAN"
        },
        {
            "mobile": "3036162037",
            "name": "ESSA .",
            "cnic": "3210397572697",
            "address": "DAAK KHANA SOKAR CHAT PANI TEHSIL TONSA A DISTRICT DERA GHAZI KHAN DERA GHAZI KHAN G.P.O."
        }
    ],
    "timestamp": "2024-01-30 02:56:13"
}{
    "status": 100,
    "message": "No record Found",
    "timestamp": "2024-01-30 02:56:32"
}{
    "status": 100,
    "message": "No record Found",
    "timestamp": "2024-01-30 02:56:43"
}{
    "status": 100,
    "data": [
        {
            "mobile": "3336218574",
            "name": "MOHAMMAD HAFEEZ",
            "cnic": "3240421256443",
            "address": "MOZA   QADRAN  DAKHANA"
        },
        {
            "mobile": "3336218574",
            "name": "ASIM  RASHEED",
            "cnic": "3610218709459",
            "address": "KHAS KABEER WALA CHAK NUMBER 1"
        }
    ],
    "timestamp": "2024-01-30 02:57:10"
}{
    "status": 100,
    "data": [
        {
            "mobile": "3336218574",
            "name": "MOHAMMAD HAFEEZ",
            "cnic": "3240421256443",
            "address": "MOZA   QADRAN  DAKHANA"
        },
        {
            "mobile": "3336218574",
            "name": "ASIM  RASHEED",
            "cnic": "3610218709459",
            "address": "KHAS KABEER WALA CHAK NUMBER 1"
        }
    ],
    "timestamp": "2024-01-30 02:57:25"
}{
    "status": 100,
    "data": [
        {
            "mobile": "3346218574",
            "name": "NASEER AHMED",
            "cnic": "3330215997919",
            "address": "H 570 23 IQBAL BAZAR ST 3MOH I"
        }
    ],
    "timestamp": "2024-01-30 02:57:40"
}{
    "status": 100,
    "data": [
        {
            "mobile": "3346218574",
            "name": "NASEER AHMED",
            "cnic": "3330215997919",
            "address": "H 570 23 IQBAL BAZAR ST 3MOH I"
        }
    ],
    "timestamp": "2024-01-30 02:58:02"
}{
    "status": 100,
    "message": "No record Found",
    "timestamp": "2024-01-30 02:58:36"
}{
    "status": 100,
    "data": [
        {
            "mobile": "3495540128",
            "name": "FAISAL IMRAN",
            "cnic": "3440292141659",
            "address": "KHAS MANDI BAHAUDDIN PANDO WAL BALA MANDI BAHAUDDI"
        }
    ],
    "timestamp": "2024-01-30 02:58:45"
}{
    "status": 100,
    "data": [
        {
            "mobile": "3495540128",
            "name": "FAISAL IMRAN",
            "cnic": "3440292141659",
            "address": "KHAS MANDI BAHAUDDIN PANDO WAL BALA MANDI BAHAUDDI"
        }
    ],
    "timestamp": "2024-01-30 02:59:01"
}{
    "status": 100,
    "data": [
        {
            "mobile": "3245686452",
            "name": "MUHAMMAD AFZAL",
            "cnic": "3460169599025",
            "address": null
        }
    ],
    "timestamp": "2024-01-30 02:59:27"
}{
    "status": 100,
    "message": "No record Found",
    "timestamp": "2024-01-30 02:59:46"
}{
    "status": 100,
    "data": [
        {
            "mobile": "3247845123",
            "name": "MARIA BIBI .",
            "cnic": "3120272773746",
            "address": null
        }
    ],
    "timestamp": "2024-01-30 03:00:05"
}{
    "status": 100,
    "data": [
        {
            "mobile": "3247025496",
            "name": "FAZEELAT BI BI",
            "cnic": "3640261120306",
            "address": "DAAK KHANA KHAS CHAK NUMBER 29 S P TEHSIL PAK PATTAN SHARIF DISTRICT PAK PATTAN SHARIF"
        }
    ],
    "timestamp": "2024-01-30 03:00:18"
}{
    "status": 100,
    "data": [
        {
            "mobile": "3247025496",
            "name": "FAZEELAT BI BI",
            "cnic": "3640261120306",
            "address": "DAAK KHANA KHAS CHAK NUMBER 29 S P TEHSIL PAK PATTAN SHARIF DISTRICT PAK PATTAN SHARIF"
        }
    ],
    "timestamp": "2024-01-30 03:00:37"
}{
    "status": 100,
    "data": [
        {
            "mobile": "3095540129",
            "name": "MUHAMMAD IQBAL",
            "cnic": "3510230534235",
            "address": "KHADIYAAN KHAS KASUR JATYAN KA SUR Lahore"
        }
    ],
    "timestamp": "2024-01-30 03:01:01"
}{
    "status": 100,
    "data": [
        {
            "mobile": "3095540129",
            "name": "MUHAMMAD IQBAL",
            "cnic": "3510230534235",
            "address": "KHADIYAAN KHAS KASUR JATYAN KA SUR Lahore"
        }
    ],
    "timestamp": "2024-01-30 03:01:22"
}{
    "status": 100,
    "data": [
        {
            "mobile": "3095540128",
            "name": "MUBARAK ALI",
            "cnic": "3510175551781",
            "address": "MEER KOT  Kasur"
        }
    ],
    "timestamp": "2024-01-30 03:01:33"
}{
    "status": 100,
    "message": "No record Found",
    "timestamp": "2024-01-30 06:30:45"
}{
    "status": 100,
    "data": [
        {
            "mobile": "3247026497",
            "name": "ALI AKHTAR",
            "cnic": "3240429776625",
            "address": "DAAK KHANA KHAS UMER KOT TEHSIL ROJHAAN DISTRICT RAJAN PUR"
        }
    ],
    "timestamp": "2024-01-30 06:30:56"
}{
    "status": 100,
    "data": [
        {
            "mobile": "3116528656",
            "name": "kaleem  ullah",
            "cnic": "3240333672691",
            "address": null
        }
    ],
    "timestamp": "2024-01-30 06:31:18"
}{
    "status": 100,
    "data": [
        {
            "mobile": "3066448912",
            "name": "FOUZIA .",
            "cnic": "3410163235418",
            "address": "village ahmed bhan SAKRAND City SHAHEED BENAZIR ABAD Lahore"
        }
    ],
    "timestamp": "2024-01-30 06:33:11"
}{
    "status": 100,
    "data": [
        {
            "mobile": "3066448912",
            "name": "FOUZIA .",
            "cnic": "3410163235418",
            "address": "village ahmed bhan SAKRAND City SHAHEED BENAZIR ABAD Lahore"
        }
    ],
    "timestamp": "2024-01-30 06:33:34"
}{
    "status": 100,
    "data": [
        {
            "mobile": "3068230241",
            "name": "JEHAN ZAIB .",
            "cnic": "3130489736967",
            "address": "KHAS SADIQ ABAD R WASHAN BHET RAHIM YAAR  KHAN QAMBER SHAHDAD KOT"
        }
    ],
    "timestamp": "2024-01-30 06:33:53"
}{
    "status": 100,
    "data": [
        {
            "mobile": "3066448912",
            "name": "FOUZIA .",
            "cnic": "3410163235418",
            "address": "village ahmed bhan SAKRAND City SHAHEED BENAZIR ABAD Lahore"
        },
        {
            "mobile": "3094831959",
            "name": "FOUZIA .",
            "cnic": "3410163235418",
            "address": null
        },
        {
            "mobile": "3127189242",
            "name": "Fouzia",
            "cnic": "3410163235418",
            "address": null
        },
        {
            "mobile": "3066446864",
            "name": "FOUZIA .",
            "cnic": "3410163235418",
            "address": "village ahmed bhan SAKRAND City SHAHEED BENAZIR ABAD Lahore"
        }
    ],
    "timestamp": "2024-01-30 06:34:40"
}{
    "status": 100,
    "data": [
        {
            "mobile": "3079117505",
            "name": "ABDUL MOHIZ QURESHI .",
            "cnic": "1310119968719",
            "address": null
        },
        {
            "mobile": "3449264449",
            "name": null,
            "cnic": "1310119968719",
            "address": null
        }
    ],
    "timestamp": "2024-01-30 06:36:56"
}{
    "status": 100,
    "message": "No record Found",
    "timestamp": "2024-01-30 06:37:50"
}{
    "status": 100,
    "data": [
        {
            "mobile": "3449264449",
            "name": null,
            "cnic": "1310119968719",
            "address": null
        }
    ],
    "timestamp": "2024-01-30 06:38:05"
}{
    "status": 100,
    "message": "No record Found",
    "timestamp": "2024-01-30 06:44:07"
}{
    "status": 100,
    "data": [
        {
            "mobile": "3335171110",
            "name": "MOHAMMAD TAJ",
            "cnic": "3740280125893",
            "address": "ISLAMABAD ISLAMABAD ISLAMABAD"
        },
        {
            "mobile": "3335171110",
            "name": "KHALID PERVEZ",
            "cnic": "3740532554099",
            "address": "STREET \/ MOHALA RAJA IQBAL TOW"
        }
    ],
    "timestamp": "2024-01-30 06:44:47"
}{
    "status": 100,
    "data": [
        {
            "mobile": "3008347539",
            "name": "MUHAMMAD TAJ",
            "cnic": "3740280125893",
            "address": null
        },
        {
            "mobile": "3335171110",
            "name": "MOHAMMAD TAJ",
            "cnic": "3740280125893",
            "address": "ISLAMABAD ISLAMABAD ISLAMABAD"
        },
        {
            "mobile": "3225433096",
            "name": "MUHAMMAD TAJ",
            "cnic": "3740280125893",
            "address": null
        },
        {
            "mobile": "3405100018",
            "name": "MUHAMMAD TAJ",
            "cnic": "3740280125893",
            "address": "CHANAM KAHUTA KIRPAL RAWALPINDI"
        },
        {
            "mobile": "3335169062",
            "name": "MOHAMMAD TAJ",
            "cnic": "3740280125893",
            "address": "ISLAMABAD ISLAMABAD ISLAMABAD"
        },
        {
            "mobile": "3008345491",
            "name": "MUHAMMAD TAJ",
            "cnic": "3740280125893",
            "address": "KARPAR P O CHANAB TEH KHUTA DISTT RWP  Rawalpindi"
        }
    ],
    "timestamp": "2024-01-30 06:44:57"
}{
    "status": 100,
    "data": [
        {
            "mobile": "3008347539",
            "name": "MUHAMMAD TAJ",
            "cnic": "3740280125893",
            "address": null
        },
        {
            "mobile": "3335171110",
            "name": "MOHAMMAD TAJ",
            "cnic": "3740280125893",
            "address": "ISLAMABAD ISLAMABAD ISLAMABAD"
        },
        {
            "mobile": "3225433096",
            "name": "MUHAMMAD TAJ",
            "cnic": "3740280125893",
            "address": null
        },
        {
            "mobile": "3405100018",
            "name": "MUHAMMAD TAJ",
            "cnic": "3740280125893",
            "address": "CHANAM KAHUTA KIRPAL RAWALPINDI"
        },
        {
            "mobile": "3335169062",
            "name": "MOHAMMAD TAJ",
            "cnic": "3740280125893",
            "address": "ISLAMABAD ISLAMABAD ISLAMABAD"
        },
        {
            "mobile": "3008345491",
            "name": "MUHAMMAD TAJ",
            "cnic": "3740280125893",
            "address": "KARPAR P O CHANAB TEH KHUTA DISTT RWP  Rawalpindi"
        }
    ],
    "timestamp": "2024-01-30 06:45:10"
}{
    "status": 100,
    "data": [
        {
            "mobile": "3008347539",
            "name": "MUHAMMAD TAJ",
            "cnic": "3740280125893",
            "address": null
        },
        {
            "mobile": "3335171110",
            "name": "MOHAMMAD TAJ",
            "cnic": "3740280125893",
            "address": "ISLAMABAD ISLAMABAD ISLAMABAD"
        },
        {
            "mobile": "3225433096",
            "name": "MUHAMMAD TAJ",
            "cnic": "3740280125893",
            "address": null
        },
        {
            "mobile": "3405100018",
            "name": "MUHAMMAD TAJ",
            "cnic": "3740280125893",
            "address": "CHANAM KAHUTA KIRPAL RAWALPINDI"
        },
        {
            "mobile": "3335169062",
            "name": "MOHAMMAD TAJ",
            "cnic": "3740280125893",
            "address": "ISLAMABAD ISLAMABAD ISLAMABAD"
        },
        {
            "mobile": "3008345491",
            "name": "MUHAMMAD TAJ",
            "cnic": "3740280125893",
            "address": "KARPAR P O CHANAB TEH KHUTA DISTT RWP  Rawalpindi"
        }
    ],
    "timestamp": "2024-01-30 06:45:17"
}{
    "status": 100,
    "data": [
        {
            "mobile": "3331255050",
            "name": "muhammad zafar",
            "cnic": "3210378770265",
            "address": "City JAT GHADI Tehsil TAUNSA D"
        }
    ],
    "timestamp": "2024-01-30 06:49:59"
}{
    "status": 100,
    "data": [
        {
            "mobile": "3335451145",
            "name": "MOHAMMAD NIAZ",
            "cnic": "6110159028631",
            "address": "VILLAGE BADIA RUSTAM KHAN PO G"
        }
    ],
    "timestamp": "2024-01-30 06:55:31"
}{
    "status": 100,
    "data": [
        {
            "mobile": "3039085136",
            "name": "ABDULLAH ABID .",
            "cnic": "6110190139315",
            "address": "TARKHAN WALA DAAK KHANA KHAS ADHA TEHSI IL DASKA DISTRICT SIALKOT SIALKOT G.P.O."
        }
    ],
    "timestamp": "2024-01-30 06:56:45"
}{
    "status": 100,
    "data": [
        {
            "mobile": "3078629935",
            "name": "KAMRAN AZAM .",
            "cnic": "6110112160085",
            "address": null
        }
    ],
    "timestamp": "2024-01-30 06:56:57"
}{
    "status": 100,
    "data": [
        {
            "mobile": "3335170110",
            "name": "GHULAM RASOOL",
            "cnic": "6110152334011",
            "address": "HOUSE NO B-73\/2 SECTOR NO G-9\/"
        }
    ],
    "timestamp": "2024-01-30 06:57:05"
}{
    "status": 100,
    "data": [
        {
            "mobile": "3454145249",
            "name": "SHAHID REHMAT",
            "cnic": "3460108385679",
            "address": "TARKHANAN WALA KHAS ADHA DASKAH  SIALKOT"
        }
    ],
    "timestamp": "2024-01-30 06:57:16"
}{
    "timestamp": "2024-01-30 06:58:18"
}{
    "status": 100,
    "data": [
        {
            "mobile": "3475468020",
            "name": "MUHAMMAD FARAZ RASOOL",
            "cnic": "6110115965711",
            "address": "CHAK MALOKA POST OFFICE KHAMBAR ANWALA SIALKOT"
        }
    ],
    "timestamp": "2024-01-30 06:58:25"
}{
    "status": 100,
    "data": [
        {
            "mobile": "3075760553",
            "name": "MUHAMMAD FARAZ RASOOL .",
            "cnic": "6110115965711",
            "address": "CHAK MALOKA POST OFFICE KHAMBAR ANWALA SIALKOT SIALKOT G.P.O."
        }
    ],
    "timestamp": "2024-01-30 06:58:38"
}{
    "status": 100,
    "message": "No record Found",
    "timestamp": "2024-01-30 07:29:30"
}{
    "status": 100,
    "message": "No record Found",
    "timestamp": "2024-01-30 07:51:41"
}{
    "status": 100,
    "message": "No record Found",
    "timestamp": "2024-01-30 07:57:02"
}{
    "status": 100,
    "message": "No record Found",
    "timestamp": "2024-01-30 07:57:15"
}{
    "status": 100,
    "data": [
        {
            "mobile": "3205657586",
            "name": "M. TOSEEF",
            "cnic": "3740161840199",
            "address": "2 GOJAR KHAN GOJAR KHAN RAWALPINDI"
        }
    ],
    "timestamp": "2024-01-30 07:57:26"
}{
    "status": 100,
    "data": [
        {
            "mobile": "3486636291",
            "name": "TAHIR HUSSAIN",
            "cnic": "8220391414453",
            "address": "BHANAH POST OFFICE CHAKAAR TEHSIL & DISTRICT MUZAF"
        }
    ],
    "timestamp": "2024-01-30 07:58:57"
}{
    "status": 100,
    "message": "No record Found",
    "timestamp": "2024-01-30 08:00:59"
}{
    "status": 100,
    "data": [
        {
            "mobile": "3118549194",
            "name": "faizan  jehangir",
            "cnic": "3740195734571",
            "address": null
        }
    ],
    "timestamp": "2024-01-30 08:01:24"
}{
    "status": 100,
    "message": "No record Found",
    "timestamp": "2024-01-30 08:12:22"
}{
    "status": 100,
    "message": "No record Found",
    "timestamp": "2024-01-30 08:14:44"
}{
    "status": 100,
    "data": [
        {
            "mobile": "3205657586",
            "name": "M. TOSEEF",
            "cnic": "3740161840199",
            "address": "2 GOJAR KHAN GOJAR KHAN RAWALPINDI"
        }
    ],
    "timestamp": "2024-01-30 08:15:01"
}{
    "status": 100,
    "data": [
        {
            "mobile": "3020881915",
            "name": "SHARF UL DIN .",
            "cnic": "4510352028789",
            "address": null
        },
        {
            "mobile": "3028518417",
            "name": "SHARF UL DIN .",
            "cnic": "4510352028789",
            "address": null
        },
        {
            "mobile": "3177944399",
            "name": "sharaf  din",
            "cnic": "4510352028789",
            "address": null
        },
        {
            "mobile": "3028516369",
            "name": "SHARF UL DIN .",
            "cnic": "4510352028789",
            "address": "village ahmed bhan SAKRAND City SHAHEED BENAZIR ABAD Lahore"
        }
    ],
    "timestamp": "2024-01-30 08:23:44"
}{
    "status": 100,
    "message": "No record Found",
    "timestamp": "2024-01-30 08:25:57"
}{
    "status": 100,
    "message": "No record Found",
    "timestamp": "2024-01-30 08:26:31"
}{
    "status": 100,
    "data": [
        {
            "mobile": "3426111974",
            "name": "MUHAMMAD SAIF ALREHM",
            "cnic": "3410151186729",
            "address": "GUJARANWALA HASHMI COLONY KANG ANI WALA NAZD QABRISTAN GUJRAN Gujranwala"
        }
    ],
    "timestamp": "2024-01-30 08:41:35"
}{
    "status": 100,
    "data": [
        {
            "mobile": "3086095805",
            "name": "ZHEER ABBAS .",
            "cnic": "3410164403891",
            "address": "GUJRANWALA TANKY WAAL H LADHIWALA WARRA AICH GUJRANWALA GUJRANWALA G.P.O."
        }
    ],
    "timestamp": "2024-01-30 08:51:12"
}{
    "status": 100,
    "data": [
        {
            "mobile": "3016416950",
            "name": "ZHEER ABBAS .",
            "cnic": "3410164403891",
            "address": null
        },
        {
            "mobile": "3036831944",
            "name": "ZHEER ABBAS .",
            "cnic": "3410164403891",
            "address": "GUJRANWALA TANKY WAAL H LADHIWALA WARRA AICH GUJRANWALA GUJRANWALA G.P.O."
        },
        {
            "mobile": "3016414902",
            "name": "ZHEER ABBAS .",
            "cnic": "3410164403891",
            "address": "GUJRANWALA TANKY WAAL H LADHIWALA WARRA AICH GUJRANWALA GUJRANWALA G.P.O."
        },
        {
            "mobile": "3086095805",
            "name": "ZHEER ABBAS .",
            "cnic": "3410164403891",
            "address": "GUJRANWALA TANKY WAAL H LADHIWALA WARRA AICH GUJRANWALA GUJRANWALA G.P.O."
        },
        {
            "mobile": "3086097853",
            "name": "ZHEER ABBAS .",
            "cnic": "3410164403891",
            "address": "GUJRANWALA TANKY WAAL H LADHIWALA WARRA AICH GUJRANWALA GUJRANWALA G.P.O."
        }
    ],
    "timestamp": "2024-01-30 08:51:29"
}{
    "status": 100,
    "data": [
        {
            "mobile": "3016416950",
            "name": "ZHEER ABBAS .",
            "cnic": "3410164403891",
            "address": null
        },
        {
            "mobile": "3036831944",
            "name": "ZHEER ABBAS .",
            "cnic": "3410164403891",
            "address": "GUJRANWALA TANKY WAAL H LADHIWALA WARRA AICH GUJRANWALA GUJRANWALA G.P.O."
        },
        {
            "mobile": "3016414902",
            "name": "ZHEER ABBAS .",
            "cnic": "3410164403891",
            "address": "GUJRANWALA TANKY WAAL H LADHIWALA WARRA AICH GUJRANWALA GUJRANWALA G.P.O."
        },
        {
            "mobile": "3086095805",
            "name": "ZHEER ABBAS .",
            "cnic": "3410164403891",
            "address": "GUJRANWALA TANKY WAAL H LADHIWALA WARRA AICH GUJRANWALA GUJRANWALA G.P.O."
        },
        {
            "mobile": "3086097853",
            "name": "ZHEER ABBAS .",
            "cnic": "3410164403891",
            "address": "GUJRANWALA TANKY WAAL H LADHIWALA WARRA AICH GUJRANWALA GUJRANWALA G.P.O."
        }
    ],
    "timestamp": "2024-01-30 08:51:41"
}{
    "status": 100,
    "data": [
        {
            "mobile": "3465835193",
            "name": "MUHAMMAD ARIF",
            "cnic": "3420362204173",
            "address": "PIND AZIZ SARAI ALAMGIR REHMAN PURA GUJRAT"
        }
    ],
    "timestamp": "2024-01-30 08:56:41"
}{
    "status": 100,
    "message": "No record Found",
    "timestamp": "2024-01-30 09:21:16"
}{
    "status": 100,
    "data": [
        {
            "mobile": "3082137856",
            "name": "QAISIR MEHMOOD",
            "cnic": "3420296155113",
            "address": "MSTRYANKHASKHARYANJWRHGJRAT  Gujrat"
        }
    ],
    "timestamp": "2024-01-30 09:59:15"
}{
    "status": 100,
    "data": [
        {
            "mobile": "3335170111",
            "name": "SAAD ASHRAF SAHIBZADA",
            "cnic": "6110165419319",
            "address": ""
        }
    ],
    "timestamp": "2024-01-30 10:51:29"
}{
    "status": 100,
    "data": [
        {
            "mobile": "3335222425",
            "name": "SAAD ASHRAF SAHIBZADA",
            "cnic": "6110165419319",
            "address": null
        },
        {
            "mobile": "3014662665",
            "name": "Saad Ashraf .",
            "cnic": "6110165419319",
            "address": "DHQ1  Islamabad"
        },
        {
            "mobile": "3335170111",
            "name": "SAAD ASHRAF SAHIBZADA",
            "cnic": "6110165419319",
            "address": ""
        },
        {
            "mobile": "3335220377",
            "name": "SAAD ASHRAF SAHIBZADA",
            "cnic": "6110165419319",
            "address": null
        }
    ],
    "timestamp": "2024-01-30 10:51:38"
}{
    "status": 100,
    "data": [
        {
            "mobile": "3354206048",
            "name": "muhammad ali",
            "cnic": "1720172610759",
            "address": "City NANDRAK Tehsil\/District N"
        }
    ],
    "timestamp": "2024-01-30 11:24:03"
}{
    "status": 100,
    "message": "No record Found",
    "timestamp": "2024-01-30 11:30:11"
}{
    "status": 100,
    "message": "No record Found",
    "timestamp": "2024-01-30 11:30:32"
}{
    "status": 100,
    "message": "No record Found",
    "timestamp": "2024-01-30 11:30:49"
}{
    "status": 100,
    "message": "No record Found",
    "timestamp": "2024-01-30 11:31:16"
}{
    "status": 100,
    "message": "No record Found",
    "timestamp": "2024-01-30 11:31:28"
}{
    "status": 100,
    "data": [
        {
            "mobile": "3331234567",
            "name": "muhammad kashif",
            "cnic": "3520296868939",
            "address": "nain sukh shahdrah City LAHORE"
        },
        {
            "mobile": "3331234567",
            "name": "GOUHAR BILAL",
            "cnic": "3530298301247",
            "address": "B-12R\/121 2 OKARA OKARA OKARA"
        }
    ],
    "timestamp": "2024-01-30 11:31:38"
}{
    "status": 100,
    "data": [
        {
            "mobile": "3020123456",
            "name": "MUHAMMAD KASHIF .",
            "cnic": "3520296868939",
            "address": null
        },
        {
            "mobile": "3028800000",
            "name": "MUHAMMAD KASHIF .",
            "cnic": "3520296868939",
            "address": null
        },
        {
            "mobile": "3080000080",
            "name": "MUHAMMAD KASHIF .",
            "cnic": "3520296868939",
            "address": null
        },
        {
            "mobile": "3331234567",
            "name": "muhammad kashif",
            "cnic": "3520296868939",
            "address": "nain sukh shahdrah City LAHORE"
        }
    ],
    "timestamp": "2024-01-30 11:32:06"
}{
    "status": 100,
    "data": [
        {
            "mobile": "3457777777",
            "name": "SAQIB SALEEM",
            "cnic": "3460332169079",
            "address": "21\/A SIALKOT ZAFAR ALI ROAD SIALKOT CANTT SIALKOT"
        }
    ],
    "timestamp": "2024-01-30 11:32:45"
}{
    "status": 100,
    "data": [
        {
            "mobile": "3008484567",
            "name": "HOUSE OF SURGICAL PVT LTD.",
            "cnic": "3460332169079",
            "address": null
        },
        {
            "mobile": "3006111111",
            "name": "HOUSE OF SURGICAL PVT LTD.",
            "cnic": "3460332169079",
            "address": null
        },
        {
            "mobile": "3016111111",
            "name": "HOUSE OF SURGICAL PVT LTD.",
            "cnic": "3460332169079",
            "address": null
        },
        {
            "mobile": "3004442020",
            "name": "SAQIB SALEEM",
            "cnic": "3460332169079",
            "address": "HOUSE.NO 21\/A, ZAFAR ALI ROAD CANTT SIALKOT Sialkot"
        },
        {
            "mobile": "4236674527",
            "name": "SAQIB SALEEM",
            "cnic": "3460332169079",
            "address": null
        },
        {
            "mobile": "3457777777",
            "name": "SAQIB SALEEM",
            "cnic": "3460332169079",
            "address": "21\/A SIALKOT ZAFAR ALI ROAD SIALKOT CANTT SIALKOT"
        },
        {
            "mobile": "3008482519",
            "name": "HOUSE OF SURGICAL PVT LTD.",
            "cnic": "3460332169079",
            "address": "14 - KM"
        },
        {
            "mobile": "3006109063",
            "name": "HOUSE OF SURGICAL PVT LTD.",
            "cnic": "3460332169079",
            "address": "14 - KM"
        },
        {
            "mobile": "3018433709",
            "name": "HOUSE OF SURGICAL PVT LTD.",
            "cnic": "3460332169079",
            "address": "14 - KM"
        },
        {
            "mobile": "3008617205",
            "name": "HOUSE OF SURGICAL PVT LTD.",
            "cnic": "3460332169079",
            "address": "14 - KM"
        },
        {
            "mobile": "3066109063",
            "name": "HOUSE OF SURGICAL PVT LTD.",
            "cnic": "3460332169079",
            "address": "14 - KM"
        },
        {
            "mobile": "3004007070",
            "name": "HOUSE OF SURGICAL PVT LTD.",
            "cnic": "3460332169079",
            "address": "14 - KM"
        },
        {
            "mobile": "3016109063",
            "name": "HOUSE OF SURGICAL PVT LTD.",
            "cnic": "3460332169079",
            "address": "14 - KM"
        },
        {
            "mobile": "3218811111",
            "name": "SAQIB SALEEM",
            "cnic": "3460332169079",
            "address": "HOUSE NUMBER 21\/A MOHALA ZAFAR ALI ROAD DAAK KHANA KHAS SIALKOT KAIN T TEHSIL \/ DISTRICT SIALKOT"
        },
        {
            "mobile": "3004439972",
            "name": "SAQIB SALEEM",
            "cnic": "3460332169079",
            "address": "HOUSE.NO 21\/A"
        }
    ],
    "timestamp": "2024-01-30 11:33:08"
}{
    "status": 100,
    "data": [
        {
            "mobile": "3008484567",
            "name": "HOUSE OF SURGICAL PVT LTD.",
            "cnic": "3460332169079",
            "address": null
        },
        {
            "mobile": "3006111111",
            "name": "HOUSE OF SURGICAL PVT LTD.",
            "cnic": "3460332169079",
            "address": null
        },
        {
            "mobile": "3016111111",
            "name": "HOUSE OF SURGICAL PVT LTD.",
            "cnic": "3460332169079",
            "address": null
        },
        {
            "mobile": "3004442020",
            "name": "SAQIB SALEEM",
            "cnic": "3460332169079",
            "address": "HOUSE.NO 21\/A, ZAFAR ALI ROAD CANTT SIALKOT Sialkot"
        },
        {
            "mobile": "4236674527",
            "name": "SAQIB SALEEM",
            "cnic": "3460332169079",
            "address": null
        },
        {
            "mobile": "3457777777",
            "name": "SAQIB SALEEM",
            "cnic": "3460332169079",
            "address": "21\/A SIALKOT ZAFAR ALI ROAD SIALKOT CANTT SIALKOT"
        },
        {
            "mobile": "3008482519",
            "name": "HOUSE OF SURGICAL PVT LTD.",
            "cnic": "3460332169079",
            "address": "14 - KM"
        },
        {
            "mobile": "3006109063",
            "name": "HOUSE OF SURGICAL PVT LTD.",
            "cnic": "3460332169079",
            "address": "14 - KM"
        },
        {
            "mobile": "3018433709",
            "name": "HOUSE OF SURGICAL PVT LTD.",
            "cnic": "3460332169079",
            "address": "14 - KM"
        },
        {
            "mobile": "3008617205",
            "name": "HOUSE OF SURGICAL PVT LTD.",
            "cnic": "3460332169079",
            "address": "14 - KM"
        },
        {
            "mobile": "3066109063",
            "name": "HOUSE OF SURGICAL PVT LTD.",
            "cnic": "3460332169079",
            "address": "14 - KM"
        },
        {
            "mobile": "3004007070",
            "name": "HOUSE OF SURGICAL PVT LTD.",
            "cnic": "3460332169079",
            "address": "14 - KM"
        },
        {
            "mobile": "3016109063",
            "name": "HOUSE OF SURGICAL PVT LTD.",
            "cnic": "3460332169079",
            "address": "14 - KM"
        },
        {
            "mobile": "3218811111",
            "name": "SAQIB SALEEM",
            "cnic": "3460332169079",
            "address": "HOUSE NUMBER 21\/A MOHALA ZAFAR ALI ROAD DAAK KHANA KHAS SIALKOT KAIN T TEHSIL \/ DISTRICT SIALKOT"
        },
        {
            "mobile": "3004439972",
            "name": "SAQIB SALEEM",
            "cnic": "3460332169079",
            "address": "HOUSE.NO 21\/A"
        }
    ],
    "timestamp": "2024-01-30 11:33:59"
}{
    "status": 100,
    "message": "No record Found",
    "timestamp": "2024-01-30 11:44:02"
}{
    "status": 100,
    "message": "No record Found",
    "timestamp": "2024-01-30 11:44:29"
}{
    "status": 100,
    "data": [
        {
            "mobile": "3354206048",
            "name": "muhammad ali",
            "cnic": "1720172610759",
            "address": "City NANDRAK Tehsil\/District N"
        }
    ],
    "timestamp": "2024-01-30 11:44:54"
}{
    "timestamp": "2024-01-30 13:01:23"
}{
    "status": 100,
    "data": [
        {
            "mobile": "3342151178",
            "name": "MASMAAT IQBAL",
            "cnic": "4330422700686",
            "address": "SHIKARPUR HAJI LATIF SHAH SUND"
        }
    ],
    "timestamp": "2024-01-30 13:08:28"
}{
    "status": 100,
    "data": [
        {
            "mobile": "3237484410",
            "name": "AMEER UL ZAMAN",
            "cnic": "3410111933719",
            "address": "2 GUJRANWALA SUNDAR NAGR LIAQUAT ROAD GUJRANWALA GUJRANWALA"
        },
        {
            "mobile": "3237484410",
            "name": "ABDUL HAY .",
            "cnic": "3460207352305",
            "address": null
        }
    ],
    "timestamp": "2024-01-30 13:57:06"
}{
    "status": 100,
    "data": [
        {
            "mobile": "3034894551",
            "name": "MUHAMMAD AKRAM",
            "cnic": "3130494708811",
            "address": "AHMAD PUR LAMAH SADIQ ABAD CHA K NUMBER 31 N P RAHEEM YAAR KH Rahim Yar Khan"
        },
        {
            "mobile": "3466906473",
            "name": "MUHAMMAD AKRAM",
            "cnic": "3130494708811",
            "address": "1 AHMAD PUR LAMAH SADIQ ABAD CHAK NUMBER 31 N P RA"
        },
        {
            "mobile": "3236830857",
            "name": "MUHAMMAD AKRAM",
            "cnic": "3130494708811",
            "address": null
        }
    ],
    "timestamp": "2024-01-30 15:26:11"
}{
    "status": 100,
    "message": "No record Found",
    "timestamp": "2024-01-30 15:37:10"
}{
    "status": 100,
    "message": "No record Found",
    "timestamp": "2024-01-30 15:37:36"
}{
    "status": 100,
    "message": "No record Found",
    "timestamp": "2024-01-30 15:37:48"
}{
    "status": 100,
    "data": [
        {
            "mobile": "3429011496",
            "name": "",
            "cnic": "CM10895349451",
            "address": null
        }
    ],
    "timestamp": "2024-01-30 15:38:02"
}{
    "status": 100,
    "message": "No record Found",
    "timestamp": "2024-01-30 15:41:25"
}{
    "status": 100,
    "message": "No record Found",
    "timestamp": "2024-01-30 15:41:54"
}{
    "status": 100,
    "message": "No record Found",
    "timestamp": "2024-01-30 15:42:11"
}{
    "status": 100,
    "message": "No record Found",
    "timestamp": "2024-01-30 15:42:27"
}{
    "status": 100,
    "message": "No record Found",
    "timestamp": "2024-01-30 15:43:07"
}{
    "status": 100,
    "message": "No record Found",
    "timestamp": "2024-01-30 15:44:49"
}{
    "status": 100,
    "message": "No record Found",
    "timestamp": "2024-01-30 15:51:27"
}{
    "status": 100,
    "message": "No record Found",
    "timestamp": "2024-01-30 15:51:39"
}{
    "status": 100,
    "message": "No record Found",
    "timestamp": "2024-01-30 15:52:27"
}{
    "status": 100,
    "data": [
        {
            "mobile": "3459011496",
            "name": null,
            "cnic": "3530319308155",
            "address": null
        }
    ],
    "timestamp": "2024-01-30 15:52:41"
}{
    "status": 100,
    "data": [
        {
            "mobile": "3064688740",
            "name": "MUHAMMAD NAEEM .",
            "cnic": "3220202083225",
            "address": "HNO 2 ST NO 3 WARD NO 7 NR CHUNDIAN MOR KAROR LAL EASIN Leiyah"
        }
    ],
    "timestamp": "2024-01-30 16:42:25"
}{
    "status": 100,
    "data": [
        {
            "mobile": "3048264906",
            "name": "IHSAN ALI .",
            "cnic": "4250130230519",
            "address": "GUJARO GADAP TOWN MOHALA LAASI GOTH SCHEME 33 SECTOR ??a?? 11 GUJARO TEHSIL MALEER DISTRICT KARACHI  M"
        },
        {
            "mobile": "3048264906",
            "name": "SHABIR AHMED .",
            "cnic": "5430280896073",
            "address": null
        }
    ],
    "timestamp": "2024-01-30 17:06:13"
}{
    "status": 100,
    "data": [
        {
            "mobile": "3368000362",
            "name": "NEW CUST",
            "cnic": "3210271819491",
            "address": "159-A DERA GHAZI KHAN 8 DERA G"
        },
        {
            "mobile": "3019566706",
            "name": "AZAN UMER .",
            "cnic": "3210271819491",
            "address": null
        },
        {
            "mobile": "3333567530",
            "name": "AZAN UMER .",
            "cnic": "3210271819491",
            "address": null
        },
        {
            "mobile": "3414644415",
            "name": null,
            "cnic": "3210271819491",
            "address": null
        }
    ],
    "timestamp": "2024-01-30 17:26:25"
}{
    "status": 100,
    "data": [
        {
            "mobile": "3368000362",
            "name": "HASSAN OMER",
            "cnic": "3210229743233",
            "address": "House No 159-A Block DERA GHAZ"
        },
        {
            "mobile": "3368000362",
            "name": "NEW CUST",
            "cnic": "3210271819491",
            "address": "159-A DERA GHAZI KHAN 8 DERA G"
        }
    ],
    "timestamp": "2024-01-30 17:27:13"
}{
    "status": 100,
    "message": "No record Found",
    "timestamp": "2024-01-30 17:28:51"
}{
    "status": 100,
    "message": "No record Found",
    "timestamp": "2024-01-30 17:42:49"
}{
    "status": 100,
    "message": "No record Found",
    "timestamp": "2024-01-30 17:43:26"
}{
    "timestamp": "2024-01-30 17:43:33"
}{
    "status": 100,
    "data": [
        {
            "mobile": "3157375551",
            "name": "Not Available",
            "cnic": "4230138289683",
            "address": "Post-PAID"
        }
    ],
    "timestamp": "2024-01-30 17:43:42"
}{
    "status": 100,
    "message": "No record Found",
    "timestamp": "2024-01-30 17:44:15"
}{
    "status": 100,
    "data": [
        {
            "mobile": "3170491519",
            "name": "Muhammad Imran Rashid",
            "cnic": "3450265376527",
            "address": null
        }
    ],
    "timestamp": "2024-01-30 17:46:52"
}{
    "status": 100,
    "message": "No record Found",
    "timestamp": "2024-01-30 17:51:47"
}{
    "status": 100,
    "data": [
        {
            "mobile": "3054101356",
            "name": "SADAF SHEHWAAR .",
            "cnic": "3520221921368",
            "address": "14 38 LAHORE GARO A MARDAS SUNNAT NAGR LAHORE LAHORE G.P.O"
        }
    ],
    "timestamp": "2024-01-30 17:52:13"
}{
    "status": 100,
    "data": [
        {
            "mobile": "3313777749",
            "name": "ABDUL REHMAN",
            "cnic": "1730158029789",
            "address": "4831 PESHAWAR MUSA KHAN BAHANA"
        }
    ],
    "timestamp": "2024-01-30 17:53:12"
}{
    "status": 100,
    "data": [
        {
            "mobile": "3420708761",
            "name": "JAVED HUSSAIN",
            "cnic": "3230369731955",
            "address": "CHAH GHUMAN WALI DAAK KHANA GOR MANI GOR MANI SHAR"
        }
    ],
    "timestamp": "2024-01-30 17:57:00"
}{
    "status": 100,
    "data": [
        {
            "mobile": "3014782913",
            "name": "NASIR ALI",
            "cnic": "3430297619407",
            "address": null
        },
        {
            "mobile": "3014782913",
            "name": "RAFIQUE AHMAD",
            "cnic": "3640208239265",
            "address": "HOTA P\/O KHAS Pak Patten"
        }
    ],
    "timestamp": "2024-01-30 17:57:11"
}{
    "status": 100,
    "data": [
        {
            "mobile": "3064974156",
            "name": "NAZIA PARVEEN .",
            "cnic": "3330368036814",
            "address": "DAAK KHANA KHAS CHAK NUMBER 258 G B NAI ABADI TEHSIL TOBA TEK SINGH DISTRICT TOBA TEK SINGH  TOBA"
        }
    ],
    "timestamp": "2024-01-30 17:57:47"
}{
    "status": 100,
    "data": [
        {
            "mobile": "3016622477",
            "name": "NAEEM ASLAM",
            "cnic": "3410209068667",
            "address": "KHAS KAMONKI WAHNDO GUJRANWA N\/A Lahore"
        }
    ],
    "timestamp": "2024-01-30 18:03:42"
}{
    "timestamp": "2024-01-30 18:05:14"
}{
    "timestamp": "2024-01-30 18:06:08"
}{
    "status": 100,
    "data": [
        {
            "mobile": "3036448912",
            "name": "KALEEM ALLAH",
            "cnic": "3240333672691",
            "address": "ROJHAAN ROJHAAN QADIRA RAJAN PUR"
        }
    ],
    "timestamp": "2024-01-30 18:06:16"
}{
    "status": 100,
    "message": "No record Found",
    "timestamp": "2024-01-30 18:08:25"
}{
    "status": 100,
    "message": "No record Found",
    "timestamp": "2024-01-30 18:09:07"
}{
    "status": 100,
    "data": [
        {
            "mobile": "3062460565",
            "name": "KHADIM HUSSAIN .",
            "cnic": "3130185956355",
            "address": "KHAN PUR KHAN PUR MOZU KHOKHARAN BASTI N ASEERBASTI NASEER KHAN JAMALI RAHIM YAAR Nowshero Feroze"
        }
    ],
    "timestamp": "2024-01-30 18:09:47"
}{
    "status": 100,
    "data": [
        {
            "mobile": "3137843087",
            "name": "Sabir  Ali",
            "cnic": "3640275186801",
            "address": null
        }
    ],
    "timestamp": "2024-01-30 18:11:53"
}{
    "status": 100,
    "data": [
        {
            "mobile": "3173891895",
            "name": "Arjun",
            "cnic": "4130279566645",
            "address": null
        },
        {
            "mobile": "3173891895",
            "name": "DATA NOT RECIEVED FROM NADRA",
            "cnic": "4130298235068",
            "address": null
        }
    ],
    "timestamp": "2024-01-30 18:19:31"
}{
    "status": 100,
    "message": "No record Found",
    "timestamp": "2024-01-30 18:20:58"
}{
    "status": 100,
    "data": [
        {
            "mobile": "3357575007",
            "name": "muhammad bilal",
            "cnic": "3520292898043",
            "address": "House No 3 afzal clny City LAH"
        }
    ],
    "timestamp": "2024-01-30 18:21:55"
}{
    "status": 100,
    "message": "No record Found",
    "timestamp": "2024-01-30 18:24:48"
}{
    "status": 100,
    "data": [
        {
            "mobile": "3405330308",
            "name": "SHAH ZAIB",
            "cnic": "1430180341651",
            "address": "MOHALA SAMI KHAIL DAAK KHANA KHAS TOGH BALA TEHSIL"
        }
    ],
    "timestamp": "2024-01-30 18:25:04"
}{
    "status": 100,
    "data": [
        {
            "mobile": "3455575388",
            "name": "RAJA QAMAR IQBAL KHA",
            "cnic": "8210127309823",
            "address": "1 BAGH BAGH DHONDAR BAGH"
        },
        {
            "mobile": "3442511944",
            "name": "RAJA QAMAR IQBAL KHA",
            "cnic": "8210127309823",
            "address": "1 BAGH BAGH DHONDAR BAGH"
        },
        {
            "mobile": "3459558158",
            "name": "RAJA QAMAR IQBAL KHA",
            "cnic": "8210127309823",
            "address": "1 BAGH BAGH DHONDAR BAGH"
        }
    ],
    "timestamp": "2024-01-30 18:34:04"
}{
    "status": 100,
    "data": [
        {
            "mobile": "3455575388",
            "name": "RAJA QAMAR IQBAL KHA",
            "cnic": "8210127309823",
            "address": "1 BAGH BAGH DHONDAR BAGH"
        },
        {
            "mobile": "3442511944",
            "name": "RAJA QAMAR IQBAL KHA",
            "cnic": "8210127309823",
            "address": "1 BAGH BAGH DHONDAR BAGH"
        },
        {
            "mobile": "3459558158",
            "name": "RAJA QAMAR IQBAL KHA",
            "cnic": "8210127309823",
            "address": "1 BAGH BAGH DHONDAR BAGH"
        }
    ],
    "timestamp": "2024-01-30 18:34:44"
}{
    "status": 100,
    "data": [
        {
            "mobile": "3018935756",
            "name": "GUL SADBAR",
            "cnic": "1530258805543",
            "address": "ZEMDAAR HALAL QLAHSRKLW BABAGA MLAL QILA LOWER DEER Deer"
        },
        {
            "mobile": "3045478401",
            "name": "GUL SADBAR",
            "cnic": "1530258805543",
            "address": null
        },
        {
            "mobile": "3491462642",
            "name": "GUL SADBAR",
            "cnic": "1530258805543",
            "address": "ZEMDAARAH LAL QILA CIRCLE W BABA GAM LAL QILA LOWE"
        },
        {
            "mobile": "3088191944",
            "name": "GUL SADBAR",
            "cnic": "1530258805543",
            "address": "ZEMDAAR HALAL QLAHSRKLW BABAGA MLAL QILA LOWER DEER Deer"
        },
        {
            "mobile": "3219950679",
            "name": "GUL SADBAR",
            "cnic": "1530258805543",
            "address": null
        },
        {
            "mobile": "3421988310",
            "name": "GUL SADBAR",
            "cnic": "1530258805543",
            "address": "ZEMDAARAH LAL QILA CIRCLE W BABA GAM LAL QILA LOWE"
        },
        {
            "mobile": "3018933708",
            "name": "GUL SADBAR",
            "cnic": "1530258805543",
            "address": "ZEMDAAR HALAL QLAHSRKLW BABAGA MLAL QILA LOWER DEER Deer"
        }
    ],
    "timestamp": "2024-01-30 18:53:01"
}{
    "status": 100,
    "message": "No record Found",
    "timestamp": "2024-01-30 19:33:01"
}{
    "status": 100,
    "message": "No record Found",
    "timestamp": "2024-01-30 19:33:26"
}{
    "status": 100,
    "data": [
        {
            "mobile": "3049391760",
            "name": "GHULAM HASSAN .",
            "cnic": "3240335364165",
            "address": "HOUSE NUMBER 101\/20 DAAK KHANA RAJAN PUR KOTLA AHMAD TEHSIL \/ DISTRICT RAJAN PUR  RAJAN PUR"
        }
    ],
    "timestamp": "2024-01-30 19:36:09"
}{
    "status": 100,
    "data": [
        {
            "mobile": "3414055305",
            "name": "KOSAR BE B",
            "cnic": "3310628284266",
            "address": "DAAK KHANA KHAS CHAK NUMBER 397 G B FATEH PUR TEHS"
        }
    ],
    "timestamp": "2024-01-30 19:55:26"
}{
    "status": 100,
    "message": "No record Found",
    "timestamp": "2024-01-30 19:55:56"
}{
    "status": 100,
    "message": "No record Found",
    "timestamp": "2024-01-30 19:56:45"
}{
    "status": 100,
    "data": [
        {
            "mobile": "3215669090",
            "name": "MUHAMMAD NASIR .",
            "cnic": "4250199740753",
            "address": null
        }
    ],
    "timestamp": "2024-01-30 19:57:09"
}{
    "status": 100,
    "data": [
        {
            "mobile": "3344882100",
            "name": "ALLAH YAAR",
            "cnic": "3240403261081",
            "address": "DAAK KHANA UMER KOT QADIRA TEH"
        }
    ],
    "timestamp": "2024-01-30 19:59:11"
}{
    "status": 100,
    "message": "No record Found",
    "timestamp": "2024-01-30 20:05:23"
}{
    "status": 100,
    "data": [
        {
            "mobile": "3333338715",
            "name": "muhammad nabi",
            "cnic": "5630150083875",
            "address": "City TALAU BLUNDA Tehsil DUKI"
        }
    ],
    "timestamp": "2024-01-30 20:06:12"
}{
    "status": 100,
    "data": [
        {
            "mobile": "3421775096",
            "name": "ABDULLAH BUN KHALID",
            "cnic": "1350370110965",
            "address": "MAKARHAHA POST OFFICE SHANGIARI MANSEHRA"
        }
    ],
    "timestamp": "2024-01-30 20:08:03"
}{
    "status": 100,
    "message": "No record Found",
    "timestamp": "2024-01-30 20:08:11"
}{
    "status": 100,
    "data": [
        {
            "mobile": "3454625036",
            "name": "MUZAFFAR HUSSAIN",
            "cnic": "3320403806777",
            "address": "AHMAD PUR SIAL AHMAD PUR SIAL CHAK NUMBER 4 \/ 4 L"
        },
        {
            "mobile": "3407223678",
            "name": "MUZAFFAR HUSSAIN",
            "cnic": "3320403806777",
            "address": "AHMAD PUR SIAL AHMAD PUR SIAL CHAK NUMBER 4 \/ 4 L"
        },
        {
            "mobile": "3060013591",
            "name": "MUZAFFAR HUSSAIN",
            "cnic": "3320403806777",
            "address": "AHMAD PUR SIAL AHMAD PUR SIAL CHAK NUMBER 4 \/ 4 L JHANG Lahore"
        },
        {
            "mobile": "3457036886",
            "name": "MUZAFFAR HUSSAIN",
            "cnic": "3320403806777",
            "address": "AHMAD PUR SIAL AHMAD PUR SIAL CHAK NUMBER 4 \/ 4 L"
        },
        {
            "mobile": "3036236623",
            "name": "MUZAFFAR HUSSAIN",
            "cnic": "3320403806777",
            "address": "AHMAD PUR SIAL AHMAD PUR SIAL CHAK NUMBER 4 \/ 4 L JHANG Lahore"
        }
    ],
    "timestamp": "2024-01-30 20:12:50"
}{
    "status": 100,
    "message": "No record Found",
    "timestamp": "2024-01-30 20:20:13"
}{
    "status": 100,
    "data": [
        {
            "mobile": "3420611900",
            "name": null,
            "cnic": "1350474295371",
            "address": null
        },
        {
            "mobile": "3420611900",
            "name": "ANWAR B B",
            "cnic": "3530187372666",
            "address": "DAAK KHANA DEPALPUR CHAK NUMBER 39 D TEHSIL DEPALP"
        }
    ],
    "timestamp": "2024-01-30 20:20:35"
}{
    "status": 100,
    "data": [
        {
            "mobile": "3420611900",
            "name": null,
            "cnic": "1350474295371",
            "address": null
        },
        {
            "mobile": "3420611900",
            "name": "ANWAR B B",
            "cnic": "3530187372666",
            "address": "DAAK KHANA DEPALPUR CHAK NUMBER 39 D TEHSIL DEPALP"
        }
    ],
    "timestamp": "2024-01-30 20:22:17"
}{
    "status": 100,
    "message": "No record Found",
    "timestamp": "2024-01-30 20:25:30"
}{
    "status": 100,
    "data": [
        {
            "mobile": "3060481003",
            "name": "IJAZ AHMAD .",
            "cnic": "3540252326349",
            "address": "DAAK KHANA KHAS FATO WALA TEHSIL  SHEIKHUPURA G.P.O"
        }
    ],
    "timestamp": "2024-01-30 20:27:46"
}{
    "status": 100,
    "data": [
        {
            "mobile": "3011688038",
            "name": "MUHAMMAD DEEN .",
            "cnic": "4250121255183",
            "address": null
        },
        {
            "mobile": "3062299102",
            "name": "MUHAMMAD DEEN .",
            "cnic": "4250121255183",
            "address": "CHAMAN BOGHARAH ROAD QILA ABDULLAH  QILLA ABDULLAH G.P.O"
        },
        {
            "mobile": "3081167557",
            "name": "MUHAMMAD DEEN .",
            "cnic": "4250121255183",
            "address": "CHAMAN BOGHARAH ROAD QILA ABDULLAH  QILLA ABDULLAH G.P.O"
        },
        {
            "mobile": "3483069709",
            "name": null,
            "cnic": "4250121255183",
            "address": null
        },
        {
            "mobile": "3121124419",
            "name": "DATA NOT RECIEVED FROM NADRA",
            "cnic": "4250121255183",
            "address": null
        }
    ],
    "timestamp": "2024-01-30 20:29:13"
}{
    "status": 100,
    "data": [
        {
            "mobile": "3082074931",
            "name": "MUHAMMAD FAIZAN .",
            "cnic": "1350413434569",
            "address": "CHAKLE MULAKHAIL DARBUND TEHSIL AUGI DI ISTRICT MANSEHRA MANSEHRA G.P.O."
        }
    ],
    "timestamp": "2024-01-30 20:32:13"
}{
    "status": 100,
    "message": "No record Found",
    "timestamp": "2024-01-30 20:35:09"
}{
    "status": 100,
    "data": [
        {
            "mobile": "3490912367",
            "name": null,
            "cnic": "4510151298667",
            "address": null
        }
    ],
    "timestamp": "2024-01-30 20:35:33"
}{
    "status": 100,
    "data": [
        {
            "mobile": "3451574479",
            "name": null,
            "cnic": "3410184608087",
            "address": null
        }
    ],
    "timestamp": "2024-01-30 21:15:52"
}{
    "status": 100,
    "data": [
        {
            "mobile": "3451574479",
            "name": null,
            "cnic": "3410184608087",
            "address": null
        },
        {
            "mobile": "3127926610",
            "name": "zeeshan  riaz",
            "cnic": "3410184608087",
            "address": null
        }
    ],
    "timestamp": "2024-01-30 21:17:22"
}{
    "status": 100,
    "message": "No record Found",
    "timestamp": "2024-01-30 21:38:24"
}{
    "status": 100,
    "data": [
        {
            "mobile": "3034738222",
            "name": "MUHAMMAD ALTAF .",
            "cnic": "3120177760259",
            "address": "SUKHEL AHMEDPUR EAST SHEIKH ROSHAN SUKHEL AHMEDPUR EAST SHEIKH ROSHAN Bahawal Pur"
        },
        {
            "mobile": "3034738222",
            "name": "RAAZIA MUNEER .",
            "cnic": "3650278223908",
            "address": "KHAS SAHIWAL CHAK NUMBER 95\/6 AAR  Sahiwaal"
        }
    ],
    "timestamp": "2024-01-30 21:39:06"
}{
    "status": 100,
    "message": "No record Found",
    "timestamp": "2024-01-30 21:52:37"
}{
    "status": 100,
    "message": "No record Found",
    "timestamp": "2024-01-30 21:52:50"
}{
    "status": 100,
    "message": "No record Found",
    "timestamp": "2024-01-30 21:53:13"
}{
    "status": 100,
    "data": [
        {
            "mobile": "3490093919",
            "name": "SARAN BANO",
            "cnic": "3710480132786",
            "address": "DAAK KHANA KHAS KAHAL TEHSIL JAND DISTRICT ATTOCK"
        }
    ],
    "timestamp": "2024-01-30 21:53:21"
}{
    "status": 100,
    "data": [
        {
            "mobile": "3003132335",
            "name": "LIAQUAT ALI SHAR",
            "cnic": "4550257368733",
            "address": "MUHALLAH BERI CHOCK ROHRI Lahore"
        }
    ],
    "timestamp": "2024-01-30 22:42:39"
}{
    "status": 100,
    "data": [
        {
            "mobile": "3025034532",
            "name": "MUHAMMAD AKBAR .",
            "cnic": "3120282415141",
            "address": "133 1 BAHAWALPUR BHATTA NUMBER 1 ABBAS COLONY BAHAWALPUR BAHAWALPUR Bahawal Pur"
        },
        {
            "mobile": "3025034532",
            "name": "MAZAHIR ABBAS SHAH",
            "cnic": "3320279858807",
            "address": "KHAS JHANG MANDAY SYED JHANG Jhang"
        }
    ],
    "timestamp": "2024-01-30 23:54:58"
}