{
    "status": 100,
    "data": [
        {
            "mobile": "3224282123",
            "name": "NASEEM AKHTAR",
            "cnic": "3630226409252",
            "address": "MOHALA MIN BAZAR LIAQAT ABAD KOT LAKHPAT LAHORE"
        },
        {
            "mobile": "3224282123",
            "name": "ARSALAN RAFEEQ .",
            "cnic": "4530215491817",
            "address": null
        }
    ],
    "timestamp": "2024-01-31 01:18:53"
}{
    "status": 100,
    "data": [
        {
            "mobile": "3008898493",
            "name": "SHAMEEM YOUNAS .",
            "cnic": "3520172589766",
            "address": null
        },
        {
            "mobile": "3008898493",
            "name": "MUHAMMAD RIAZ .",
            "cnic": "3620224420061",
            "address": "KAROORH PAKKA KAROOR  Lodhran"
        }
    ],
    "timestamp": "2024-01-31 02:04:43"
}{
    "status": 100,
    "data": [
        {
            "mobile": "3025645708",
            "name": "SYED YAHYA HANIF NAQVI .",
            "cnic": "1310178663869",
            "address": null
        },
        {
            "mobile": "3025645708",
            "name": "FAZAL HUSSAIN .",
            "cnic": "3710601185717",
            "address": "HAZRO LUKRHI ATTOCK  ATTOCK G.P.O."
        }
    ],
    "timestamp": "2024-01-31 02:19:33"
}{
    "status": 100,
    "data": [
        {
            "mobile": "3122711722",
            "name": "azhar  iqbal",
            "cnic": "4220188817473",
            "address": null
        }
    ],
    "timestamp": "2024-01-31 03:20:11"
}{
    "status": 100,
    "data": [
        {
            "mobile": "3338449529",
            "name": "raja ehtasham ali",
            "cnic": "3740550255577",
            "address": "House No M-1362 Street No 62 a"
        }
    ],
    "timestamp": "2024-01-31 05:06:24"
}{
    "status": 100,
    "data": [
        {
            "mobile": "3216966101",
            "name": "FAYYAZ AHMED",
            "cnic": "3530118833349",
            "address": "ZIA UDDIN COLONY KHAS DEPALPUR DEPALPUR DEPAL PUR MUNICIPAL KMEETI OKARA"
        }
    ],
    "timestamp": "2024-01-31 05:15:51"
}{
    "status": 100,
    "data": [
        {
            "mobile": "3086380838",
            "name": "ILAHI BAKHASH .",
            "cnic": "3120103365907",
            "address": "AUSHARIF AHMEDPUR EAST AUCH MOGALA BAHAW ALPUR. Bahawal Pur"
        },
        {
            "mobile": "3086380838",
            "name": "GHULAM BASHEER .",
            "cnic": "3610315901757",
            "address": null
        }
    ],
    "timestamp": "2024-01-31 05:19:37"
}{
    "status": 100,
    "message": "No record Found",
    "timestamp": "2024-01-31 06:07:16"
}{
    "status": 100,
    "message": "No record Found",
    "timestamp": "2024-01-31 06:52:00"
}{
    "status": 100,
    "data": [
        {
            "mobile": "3120282411",
            "name": "Musarrat  Kanwal",
            "cnic": "3630210906010",
            "address": null
        }
    ],
    "timestamp": "2024-01-31 06:52:26"
}{
    "timestamp": "2024-01-31 07:29:09"
}{
    "status": 100,
    "data": [
        {
            "mobile": "3091810308",
            "name": "MUHAMMAD RASHEED KHAN .",
            "cnic": "8210106484947",
            "address": null
        }
    ],
    "timestamp": "2024-01-31 07:34:11"
}{
    "status": 100,
    "data": [
        {
            "mobile": "3004685062",
            "name": "MUHAMMAD HASSAN WAQAR .",
            "cnic": "3450144829287",
            "address": "KOTLI NAWANIAN POST OFFICE REIA KHAS NA AROWAL NAROWAL G.P.O."
        }
    ],
    "timestamp": "2024-01-31 07:50:24"
}{
    "status": 100,
    "data": [
        {
            "mobile": "3004685062",
            "name": "MUHAMMAD HASSAN WAQAR .",
            "cnic": "3450144829287",
            "address": "KOTLI NAWANIAN POST OFFICE REIA KHAS NA AROWAL NAROWAL G.P.O."
        },
        {
            "mobile": "3051834365",
            "name": "MUHAMMAD HASSAN WAQAR .",
            "cnic": "3450144829287",
            "address": "KOTLI NAWANIAN POST OFFICE REIA KHAS NA AROWAL NAROWAL G.P.O."
        },
        {
            "mobile": "3092571998",
            "name": "MUHAMMAD HASSAN WAQAR .",
            "cnic": "3450144829287",
            "address": null
        },
        {
            "mobile": "3436684602",
            "name": null,
            "cnic": "3450144829287",
            "address": null
        },
        {
            "mobile": "3366664148",
            "name": "muhammad hassan waqar",
            "cnic": "3450144829287",
            "address": "House No 519-E l"
        },
        {
            "mobile": "3092569950",
            "name": "MUHAMMAD HASSAN WAQAR .",
            "cnic": "3450144829287",
            "address": "KOTLI NAWANIAN POST OFFICE REIA KHAS NA AROWAL NAROWAL G.P.O."
        },
        {
            "mobile": "3051224276",
            "name": "MUHAMMAD HASSAN WAQAR .",
            "cnic": "3450144829287",
            "address": "KOTLI NAWANIAN POST OFFICE REIA KHAS NA AROWAL NAROWAL G.P.O."
        }
    ],
    "timestamp": "2024-01-31 07:51:22"
}{
    "status": 100,
    "data": [
        {
            "mobile": "3484003339",
            "name": "NAWAB KHAN",
            "cnic": "2120121837995",
            "address": "KANDAY QAYYUM KHAIL QAUM QAMBAR KHAIL DAAK KHANA B"
        }
    ],
    "timestamp": "2024-01-31 08:09:28"
}{
    "status": 100,
    "data": [
        {
            "mobile": "3004685062",
            "name": "MUHAMMAD HASSAN WAQAR .",
            "cnic": "3450144829287",
            "address": "KOTLI NAWANIAN POST OFFICE REIA KHAS NA AROWAL NAROWAL G.P.O."
        }
    ],
    "timestamp": "2024-01-31 08:09:29"
}{
    "status": 100,
    "data": [
        {
            "mobile": "3420009579",
            "name": "FAROOQ FAROOQ",
            "cnic": "1540207003987",
            "address": "THANA BUTT KHELA MOHALA KHAWAR GARAY THANA KHAS MA"
        }
    ],
    "timestamp": "2024-01-31 08:09:53"
}{
    "status": 100,
    "message": "No record Found",
    "timestamp": "2024-01-31 08:11:32"
}{
    "status": 100,
    "message": "No record Found",
    "timestamp": "2024-01-31 08:11:42"
}{
    "status": 100,
    "data": [
        {
            "mobile": "3109227445",
            "name": "DATA NOT RECIEVED FROM NADRA",
            "cnic": "8230381073357",
            "address": null
        }
    ],
    "timestamp": "2024-01-31 08:11:49"
}{
    "status": 100,
    "message": "No record Found",
    "timestamp": "2024-01-31 08:12:31"
}{
    "status": 100,
    "data": [
        {
            "mobile": "3044535576",
            "name": "MUHAMMAD USMAN .",
            "cnic": "3520184255799",
            "address": "HOUSE NUMBER 14 STREET NUMBER 4 MOHALA ALTAF COLONY RANJER HEAD QUARTER LAHORE CANTT DISTRICT  LA"
        },
        {
            "mobile": "3044535576",
            "name": "MUHAMMAD SIDDIQUE .",
            "cnic": "4350404673707",
            "address": "VILLAGE BALACH KHAN BAKHSHAPUR TEHSIL \/ \/ DISTRICT KASHOR KASHMOR"
        }
    ],
    "timestamp": "2024-01-31 08:12:59"
}{
    "status": 100,
    "data": [
        {
            "mobile": "3004685062",
            "name": "MUHAMMAD HASSAN WAQAR .",
            "cnic": "3450144829287",
            "address": "KOTLI NAWANIAN POST OFFICE REIA KHAS NA AROWAL NAROWAL G.P.O."
        }
    ],
    "timestamp": "2024-01-31 08:18:33"
}{
    "status": 100,
    "data": [
        {
            "mobile": "3004685062",
            "name": "MUHAMMAD HASSAN WAQAR .",
            "cnic": "3450144829287",
            "address": "KOTLI NAWANIAN POST OFFICE REIA KHAS NA AROWAL NAROWAL G.P.O."
        },
        {
            "mobile": "3051834365",
            "name": "MUHAMMAD HASSAN WAQAR .",
            "cnic": "3450144829287",
            "address": "KOTLI NAWANIAN POST OFFICE REIA KHAS NA AROWAL NAROWAL G.P.O."
        },
        {
            "mobile": "3092571998",
            "name": "MUHAMMAD HASSAN WAQAR .",
            "cnic": "3450144829287",
            "address": null
        },
        {
            "mobile": "3436684602",
            "name": null,
            "cnic": "3450144829287",
            "address": null
        },
        {
            "mobile": "3366664148",
            "name": "muhammad hassan waqar",
            "cnic": "3450144829287",
            "address": "House No 519-E l"
        },
        {
            "mobile": "3092569950",
            "name": "MUHAMMAD HASSAN WAQAR .",
            "cnic": "3450144829287",
            "address": "KOTLI NAWANIAN POST OFFICE REIA KHAS NA AROWAL NAROWAL G.P.O."
        },
        {
            "mobile": "3051224276",
            "name": "MUHAMMAD HASSAN WAQAR .",
            "cnic": "3450144829287",
            "address": "KOTLI NAWANIAN POST OFFICE REIA KHAS NA AROWAL NAROWAL G.P.O."
        }
    ],
    "timestamp": "2024-01-31 08:18:44"
}{
    "status": 100,
    "data": [
        {
            "mobile": "3156218574",
            "name": "DATA NOT RECIEVED FROM NADRA",
            "cnic": "3240421256443",
            "address": null
        }
    ],
    "timestamp": "2024-01-31 08:22:44"
}{
    "status": 100,
    "data": [
        {
            "mobile": "3156218574",
            "name": "DATA NOT RECIEVED FROM NADRA",
            "cnic": "3240421256443",
            "address": null
        }
    ],
    "timestamp": "2024-01-31 08:23:00"
}{
    "status": 100,
    "data": [
        {
            "mobile": "3336218574",
            "name": "MOHAMMAD HAFEEZ",
            "cnic": "3240421256443",
            "address": "MOZA   QADRAN  DAKHANA"
        },
        {
            "mobile": "3106509544",
            "name": "DATA NOT RECIEVED FROM NADRA",
            "cnic": "3240421256443",
            "address": null
        },
        {
            "mobile": "3156218574",
            "name": "DATA NOT RECIEVED FROM NADRA",
            "cnic": "3240421256443",
            "address": null
        },
        {
            "mobile": "3017940341",
            "name": "MUHAMMAD HAFEEZ",
            "cnic": "3240421256443",
            "address": "MOZA QADRA P\/O MURGAI ROJAH UCH Sharif"
        },
        {
            "mobile": "3456150393",
            "name": "MUHAMMAD HAFEEZ",
            "cnic": "3240421256443",
            "address": "MURGHAI ROJHAAN MOZU QADIRA RAJAN PUR"
        },
        {
            "mobile": "3336216526",
            "name": "MOHAMMAD HAFEEZ",
            "cnic": "3240421256443",
            "address": "MOZA   QADRAN  DAKHANA"
        },
        {
            "mobile": "3017938293",
            "name": "MUHAMMAD HAFEEZ",
            "cnic": "3240421256443",
            "address": "MOZA QADRA P\/O MURGAI ROJAH UCH Sharif"
        }
    ],
    "timestamp": "2024-01-31 08:23:31"
}{
    "status": 100,
    "data": [
        {
            "mobile": "3336216526",
            "name": "MOHAMMAD HAFEEZ",
            "cnic": "3240421256443",
            "address": "MOZA   QADRAN  DAKHANA"
        }
    ],
    "timestamp": "2024-01-31 08:24:05"
}{
    "status": 100,
    "data": [
        {
            "mobile": "3456150393",
            "name": "MUHAMMAD HAFEEZ",
            "cnic": "3240421256443",
            "address": "MURGHAI ROJHAAN MOZU QADIRA RAJAN PUR"
        }
    ],
    "timestamp": "2024-01-31 08:24:21"
}{
    "status": 100,
    "data": [
        {
            "mobile": "3171594582",
            "name": "naseem  akhtar",
            "cnic": "1310179417824",
            "address": "Post-PAID"
        }
    ],
    "timestamp": "2024-01-31 08:28:29"
}{
    "status": 100,
    "data": [
        {
            "mobile": "3082074931",
            "name": "MUHAMMAD FAIZAN .",
            "cnic": "1350413434569",
            "address": "CHAKLE MULAKHAIL DARBUND TEHSIL AUGI DI ISTRICT MANSEHRA MANSEHRA G.P.O."
        }
    ],
    "timestamp": "2024-01-31 08:29:28"
}{
    "status": 100,
    "data": [
        {
            "mobile": "3008090100",
            "name": "MUHAMMAD SAMI ULLAH .",
            "cnic": "3460251039357",
            "address": null
        }
    ],
    "timestamp": "2024-01-31 08:36:53"
}{
    "status": 100,
    "data": [
        {
            "mobile": "3109227445",
            "name": "DATA NOT RECIEVED FROM NADRA",
            "cnic": "8230381073357",
            "address": null
        }
    ],
    "timestamp": "2024-01-31 08:37:20"
}{
    "status": 100,
    "message": "No record Found",
    "timestamp": "2024-01-31 08:40:47"
}{
    "status": 100,
    "message": "No record Found",
    "timestamp": "2024-01-31 08:40:59"
}{
    "status": 100,
    "message": "No record Found",
    "timestamp": "2024-01-31 08:45:44"
}{
    "status": 100,
    "message": "No record Found",
    "timestamp": "2024-01-31 08:46:00"
}{
    "status": 100,
    "data": [
        {
            "mobile": "3332471078",
            "name": "SAQIB JILANI .",
            "cnic": "3520225039695",
            "address": "HOUSE NUMBER 31\/1 STREET NUMBER 8 MOHALA SHERA KOT BANDROAD DHOLANWAAL LAHORE  PAKISTAN"
        }
    ],
    "timestamp": "2024-01-31 08:46:11"
}{
    "status": 100,
    "data": [
        {
            "mobile": "3091810308",
            "name": "MUHAMMAD RASHEED KHAN .",
            "cnic": "8210106484947",
            "address": null
        }
    ],
    "timestamp": "2024-01-31 08:56:33"
}{
    "status": 100,
    "message": "No record Found",
    "timestamp": "2024-01-31 09:44:51"
}{
    "status": 100,
    "message": "No record Found",
    "timestamp": "2024-01-31 09:46:02"
}{
    "status": 100,
    "data": [
        {
            "mobile": "3080494716",
            "name": "SHAHMEEM AKHTAR .",
            "cnic": "3530184536488",
            "address": null
        }
    ],
    "timestamp": "2024-01-31 09:54:36"
}{
    "status": 100,
    "data": [
        {
            "mobile": "3096091854",
            "name": "AFIYA RIAZ .",
            "cnic": "3330169373910",
            "address": null
        },
        {
            "mobile": "3096091854",
            "name": "NAZEERAN B B .",
            "cnic": "3550104086006",
            "address": "KHAS NANKANA SAHIB MOHALA ALI NAGR SYED D WALA NANKANA SAHIB NANKANA SAHB"
        }
    ],
    "timestamp": "2024-01-31 09:56:08"
}{
    "status": 100,
    "data": [
        {
            "mobile": "3219779739",
            "name": "TANZILA NOOR .",
            "cnic": "3530146639866",
            "address": null
        }
    ],
    "timestamp": "2024-01-31 09:56:30"
}{
    "status": 100,
    "data": [
        {
            "mobile": "3228784002",
            "name": "BHARANWAN MAI .",
            "cnic": "3240392009532",
            "address": null
        }
    ],
    "timestamp": "2024-01-31 10:26:05"
}{
    "status": 100,
    "data": [
        {
            "mobile": "3218084858",
            "name": "FAROOQ .",
            "cnic": "2130301140105",
            "address": null
        },
        {
            "mobile": "3246295198",
            "name": "FAROOQ .",
            "cnic": "2130301140105",
            "address": null
        }
    ],
    "timestamp": "2024-01-31 10:53:21"
}{
    "status": 100,
    "data": [
        {
            "mobile": "3486500916",
            "name": "ZAMEER HUSSAIN",
            "cnic": "3210264904125",
            "address": "KHAS DERA GHAZI KHAN KHOEE SUKHERY KHAN PUR NORTH"
        }
    ],
    "timestamp": "2024-01-31 12:20:03"
}{
    "status": 100,
    "message": "No record Found",
    "timestamp": "2024-01-31 12:29:32"
}{
    "status": 100,
    "data": [
        {
            "mobile": "3082074931",
            "name": "MUHAMMAD FAIZAN .",
            "cnic": "1350413434569",
            "address": "CHAKLE MULAKHAIL DARBUND TEHSIL AUGI DI ISTRICT MANSEHRA MANSEHRA G.P.O."
        }
    ],
    "timestamp": "2024-01-31 12:29:43"
}{
    "status": 100,
    "message": "No record Found",
    "timestamp": "2024-01-31 12:31:00"
}{
    "status": 100,
    "message": "No record Found",
    "timestamp": "2024-01-31 12:33:12"
}{
    "status": 100,
    "data": [
        {
            "mobile": "3025663591",
            "name": "MOOSIM KHAN .",
            "cnic": "1430103901005",
            "address": "DAAK KHANA TOGH BALA PAYAAN TEHSIL KOHA AT DISTRICT WAH"
        },
        {
            "mobile": "3025663591",
            "name": "FAQEER HUSSAIN .",
            "cnic": "3120516128377",
            "address": null
        }
    ],
    "timestamp": "2024-01-31 12:41:38"
}{
    "status": 100,
    "data": [
        {
            "mobile": "3007954539",
            "name": "MUHAMMAD MUSTAFA .",
            "cnic": "3510404268371",
            "address": null
        }
    ],
    "timestamp": "2024-01-31 13:54:58"
}{
    "status": 100,
    "data": [
        {
            "mobile": "3175073874",
            "name": "muhammad awais sadiq",
            "cnic": "3740588617699",
            "address": "Post-PAID"
        }
    ],
    "timestamp": "2024-01-31 14:15:36"
}{
    "status": 100,
    "data": [
        {
            "mobile": "3067748501",
            "name": "MUHAMMAD KHALIL ",
            "cnic": "",
            "address": "3620396579509"
        }
    ],
    "timestamp": "2024-01-31 14:55:04"
}{
    "status": 100,
    "data": [
        {
            "mobile": "3054467276",
            "name": "MUHAMMAD WAQAS ARIF .",
            "cnic": "3540130443857",
            "address": "KHAS MUREEDKAY JALAL PURA DA HALA WAHGA A SHEIKHUPURA SHEIKHUPURA G.P.O"
        }
    ],
    "timestamp": "2024-01-31 15:35:06"
}{
    "status": 100,
    "message": "No record Found",
    "timestamp": "2024-01-31 16:25:29"
}{
    "status": 100,
    "data": [
        {
            "mobile": "3008028240",
            "name": "ALI ASGHAR .",
            "cnic": "3510394103365",
            "address": "PATTOKI MALIK PURA PATTOKI KASUR  Kasur"
        },
        {
            "mobile": "3074481038",
            "name": "ALI ASGHAR .",
            "cnic": "3510394103365",
            "address": "PATTOKI MALIK PURA PATTOKI KASUR  Kasur"
        },
        {
            "mobile": "3244131033",
            "name": "ALI ASGHAR",
            "cnic": "3510394103365",
            "address": "PATTOKI MALIK PURA PATTOKI KASUR"
        },
        {
            "mobile": "3244219693",
            "name": "ALI ASGHAR .",
            "cnic": "3510394103365",
            "address": null
        },
        {
            "mobile": "3244217645",
            "name": "ALI ASGHAR",
            "cnic": "3510394103365",
            "address": "PATTOKI MALIK PURA PATTOKI KASUR"
        },
        {
            "mobile": "3008026192",
            "name": "ALI ASGHAR .",
            "cnic": "3510394103365",
            "address": "PATTOKI MALIK PURA PATTOKI KASUR  Kasur"
        }
    ],
    "timestamp": "2024-01-31 16:26:41"
}{
    "status": 100,
    "message": "No record Found",
    "timestamp": "2024-01-31 17:15:34"
}{
    "status": 100,
    "message": "No record Found",
    "timestamp": "2024-01-31 17:15:44"
}{
    "status": 100,
    "data": [
        {
            "mobile": "3247914602",
            "name": "AMINA .",
            "cnic": "3510325183184",
            "address": null
        }
    ],
    "timestamp": "2024-01-31 17:40:51"
}{
    "status": 100,
    "data": [
        {
            "mobile": "3084975671",
            "name": "RAZIA BEGHUM .",
            "cnic": "3510384045278",
            "address": null
        }
    ],
    "timestamp": "2024-01-31 17:41:45"
}{
    "status": 100,
    "data": [
        {
            "mobile": "3095540129",
            "name": "MUHAMMAD IQBAL",
            "cnic": "3510230534235",
            "address": "KHADIYAAN KHAS KASUR JATYAN KA SUR Lahore"
        }
    ],
    "timestamp": "2024-01-31 17:41:46"
}{
    "status": 100,
    "data": [
        {
            "mobile": "3077079105",
            "name": "MUHAMMAD IQBAL",
            "cnic": "3510230534235",
            "address": "KHADIYAAN KHAS KASUR JATYAN KA SUR Lahore"
        },
        {
            "mobile": "3095540129",
            "name": "MUHAMMAD IQBAL",
            "cnic": "3510230534235",
            "address": "KHADIYAAN KHAS KASUR JATYAN KA SUR Lahore"
        }
    ],
    "timestamp": "2024-01-31 17:41:55"
}{
    "status": 100,
    "message": "No record Found",
    "timestamp": "2024-01-31 17:42:08"
}{
    "status": 100,
    "data": [
        {
            "mobile": "3156218574",
            "name": "DATA NOT RECIEVED FROM NADRA",
            "cnic": "3240421256443",
            "address": null
        }
    ],
    "timestamp": "2024-01-31 17:42:29"
}{
    "status": 100,
    "data": [
        {
            "mobile": "3336218574",
            "name": "MOHAMMAD HAFEEZ",
            "cnic": "3240421256443",
            "address": "MOZA   QADRAN  DAKHANA"
        },
        {
            "mobile": "3106509544",
            "name": "DATA NOT RECIEVED FROM NADRA",
            "cnic": "3240421256443",
            "address": null
        },
        {
            "mobile": "3156218574",
            "name": "DATA NOT RECIEVED FROM NADRA",
            "cnic": "3240421256443",
            "address": null
        },
        {
            "mobile": "3017940341",
            "name": "MUHAMMAD HAFEEZ",
            "cnic": "3240421256443",
            "address": "MOZA QADRA P\/O MURGAI ROJAH UCH Sharif"
        },
        {
            "mobile": "3456150393",
            "name": "MUHAMMAD HAFEEZ",
            "cnic": "3240421256443",
            "address": "MURGHAI ROJHAAN MOZU QADIRA RAJAN PUR"
        },
        {
            "mobile": "3336216526",
            "name": "MOHAMMAD HAFEEZ",
            "cnic": "3240421256443",
            "address": "MOZA   QADRAN  DAKHANA"
        },
        {
            "mobile": "3017938293",
            "name": "MUHAMMAD HAFEEZ",
            "cnic": "3240421256443",
            "address": "MOZA QADRA P\/O MURGAI ROJAH UCH Sharif"
        }
    ],
    "timestamp": "2024-01-31 17:42:38"
}{
    "status": 100,
    "data": [
        {
            "mobile": "3247914602",
            "name": "AMINA .",
            "cnic": "3510325183184",
            "address": null
        }
    ],
    "timestamp": "2024-01-31 17:43:58"
}{
    "status": 100,
    "message": "No record Found",
    "timestamp": "2024-01-31 17:54:29"
}{
    "status": 100,
    "data": [
        {
            "mobile": "3001437381",
            "name": "TALHA MAQSOOD .",
            "cnic": "3310549045241",
            "address": null
        }
    ],
    "timestamp": "2024-01-31 17:54:38"
}{
    "timestamp": "2024-01-31 18:00:43"
}{
    "status": 100,
    "data": [
        {
            "mobile": "3094748310",
            "name": "MUZAMIL HUSSAIN",
            "cnic": "3310434514813",
            "address": "CHUK NO 99 GB  TEHSIL JARANWALA  Faisalabad"
        },
        {
            "mobile": "3094748310",
            "name": "MUHAMMAD KHAN",
            "cnic": "3410365872871",
            "address": "THAKAR KAY WRACHNWSHHRH WARQAN KOT LAL DEEN GUJRANWALA Faisalabad"
        }
    ],
    "timestamp": "2024-01-31 18:01:17"
}{
    "status": 100,
    "message": "No record Found",
    "timestamp": "2024-01-31 18:10:57"
}{
    "status": 100,
    "message": "No record Found",
    "timestamp": "2024-01-31 18:11:07"
}{
    "status": 100,
    "message": "No record Found",
    "timestamp": "2024-01-31 18:11:26"
}{
    "status": 100,
    "message": "No record Found",
    "timestamp": "2024-01-31 18:11:39"
}{
    "status": 100,
    "message": "No record Found",
    "timestamp": "2024-01-31 18:11:52"
}{
    "status": 100,
    "message": "No record Found",
    "timestamp": "2024-01-31 18:11:58"
}{
    "status": 100,
    "data": [
        {
            "mobile": "3020757526",
            "name": "MUHAMMAD SAJID FAREED .",
            "cnic": "3220386672119",
            "address": null
        }
    ],
    "timestamp": "2024-01-31 18:12:05"
}{
    "status": 100,
    "data": [
        {
            "mobile": "3249780510",
            "name": "SAFIA BEGUM .",
            "cnic": "3410165378470",
            "address": null
        }
    ],
    "timestamp": "2024-01-31 18:17:38"
}{
    "status": 100,
    "message": "No record Found",
    "timestamp": "2024-01-31 18:24:44"
}{
    "status": 100,
    "data": [
        {
            "mobile": "3219383838",
            "name": "IJAZ KHAN",
            "cnic": "1540125365035",
            "address": null
        }
    ],
    "timestamp": "2024-01-31 18:25:04"
}{
    "status": 100,
    "data": [
        {
            "mobile": "3003706709",
            "name": "ABDL RASHEED",
            "cnic": "5340407823127",
            "address": null
        },
        {
            "mobile": "3003706709",
            "name": "SADDAM HUSSAIN .",
            "cnic": "5340525935345",
            "address": "GOTH SARDAR FATEH ALI UMRANI DAAK KHANA AZIZABAD MEER WAH TEHSIL TAMBO DISTRICT NASEERABAD  NASEE"
        }
    ],
    "timestamp": "2024-01-31 18:42:43"
}{
    "status": 100,
    "data": [
        {
            "mobile": "3165916477",
            "name": "DATA NOT RECIEVED FROM NADRA",
            "cnic": "1350305227767",
            "address": null
        }
    ],
    "timestamp": "2024-01-31 19:22:07"
}{
    "status": 100,
    "message": "No record Found",
    "timestamp": "2024-01-31 19:29:19"
}{
    "status": 100,
    "data": [
        {
            "mobile": "3247480350",
            "name": "NAZEERAN BIBI .",
            "cnic": "3120497837660",
            "address": null
        }
    ],
    "timestamp": "2024-01-31 19:33:03"
}{
    "timestamp": "2024-01-31 19:39:12"
}{
    "status": 100,
    "data": [
        {
            "mobile": "3000760006",
            "name": "SAIRA .",
            "cnic": "3410183522706",
            "address": null
        }
    ],
    "timestamp": "2024-01-31 21:47:04"
}{
    "status": 100,
    "data": [
        {
            "mobile": "3002143564",
            "name": "KHADIM HUSSAIN",
            "cnic": "3130401332099",
            "address": "CHAK # 169 P TEH SADQABAD & DISTT Rahim Yar Khan"
        }
    ],
    "timestamp": "2024-01-31 21:49:53"
}{
    "status": 100,
    "data": [
        {
            "mobile": "3000695701",
            "name": "NUSRAT BIBI .",
            "cnic": "3620190926828",
            "address": "village ahmed bhan SAKRAND City SHAHEED BENAZIR ABAD Lahore"
        }
    ],
    "timestamp": "2024-01-31 23:38:15"
}