{
    "msg": "Not allowed",
    "timestamp": "2024-03-31 03:27:14"
}{
    "msg": "Not allowed",
    "timestamp": "2024-03-31 03:27:21"
}{
    "msg": "Not allowed",
    "timestamp": "2024-03-31 04:13:29"
}{
    "msg": "Not allowed",
    "timestamp": "2024-03-31 04:17:12"
}{
    "msg": "Not allowed",
    "timestamp": "2024-03-31 04:53:04"
}{
    "msg": "Not allowed",
    "timestamp": "2024-03-31 06:44:44"
}{
    "msg": "Not allowed",
    "timestamp": "2024-03-31 06:44:53"
}{
    "msg": "Not allowed",
    "timestamp": "2024-03-31 06:58:04"
}{
    "msg": "Not allowed",
    "timestamp": "2024-03-31 07:01:56"
}{
    "msg": "Not allowed",
    "timestamp": "2024-03-31 07:17:38"
}{
    "msg": "Not allowed",
    "timestamp": "2024-03-31 08:19:36"
}{
    "msg": "Not allowed",
    "timestamp": "2024-03-31 08:24:29"
}{
    "msg": "Not allowed",
    "timestamp": "2024-03-31 08:24:40"
}{
    "msg": "Not allowed",
    "timestamp": "2024-03-31 08:26:54"
}{
    "msg": "Not allowed",
    "timestamp": "2024-03-31 08:27:10"
}{
    "msg": "Not allowed",
    "timestamp": "2024-03-31 08:27:18"
}{
    "msg": "Not allowed",
    "timestamp": "2024-03-31 08:29:14"
}{
    "msg": "Not allowed",
    "timestamp": "2024-03-31 08:29:30"
}{
    "msg": "Not allowed",
    "timestamp": "2024-03-31 08:29:40"
}{
    "msg": "Not allowed",
    "timestamp": "2024-03-31 08:29:54"
}{
    "msg": "Not allowed",
    "timestamp": "2024-03-31 08:58:15"
}{
    "msg": "Not allowed",
    "timestamp": "2024-03-31 09:02:44"
}{
    "msg": "Not allowed",
    "timestamp": "2024-03-31 09:10:11"
}{
    "msg": "Not allowed",
    "timestamp": "2024-03-31 09:42:57"
}{
    "msg": "Not allowed",
    "timestamp": "2024-03-31 10:14:40"
}{
    "msg": "Not allowed",
    "timestamp": "2024-03-31 10:31:34"
}{
    "msg": "Not allowed",
    "timestamp": "2024-03-31 10:39:19"
}{
    "msg": "Not allowed",
    "timestamp": "2024-03-31 10:40:14"
}{
    "msg": "Not allowed",
    "timestamp": "2024-03-31 11:01:04"
}{
    "msg": "Not allowed",
    "timestamp": "2024-03-31 11:09:01"
}{
    "msg": "Not allowed",
    "timestamp": "2024-03-31 11:24:14"
}{
    "msg": "Not allowed",
    "timestamp": "2024-03-31 11:38:47"
}{
    "msg": "Not allowed",
    "timestamp": "2024-03-31 11:38:48"
}{
    "msg": "Not allowed",
    "timestamp": "2024-03-31 12:32:38"
}{
    "msg": "Not allowed",
    "timestamp": "2024-03-31 13:50:43"
}{
    "msg": "Not allowed",
    "timestamp": "2024-03-31 14:00:42"
}{
    "msg": "Not allowed",
    "timestamp": "2024-03-31 15:06:30"
}{
    "msg": "Not allowed",
    "timestamp": "2024-03-31 15:43:56"
}{
    "msg": "Not allowed",
    "timestamp": "2024-03-31 15:45:26"
}{
    "msg": "Not allowed",
    "timestamp": "2024-03-31 15:45:39"
}{
    "msg": "Not allowed",
    "timestamp": "2024-03-31 15:46:54"
}{
    "msg": "Not allowed",
    "timestamp": "2024-03-31 15:47:01"
}{
    "0": {
        "Mobile": "3073331366",
        "Name": "ALLIED BANK Branches",
        "CNIC": "0",
        "ADDRESS": "MOHALA KAMAL KHAIL  PO COLONY S Mardan"
    },
    "1": {
        "Mobile": "3080255441",
        "Name": "JSK Feeds Limited",
        "CNIC": "0",
        "ADDRESS": "House No.12, Street No.34, F-7\/1, Islamabad Islamabad"
    },
    "2": {
        "Mobile": "3073331366",
        "Name": "ALLIED BANK Branches",
        "CNIC": "0",
        "ADDRESS": "MOHALA KAMAL KHAIL  PO COLONY S Mardan"
    },
    "3": {
        "Mobile": "3080255441",
        "Name": "JSK Feeds Limited",
        "CNIC": "0",
        "ADDRESS": "House No.12, Street No.34, F-7\/1, Islamabad Islamabad"
    },
    "4": {
        "Mobile": "3081274063",
        "Name": "Bykea Technologies-Riders 178966",
        "CNIC": "0",
        "ADDRESS": "14th Floor Chapal Plaza hasrat  Mohani road Karachi"
    },
    "5": {
        "Mobile": "3081272202",
        "Name": "Bykea Technologies-Riders-178963",
        "CNIC": "0",
        "ADDRESS": "14th Floor Chapal Plaza hasrat Mohani road Karachi. Karachi"
    },
    "6": {
        "Mobile": "3081273317",
        "Name": "Bykea Technologies-Riders-178965",
        "CNIC": "0",
        "ADDRESS": "4th Floor Chapal Plaza hasrat  Mohani road Karachi... Karachi"
    },
    "7": {
        "Mobile": "3081274063",
        "Name": "Bykea Technologies-Riders 178966",
        "CNIC": "0",
        "ADDRESS": "14th Floor Chapal Plaza hasrat  Mohani road Karachi"
    },
    "8": {
        "Mobile": "3081272202",
        "Name": "Bykea Technologies-Riders-178963",
        "CNIC": "0",
        "ADDRESS": "14th Floor Chapal Plaza hasrat Mohani road Karachi. Karachi"
    },
    "9": {
        "Mobile": "3081273317",
        "Name": "Bykea Technologies-Riders-178965",
        "CNIC": "0",
        "ADDRESS": "4th Floor Chapal Plaza hasrat  Mohani road Karachi... Karachi"
    },
    "10": {
        "Mobile": "2134810180",
        "Name": "SYED AHMED ZEESHAN JAFRI",
        "ADDRESS": "A\/2 PLOT-14 FL-4 G\/FLOOR, BLOCK-5, GULSHAN-E-IQBAL KARACHI, NOT IN ID FILE",
        "CNIC": "0"
    },
    "11": {
        "Mobile": "2134810180",
        "Name": "SYED AHMED ZEESHAN JAFRI",
        "ADDRESS": "A\/2 PLOT-14 FL-4 G\/FLOOR, BLOCK-5, GULSHAN-E-IQBAL KARACHI, NOT IN ID FILE",
        "CNIC": "0"
    },
    "12": {
        "Mobile": "3334354116",
        "Name": "SHAHID BASHIR BUTT",
        "ADDRESS": "",
        "CNIC": ""
    },
    "13": {
        "Mobile": "3332141824",
        "Name": "PREM CHAND",
        "ADDRESS": "",
        "CNIC": ""
    },
    "14": {
        "Mobile": "3339625227",
        "Name": "TAJ MOHAMMAD",
        "ADDRESS": "VILLA GE SANIBUNHAT",
        "CNIC": ""
    },
    "15": {
        "Mobile": "3332273381",
        "Name": "MAJEED SHARF",
        "ADDRESS": "",
        "CNIC": ""
    },
    "16": {
        "Mobile": "3339161307",
        "Name": "ILYAS KHAN",
        "ADDRESS": "MUZOW P\/O TARANGZAI",
        "CNIC": ""
    },
    "17": {
        "Mobile": "3332186785",
        "Name": "MUHAMMAD SHAKIL",
        "ADDRESS": "",
        "CNIC": ""
    },
    "18": {
        "Mobile": "3339625743",
        "Name": "SAJEED GUL",
        "ADDRESS": "CADET COOLLGEPINDI ROAD",
        "CNIC": ""
    },
    "timestamp": "2024-03-31 15:51:24"
}{
    "0": {
        "Mobile": "3073331366",
        "Name": "ALLIED BANK Branches",
        "CNIC": "0",
        "ADDRESS": "MOHALA KAMAL KHAIL  PO COLONY S Mardan"
    },
    "1": {
        "Mobile": "3080255441",
        "Name": "JSK Feeds Limited",
        "CNIC": "0",
        "ADDRESS": "House No.12, Street No.34, F-7\/1, Islamabad Islamabad"
    },
    "2": {
        "Mobile": "3073331366",
        "Name": "ALLIED BANK Branches",
        "CNIC": "0",
        "ADDRESS": "MOHALA KAMAL KHAIL  PO COLONY S Mardan"
    },
    "3": {
        "Mobile": "3080255441",
        "Name": "JSK Feeds Limited",
        "CNIC": "0",
        "ADDRESS": "House No.12, Street No.34, F-7\/1, Islamabad Islamabad"
    },
    "4": {
        "Mobile": "3081274063",
        "Name": "Bykea Technologies-Riders 178966",
        "CNIC": "0",
        "ADDRESS": "14th Floor Chapal Plaza hasrat  Mohani road Karachi"
    },
    "5": {
        "Mobile": "3081272202",
        "Name": "Bykea Technologies-Riders-178963",
        "CNIC": "0",
        "ADDRESS": "14th Floor Chapal Plaza hasrat Mohani road Karachi. Karachi"
    },
    "6": {
        "Mobile": "3081273317",
        "Name": "Bykea Technologies-Riders-178965",
        "CNIC": "0",
        "ADDRESS": "4th Floor Chapal Plaza hasrat  Mohani road Karachi... Karachi"
    },
    "7": {
        "Mobile": "3081274063",
        "Name": "Bykea Technologies-Riders 178966",
        "CNIC": "0",
        "ADDRESS": "14th Floor Chapal Plaza hasrat  Mohani road Karachi"
    },
    "8": {
        "Mobile": "3081272202",
        "Name": "Bykea Technologies-Riders-178963",
        "CNIC": "0",
        "ADDRESS": "14th Floor Chapal Plaza hasrat Mohani road Karachi. Karachi"
    },
    "9": {
        "Mobile": "3081273317",
        "Name": "Bykea Technologies-Riders-178965",
        "CNIC": "0",
        "ADDRESS": "4th Floor Chapal Plaza hasrat  Mohani road Karachi... Karachi"
    },
    "10": {
        "Mobile": "2134810180",
        "Name": "SYED AHMED ZEESHAN JAFRI",
        "ADDRESS": "A\/2 PLOT-14 FL-4 G\/FLOOR, BLOCK-5, GULSHAN-E-IQBAL KARACHI, NOT IN ID FILE",
        "CNIC": "0"
    },
    "11": {
        "Mobile": "2134810180",
        "Name": "SYED AHMED ZEESHAN JAFRI",
        "ADDRESS": "A\/2 PLOT-14 FL-4 G\/FLOOR, BLOCK-5, GULSHAN-E-IQBAL KARACHI, NOT IN ID FILE",
        "CNIC": "0"
    },
    "12": {
        "Mobile": "3334354116",
        "Name": "SHAHID BASHIR BUTT",
        "ADDRESS": "",
        "CNIC": ""
    },
    "13": {
        "Mobile": "3332141824",
        "Name": "PREM CHAND",
        "ADDRESS": "",
        "CNIC": ""
    },
    "14": {
        "Mobile": "3339625227",
        "Name": "TAJ MOHAMMAD",
        "ADDRESS": "VILLA GE SANIBUNHAT",
        "CNIC": ""
    },
    "15": {
        "Mobile": "3332273381",
        "Name": "MAJEED SHARF",
        "ADDRESS": "",
        "CNIC": ""
    },
    "16": {
        "Mobile": "3339161307",
        "Name": "ILYAS KHAN",
        "ADDRESS": "MUZOW P\/O TARANGZAI",
        "CNIC": ""
    },
    "17": {
        "Mobile": "3332186785",
        "Name": "MUHAMMAD SHAKIL",
        "ADDRESS": "",
        "CNIC": ""
    },
    "18": {
        "Mobile": "3339625743",
        "Name": "SAJEED GUL",
        "ADDRESS": "CADET COOLLGEPINDI ROAD",
        "CNIC": ""
    },
    "timestamp": "2024-03-31 15:51:39"
}{
    "0": {
        "Mobile": "3095540129",
        "Name": "MUHAMMAD IQBAL",
        "CNIC": "3510230534235",
        "ADDRESS": "KHADIYAAN KHAS KASUR JATYAN KA SUR Lahore"
    },
    "timestamp": "2024-03-31 15:56:13"
}{
    "0": {
        "Mobile": "3095540129",
        "Name": "MUHAMMAD IQBAL",
        "CNIC": "3510230534235",
        "ADDRESS": "KHADIYAAN KHAS KASUR JATYAN KA SUR Lahore"
    },
    "timestamp": "2024-03-31 15:56:20"
}{
    "0": {
        "Mobile": "3095540129",
        "Name": "MUHAMMAD IQBAL",
        "CNIC": "3510230534235",
        "ADDRESS": "KHADIYAAN KHAS KASUR JATYAN KA SUR Lahore"
    },
    "timestamp": "2024-03-31 16:10:25"
}{
    "0": {
        "Mobile": "3095540129",
        "Name": "MUHAMMAD IQBAL",
        "CNIC": "3510230534235",
        "ADDRESS": "KHADIYAAN KHAS KASUR JATYAN KA SUR Lahore"
    },
    "timestamp": "2024-03-31 16:12:35"
}{
    "0": {
        "Mobile": "3095540129",
        "Name": "MUHAMMAD IQBAL",
        "CNIC": "3510230534235",
        "ADDRESS": "KHADIYAAN KHAS KASUR JATYAN KA SUR Lahore"
    },
    "timestamp": "2024-03-31 16:12:45"
}{
    "0": {
        "Mobile": "3095540129",
        "Name": "MUHAMMAD IQBAL",
        "CNIC": "3510230534235",
        "ADDRESS": "KHADIYAAN KHAS KASUR JATYAN KA SUR Lahore"
    },
    "timestamp": "2024-03-31 16:13:32"
}{
    "timestamp": "2024-03-31 16:13:42"
}{
    "0": {
        "Mobile": "3095540129",
        "Name": "MUHAMMAD IQBAL",
        "CNIC": "3510230534235",
        "ADDRESS": "KHADIYAAN KHAS KASUR JATYAN KA SUR Lahore"
    },
    "timestamp": "2024-03-31 16:15:00"
}{
    "timestamp": "2024-03-31 16:16:46"
}{
    "0": {
        "Mobile": "3095540129",
        "Name": "MUHAMMAD IQBAL",
        "CNIC": "3510230534235",
        "ADDRESS": "KHADIYAAN KHAS KASUR JATYAN KA SUR Lahore"
    },
    "timestamp": "2024-03-31 16:20:28"
}{
    "0": {
        "Mobile": "3036448912",
        "Name": "KALEEM ALLAH",
        "CNIC": "3240333672691",
        "ADDRESS": "ROJHAAN ROJHAAN QADIRA RAJAN PUR"
    },
    "timestamp": "2024-03-31 16:20:28"
}{
    "0": {
        "Mobile": "3095540129",
        "Name": "MUHAMMAD IQBAL",
        "CNIC": "3510230534235",
        "ADDRESS": "KHADIYAAN KHAS KASUR JATYAN KA SUR Lahore"
    },
    "timestamp": "2024-03-31 16:21:15"
}{
    "0": {
        "Mobile": "3095540129",
        "Name": "MUHAMMAD IQBAL",
        "CNIC": "3510230534235",
        "ADDRESS": "KHADIYAAN KHAS KASUR JATYAN KA SUR Lahore"
    },
    "timestamp": "2024-03-31 16:21:52"
}{
    "0": {
        "Mobile": "3095540129",
        "Name": "MUHAMMAD IQBAL",
        "CNIC": "3510230534235",
        "ADDRESS": "KHADIYAAN KHAS KASUR JATYAN KA SUR Lahore"
    },
    "timestamp": "2024-03-31 16:22:26"
}{
    "0": {
        "Mobile": "3036448912",
        "Name": "KALEEM ALLAH",
        "CNIC": "3240333672691",
        "ADDRESS": "ROJHAAN ROJHAAN QADIRA RAJAN PUR"
    },
    "timestamp": "2024-03-31 16:22:28"
}{
    "0": {
        "Mobile": "3034718656",
        "Name": "KALEEM ALLAH .",
        "CNIC": "3240333672691",
        "ADDRESS": "ROJHAAN QADIRA RAJAN PUR  RAJAN PUR"
    },
    "1": {
        "Mobile": "3116528656",
        "Name": "kaleem  ullah",
        "CNIC": "3240333672691",
        "ADDRESS": "no"
    },
    "2": {
        "Mobile": "3036448912",
        "Name": "KALEEM ALLAH",
        "CNIC": "3240333672691",
        "ADDRESS": "ROJHAAN ROJHAAN QADIRA RAJAN PUR"
    },
    "timestamp": "2024-03-31 16:22:43"
}{
    "0": {
        "Mobile": "3116528656",
        "Name": "kaleem  ullah",
        "CNIC": "3240333672691",
        "ADDRESS": "no"
    },
    "timestamp": "2024-03-31 16:23:01"
}{
    "0": {
        "Mobile": "3073331366",
        "Name": "ALLIED BANK Branches",
        "CNIC": "0",
        "ADDRESS": "MOHALA KAMAL KHAIL  PO COLONY S Mardan"
    },
    "1": {
        "Mobile": "3080255441",
        "Name": "JSK Feeds Limited",
        "CNIC": "0",
        "ADDRESS": "House No.12, Street No.34, F-7\/1, Islamabad Islamabad"
    },
    "2": {
        "Mobile": "3073331366",
        "Name": "ALLIED BANK Branches",
        "CNIC": "0",
        "ADDRESS": "MOHALA KAMAL KHAIL  PO COLONY S Mardan"
    },
    "3": {
        "Mobile": "3080255441",
        "Name": "JSK Feeds Limited",
        "CNIC": "0",
        "ADDRESS": "House No.12, Street No.34, F-7\/1, Islamabad Islamabad"
    },
    "4": {
        "Mobile": "3081274063",
        "Name": "Bykea Technologies-Riders 178966",
        "CNIC": "0",
        "ADDRESS": "14th Floor Chapal Plaza hasrat  Mohani road Karachi"
    },
    "5": {
        "Mobile": "3081272202",
        "Name": "Bykea Technologies-Riders-178963",
        "CNIC": "0",
        "ADDRESS": "14th Floor Chapal Plaza hasrat Mohani road Karachi. Karachi"
    },
    "6": {
        "Mobile": "3081273317",
        "Name": "Bykea Technologies-Riders-178965",
        "CNIC": "0",
        "ADDRESS": "4th Floor Chapal Plaza hasrat  Mohani road Karachi... Karachi"
    },
    "7": {
        "Mobile": "3081274063",
        "Name": "Bykea Technologies-Riders 178966",
        "CNIC": "0",
        "ADDRESS": "14th Floor Chapal Plaza hasrat  Mohani road Karachi"
    },
    "8": {
        "Mobile": "3081272202",
        "Name": "Bykea Technologies-Riders-178963",
        "CNIC": "0",
        "ADDRESS": "14th Floor Chapal Plaza hasrat Mohani road Karachi. Karachi"
    },
    "9": {
        "Mobile": "3081273317",
        "Name": "Bykea Technologies-Riders-178965",
        "CNIC": "0",
        "ADDRESS": "4th Floor Chapal Plaza hasrat  Mohani road Karachi... Karachi"
    },
    "10": {
        "Mobile": "2134810180",
        "Name": "SYED AHMED ZEESHAN JAFRI",
        "ADDRESS": "A\/2 PLOT-14 FL-4 G\/FLOOR, BLOCK-5, GULSHAN-E-IQBAL KARACHI, NOT IN ID FILE",
        "CNIC": "0"
    },
    "11": {
        "Mobile": "2134810180",
        "Name": "SYED AHMED ZEESHAN JAFRI",
        "ADDRESS": "A\/2 PLOT-14 FL-4 G\/FLOOR, BLOCK-5, GULSHAN-E-IQBAL KARACHI, NOT IN ID FILE",
        "CNIC": "0"
    },
    "12": {
        "Mobile": "3334354116",
        "Name": "SHAHID BASHIR BUTT",
        "ADDRESS": "",
        "CNIC": ""
    },
    "13": {
        "Mobile": "3332141824",
        "Name": "PREM CHAND",
        "ADDRESS": "",
        "CNIC": ""
    },
    "14": {
        "Mobile": "3339625227",
        "Name": "TAJ MOHAMMAD",
        "ADDRESS": "VILLA GE SANIBUNHAT",
        "CNIC": ""
    },
    "15": {
        "Mobile": "3332273381",
        "Name": "MAJEED SHARF",
        "ADDRESS": "",
        "CNIC": ""
    },
    "16": {
        "Mobile": "3339161307",
        "Name": "ILYAS KHAN",
        "ADDRESS": "MUZOW P\/O TARANGZAI",
        "CNIC": ""
    },
    "17": {
        "Mobile": "3332186785",
        "Name": "MUHAMMAD SHAKIL",
        "ADDRESS": "",
        "CNIC": ""
    },
    "18": {
        "Mobile": "3339625743",
        "Name": "SAJEED GUL",
        "ADDRESS": "CADET COOLLGEPINDI ROAD",
        "CNIC": ""
    },
    "timestamp": "2024-03-31 16:23:19"
}{
    "0": {
        "Mobile": "3095540129",
        "Name": "MUHAMMAD IQBAL",
        "CNIC": "3510230534235",
        "ADDRESS": "KHADIYAAN KHAS KASUR JATYAN KA SUR Lahore"
    },
    "timestamp": "2024-03-31 16:27:03"
}{
    "0": {
        "Mobile": "3095540128",
        "Name": "MUBARAK ALI",
        "CNIC": "3510175551781",
        "ADDRESS": "MEER KOT  Kasur"
    },
    "timestamp": "2024-03-31 16:27:17"
}{
    "0": {
        "Mobile": "3444186086",
        "Name": "SHAUKAT ALI",
        "CNIC": "3530190441591",
        "ADDRESS": "Lahore N\/A Lahore"
    },
    "timestamp": "2024-03-31 16:27:18"
}{
    "0": {
        "Mobile": "3020734458",
        "Name": "SAGRAN .",
        "CNIC": "4410764827108",
        "ADDRESS": "GAON SENDHAL MANGRIO DAAK KHANA UMER KOT HA SEESAR TEHSIL \/ DISTRICT UMER KOT  PAKISTAN"
    },
    "timestamp": "2024-03-31 16:27:36"
}{
    "0": {
        "Mobile": "3444186086",
        "Name": "SHAUKAT ALI",
        "CNIC": "3530190441591",
        "ADDRESS": "Lahore N\/A Lahore"
    },
    "timestamp": "2024-03-31 16:28:07"
}{
    "0": {
        "Mobile": "3020734458",
        "Name": "SAGRAN .",
        "CNIC": "4410764827108",
        "ADDRESS": "GAON SENDHAL MANGRIO DAAK KHANA UMER KOT HA SEESAR TEHSIL \/ DISTRICT UMER KOT  PAKISTAN"
    },
    "timestamp": "2024-03-31 16:28:20"
}{
    "0": {
        "Mobile": "3095540129",
        "Name": "MUHAMMAD IQBAL",
        "CNIC": "3510230534235",
        "ADDRESS": "KHADIYAAN KHAS KASUR JATYAN KA SUR Lahore"
    },
    "timestamp": "2024-03-31 16:30:46"
}{
    "0": {
        "Mobile": "3095540129",
        "Name": "MUHAMMAD IQBAL",
        "CNIC": "3510230534235",
        "ADDRESS": "KHADIYAAN KHAS KASUR JATYAN KA SUR Lahore"
    },
    "timestamp": "2024-03-31 16:34:04"
}{
    "0": {
        "Mobile": "3020734458",
        "Name": "SAGRAN .",
        "CNIC": "4410764827108",
        "ADDRESS": "GAON SENDHAL MANGRIO DAAK KHANA UMER KOT HA SEESAR TEHSIL \/ DISTRICT UMER KOT  PAKISTAN"
    },
    "timestamp": "2024-03-31 16:34:34"
}{
    "0": {
        "Mobile": "3020734458",
        "Name": "SAGRAN .",
        "CNIC": "4410764827108",
        "ADDRESS": "GAON SENDHAL MANGRIO DAAK KHANA UMER KOT HA SEESAR TEHSIL \/ DISTRICT UMER KOT  PAKISTAN"
    },
    "timestamp": "2024-03-31 16:34:42"
}{
    "0": {
        "Mobile": "3020734458",
        "Name": "SAGRAN .",
        "CNIC": "4410764827108",
        "ADDRESS": "GAON SENDHAL MANGRIO DAAK KHANA UMER KOT HA SEESAR TEHSIL \/ DISTRICT UMER KOT  PAKISTAN"
    },
    "timestamp": "2024-03-31 16:36:29"
}{
    "0": {
        "Mobile": "3020734458",
        "Name": "SAGRAN .",
        "CNIC": "4410764827108",
        "ADDRESS": "GAON SENDHAL MANGRIO DAAK KHANA UMER KOT HA SEESAR TEHSIL \/ DISTRICT UMER KOT  PAKISTAN"
    },
    "timestamp": "2024-03-31 16:39:43"
}{
    "0": {
        "Mobile": "3095540129",
        "Name": "MUHAMMAD IQBAL",
        "CNIC": "3510230534235",
        "ADDRESS": "KHADIYAAN KHAS KASUR JATYAN KA SUR Lahore"
    },
    "timestamp": "2024-03-31 16:39:51"
}{
    "msg": "Not allowed",
    "timestamp": "2024-03-31 16:40:29"
}{
    "msg": "Not allowed",
    "timestamp": "2024-03-31 16:44:59"
}{
    "0": {
        "Mobile": "3036448912",
        "Name": "KALEEM ALLAH",
        "CNIC": "3240333672691",
        "ADDRESS": "ROJHAAN ROJHAAN QADIRA RAJAN PUR"
    },
    "timestamp": "2024-03-31 16:47:55"
}{
    "0": {
        "Mobile": "3116528656",
        "Name": "kaleem  ullah",
        "CNIC": "3240333672691",
        "ADDRESS": "no"
    },
    "timestamp": "2024-03-31 16:48:07"
}{
    "0": {
        "Mobile": "3486521324",
        "Name": "NASEEM AKHTAR",
        "CNIC": "3330342319976",
        "ADDRESS": "HOUSE NUMBER 617 STREET NUMBER 1 MOHALA FAISAL ABA"
    },
    "timestamp": "2024-03-31 16:48:50"
}{
    "0": {
        "Mobile": "3319714796",
        "Name": "RIAZ HUSSAIN",
        "ADDRESS": "UMER KWTRWJHANQADRHRAJN PUR",
        "CNIC": "3240413936407"
    },
    "timestamp": "2024-03-31 16:49:17"
}{
    "0": {
        "Mobile": "3036448912",
        "Name": "KALEEM ALLAH",
        "CNIC": "3240333672691",
        "ADDRESS": "ROJHAAN ROJHAAN QADIRA RAJAN PUR"
    },
    "timestamp": "2024-03-31 16:49:25"
}{
    "0": {
        "Mobile": "3207026497",
        "Name": "QASIM ALI .",
        "CNIC": "3310007539323",
        "ADDRESS": "HOUSE NUMBER 783 MOHALA SUMAN ABAD BLOCK 47 FAISAL ABAD TEHSIL FAISAL ABAD CITY DISTRICT FAISAL ABAD"
    },
    "timestamp": "2024-03-31 16:50:11"
}{
    "timestamp": "2024-03-31 16:50:28"
}{
    "timestamp": "2024-03-31 16:50:32"
}{
    "0": {
        "Mobile": "3156218575",
        "Name": "shahzada  khan",
        "CNIC": "1110132516009",
        "ADDRESS": "no"
    },
    "timestamp": "2024-03-31 16:51:01"
}{
    "0": {
        "Mobile": "3156218575",
        "Name": "shahzada  khan",
        "CNIC": "1110132516009",
        "ADDRESS": "no"
    },
    "timestamp": "2024-03-31 16:51:17"
}{
    "0": {
        "Mobile": "3156218575",
        "Name": "shahzada  khan",
        "CNIC": "1110132516009",
        "ADDRESS": "no"
    },
    "timestamp": "2024-03-31 16:53:13"
}{
    "0": {
        "Mobile": "3156218575",
        "Name": "shahzada  khan",
        "CNIC": "1110132516009",
        "ADDRESS": "no"
    },
    "timestamp": "2024-03-31 16:53:19"
}{
    "0": {
        "Mobile": "3156218575",
        "Name": "shahzada  khan",
        "CNIC": "1110132516009",
        "ADDRESS": "no"
    },
    "timestamp": "2024-03-31 16:53:53"
}{
    "0": {
        "Mobile": "3156218574",
        "Name": "DATA NOT RECIEVED FROM NADRA",
        "CNIC": "3240421256443",
        "ADDRESS": "no"
    },
    "timestamp": "2024-03-31 16:54:03"
}{
    "0": {
        "Mobile": "3156218575",
        "Name": "shahzada  khan",
        "CNIC": "1110132516009",
        "ADDRESS": "no"
    },
    "timestamp": "2024-03-31 16:55:08"
}{
    "0": {
        "Mobile": "3036448912",
        "Name": "KALEEM ALLAH",
        "CNIC": "3240333672691",
        "ADDRESS": "ROJHAAN ROJHAAN QADIRA RAJAN PUR"
    },
    "1": {
        "Mobile": "3036448912",
        "Name": "KALEEM ALLAH",
        "CNIC": "3240333672691",
        "ADDRESS": "ROJHAAN ROJHAAN QADIRA RAJAN PUR"
    },
    "timestamp": "2024-03-31 16:56:38"
}{
    "0": {
        "Mobile": "3034718656",
        "Name": "KALEEM ALLAH .",
        "CNIC": "3240333672691",
        "ADDRESS": "ROJHAAN QADIRA RAJAN PUR  RAJAN PUR"
    },
    "1": {
        "Mobile": "3116528656",
        "Name": "kaleem  ullah",
        "CNIC": "3240333672691",
        "ADDRESS": "no"
    },
    "2": {
        "Mobile": "3036448912",
        "Name": "KALEEM ALLAH",
        "CNIC": "3240333672691",
        "ADDRESS": "ROJHAAN ROJHAAN QADIRA RAJAN PUR"
    },
    "timestamp": "2024-03-31 16:56:53"
}{
    "0": {
        "Mobile": "3156218574",
        "Name": "DATA NOT RECIEVED FROM NADRA",
        "CNIC": "3240421256443",
        "ADDRESS": "no"
    },
    "timestamp": "2024-03-31 16:57:06"
}{
    "0": {
        "Mobile": "3156218574",
        "Name": "DATA NOT RECIEVED FROM NADRA",
        "CNIC": "3240421256443",
        "ADDRESS": "no"
    },
    "timestamp": "2024-03-31 16:58:15"
}{
    "0": {
        "Mobile": "3319714796",
        "Name": "RIAZ HUSSAIN",
        "ADDRESS": "UMER KWTRWJHANQADRHRAJN PUR",
        "CNIC": "3240413936407"
    },
    "timestamp": "2024-03-31 16:58:39"
}{
    "0": {
        "Mobile": "3156218575",
        "Name": "shahzada  khan",
        "CNIC": "1110132516009",
        "ADDRESS": "no"
    },
    "timestamp": "2024-03-31 16:58:43"
}{
    "0": {
        "Mobile": "3020734458",
        "Name": "SAGRAN .",
        "CNIC": "4410764827108",
        "ADDRESS": "GAON SENDHAL MANGRIO DAAK KHANA UMER KOT HA SEESAR TEHSIL \/ DISTRICT UMER KOT  PAKISTAN"
    },
    "timestamp": "2024-03-31 16:59:38"
}{
    "0": {
        "Mobile": "3020734456",
        "Name": "MUHAMMAD KALEEM .",
        "CNIC": "3240334312681",
        "ADDRESS": "City MURGHAI Tehsil\/District RAJANPUR  PAKISTAN"
    },
    "timestamp": "2024-03-31 16:59:47"
}{
    "0": {
        "Mobile": "3020734456",
        "Name": "MUHAMMAD KALEEM .",
        "CNIC": "3240334312681",
        "ADDRESS": "City MURGHAI Tehsil\/District RAJANPUR  PAKISTAN"
    },
    "timestamp": "2024-03-31 17:01:10"
}{
    "0": {
        "Mobile": "3020734456",
        "Name": "MUHAMMAD KALEEM .",
        "CNIC": "3240334312681",
        "ADDRESS": "City MURGHAI Tehsil\/District RAJANPUR  PAKISTAN"
    },
    "timestamp": "2024-03-31 17:01:20"
}{
    "0": {
        "Mobile": "3020734456",
        "Name": "MUHAMMAD KALEEM .",
        "CNIC": "3240334312681",
        "ADDRESS": "City MURGHAI Tehsil\/District RAJANPUR  PAKISTAN"
    },
    "timestamp": "2024-03-31 17:01:26"
}{
    "0": {
        "Mobile": "3156218575",
        "Name": "shahzada  khan",
        "CNIC": "1110132516009",
        "ADDRESS": "no"
    },
    "timestamp": "2024-03-31 17:01:53"
}{
    "0": {
        "Mobile": "3156218575",
        "Name": "shahzada  khan",
        "CNIC": "1110132516009",
        "ADDRESS": "no"
    },
    "timestamp": "2024-03-31 17:02:15"
}{
    "0": {
        "Mobile": "3156218575",
        "Name": "shahzada  khan",
        "CNIC": "1110132516009",
        "ADDRESS": "no"
    },
    "timestamp": "2024-03-31 17:02:26"
}{
    "0": {
        "Mobile": "3156218575",
        "Name": "shahzada  khan",
        "CNIC": "1110132516009",
        "ADDRESS": "no"
    },
    "timestamp": "2024-03-31 17:02:40"
}{
    "0": {
        "Mobile": "3156218574",
        "Name": "DATA NOT RECIEVED FROM NADRA",
        "CNIC": "3240421256443",
        "ADDRESS": "no"
    },
    "timestamp": "2024-03-31 17:04:41"
}{
    "0": {
        "Mobile": "3319714796",
        "Name": "RIAZ HUSSAIN",
        "ADDRESS": "UMER KWTRWJHANQADRHRAJN PUR",
        "CNIC": "3240413936407"
    },
    "timestamp": "2024-03-31 17:04:54"
}{
    "timestamp": "2024-03-31 17:05:10"
}{
    "0": {
        "Mobile": "3156218574",
        "Name": "DATA NOT RECIEVED FROM NADRA",
        "CNIC": "3240421256443",
        "ADDRESS": "no"
    },
    "timestamp": "2024-03-31 17:07:25"
}{
    "timestamp": "2024-03-31 17:09:07"
}{
    "0": {
        "Mobile": "3156218575",
        "Name": "shahzada  khan",
        "CNIC": "1110132516009",
        "ADDRESS": "no"
    },
    "timestamp": "2024-03-31 17:10:23"
}{
    "0": {
        "Mobile": "3156218575",
        "Name": "shahzada  khan",
        "CNIC": "1110132516009",
        "ADDRESS": "no"
    },
    "timestamp": "2024-03-31 17:10:34"
}{
    "0": {
        "Mobile": "3156218575",
        "Name": "shahzada  khan",
        "CNIC": "1110132516009",
        "ADDRESS": "no"
    },
    "timestamp": "2024-03-31 17:10:44"
}{
    "0": {
        "Mobile": "3156218574",
        "Name": "DATA NOT RECIEVED FROM NADRA",
        "CNIC": "3240421256443",
        "ADDRESS": "no"
    },
    "timestamp": "2024-03-31 17:11:08"
}{
    "0": {
        "Mobile": "3150934823",
        "Name": "zia ur rahman",
        "CNIC": "1620171897819",
        "ADDRESS": "no"
    },
    "timestamp": "2024-03-31 17:12:22"
}{
    "0": {
        "Mobile": "3095540129",
        "Name": "MUHAMMAD IQBAL",
        "CNIC": "3510230534235",
        "ADDRESS": "KHADIYAAN KHAS KASUR JATYAN KA SUR Lahore"
    },
    "timestamp": "2024-03-31 17:12:22"
}{
    "0": {
        "Mobile": "3156218575",
        "Name": "shahzada  khan",
        "CNIC": "1110132516009",
        "ADDRESS": "no"
    },
    "timestamp": "2024-03-31 17:12:42"
}{
    "0": {
        "Mobile": "3469825582",
        "Name": "NAEEM ALREHMAN",
        "CNIC": "1620109585199",
        "ADDRESS": "YAR HUSSAIN LAHORE MOHALA DAKI CHAM YAR HUSSAIN SA"
    },
    "1": {
        "Mobile": "3469825582",
        "Name": "NAEEM ALREHMAN",
        "CNIC": "1620109585199",
        "ADDRESS": "YAR HUSSAIN LAHORE MOHALA DAKI CHAM YAR HUSSAIN SA"
    },
    "timestamp": "2024-03-31 17:12:56"
}{
    "0": {
        "Mobile": "3095540129",
        "Name": "MUHAMMAD IQBAL",
        "CNIC": "3510230534235",
        "ADDRESS": "KHADIYAAN KHAS KASUR JATYAN KA SUR Lahore"
    },
    "timestamp": "2024-03-31 17:16:19"
}{
    "0": {
        "Mobile": "3156218575",
        "Name": "shahzada  khan",
        "CNIC": "1110132516009",
        "ADDRESS": "no"
    },
    "timestamp": "2024-03-31 17:16:29"
}{
    "0": {
        "Mobile": "3156218575",
        "Name": "shahzada  khan",
        "CNIC": "1110132516009",
        "ADDRESS": "no"
    },
    "timestamp": "2024-03-31 17:16:41"
}{
    "0": {
        "Mobile": "3156218574",
        "Name": "DATA NOT RECIEVED FROM NADRA",
        "CNIC": "3240421256443",
        "ADDRESS": "no"
    },
    "timestamp": "2024-03-31 17:18:55"
}{
    "0": {
        "Mobile": "3156218575",
        "Name": "shahzada  khan",
        "CNIC": "1110132516009",
        "ADDRESS": "no"
    },
    "timestamp": "2024-03-31 17:19:54"
}{
    "0": {
        "Mobile": "3156218575",
        "Name": "shahzada  khan",
        "CNIC": "1110132516009",
        "ADDRESS": "no"
    },
    "timestamp": "2024-03-31 17:20:02"
}{
    "0": {
        "Mobile": "3116528656",
        "Name": "kaleem  ullah",
        "CNIC": "3240333672691",
        "ADDRESS": "no"
    },
    "timestamp": "2024-03-31 17:21:07"
}{
    "0": {
        "Mobile": "3156218575",
        "Name": "shahzada  khan",
        "CNIC": "1110132516009",
        "ADDRESS": "no"
    },
    "timestamp": "2024-03-31 17:23:54"
}{
    "0": {
        "Mobile": "3156218574",
        "Name": "DATA NOT RECIEVED FROM NADRA",
        "CNIC": "3240421256443",
        "ADDRESS": "no"
    },
    "timestamp": "2024-03-31 17:25:06"
}{
    "0": {
        "Mobile": "3156218575",
        "Name": "shahzada  khan",
        "CNIC": "1110132516009",
        "ADDRESS": "no"
    },
    "timestamp": "2024-03-31 17:25:49"
}{
    "0": {
        "Mobile": "3156218575",
        "Name": "shahzada  khan",
        "CNIC": "1110132516009",
        "ADDRESS": "no"
    },
    "timestamp": "2024-03-31 17:25:54"
}{
    "0": {
        "Mobile": "3156218574",
        "Name": "DATA NOT RECIEVED FROM NADRA",
        "CNIC": "3240421256443",
        "ADDRESS": "no"
    },
    "timestamp": "2024-03-31 17:25:56"
}{
    "0": {
        "Mobile": "3156218575",
        "Name": "shahzada  khan",
        "CNIC": "1110132516009",
        "ADDRESS": "no"
    },
    "timestamp": "2024-03-31 17:27:13"
}{
    "0": {
        "Mobile": "3489657654",
        "Name": "MUHAMMAD GHUFRAN",
        "CNIC": "1510165023185",
        "ADDRESS": "BARPALO DAAK KHANA JORH NANSAR TEHSIL DAGAR DISTRI"
    },
    "1": {
        "Mobile": "3489657654",
        "Name": "MUHAMMAD GHUFRAN",
        "CNIC": "1510165023185",
        "ADDRESS": "BARPALO DAAK KHANA JORH NANSAR TEHSIL DAGAR DISTRI"
    },
    "timestamp": "2024-03-31 17:28:34"
}{
    "0": {
        "Mobile": "3095540129",
        "Name": "MUHAMMAD IQBAL",
        "CNIC": "3510230534235",
        "ADDRESS": "KHADIYAAN KHAS KASUR JATYAN KA SUR Lahore"
    },
    "timestamp": "2024-03-31 17:30:10"
}{
    "0": {
        "Mobile": "3095540129",
        "Name": "MUHAMMAD IQBAL",
        "CNIC": "3510230534235",
        "ADDRESS": "KHADIYAAN KHAS KASUR JATYAN KA SUR Lahore"
    },
    "timestamp": "2024-03-31 17:30:15"
}{
    "0": {
        "Mobile": "3444186086",
        "Name": "SHAUKAT ALI",
        "CNIC": "3530190441591",
        "ADDRESS": "Lahore N\/A Lahore"
    },
    "timestamp": "2024-03-31 17:31:09"
}{
    "0": {
        "Mobile": "3444186086",
        "Name": "SHAUKAT ALI",
        "CNIC": "3530190441591",
        "ADDRESS": "Lahore N\/A Lahore"
    },
    "timestamp": "2024-03-31 17:31:14"
}{
    "0": {
        "Mobile": "3444186086",
        "Name": "SHAUKAT ALI",
        "CNIC": "3530190441591",
        "ADDRESS": "Lahore N\/A Lahore"
    },
    "timestamp": "2024-03-31 17:31:20"
}{
    "0": {
        "Mobile": "3020734458",
        "Name": "SAGRAN .",
        "CNIC": "4410764827108",
        "ADDRESS": "GAON SENDHAL MANGRIO DAAK KHANA UMER KOT HA SEESAR TEHSIL \/ DISTRICT UMER KOT  PAKISTAN"
    },
    "timestamp": "2024-03-31 17:31:42"
}{
    "0": {
        "Mobile": "3020734458",
        "Name": "SAGRAN .",
        "CNIC": "4410764827108",
        "ADDRESS": "GAON SENDHAL MANGRIO DAAK KHANA UMER KOT HA SEESAR TEHSIL \/ DISTRICT UMER KOT  PAKISTAN"
    },
    "timestamp": "2024-03-31 17:32:11"
}{
    "0": {
        "Mobile": "3156218575",
        "Name": "shahzada  khan",
        "CNIC": "1110132516009",
        "ADDRESS": "no"
    },
    "timestamp": "2024-03-31 17:32:26"
}{
    "0": {
        "Mobile": "3095540129",
        "Name": "MUHAMMAD IQBAL",
        "CNIC": "3510230534235",
        "ADDRESS": "KHADIYAAN KHAS KASUR JATYAN KA SUR Lahore"
    },
    "timestamp": "2024-03-31 17:32:37"
}{
    "0": {
        "Mobile": "3095540129",
        "Name": "MUHAMMAD IQBAL",
        "CNIC": "3510230534235",
        "ADDRESS": "KHADIYAAN KHAS KASUR JATYAN KA SUR Lahore"
    },
    "timestamp": "2024-03-31 17:37:40"
}{
    "0": {
        "Mobile": "3489657654",
        "Name": "MUHAMMAD GHUFRAN",
        "CNIC": "1510165023185",
        "ADDRESS": "BARPALO DAAK KHANA JORH NANSAR TEHSIL DAGAR DISTRI"
    },
    "1": {
        "Mobile": "3489657654",
        "Name": "MUHAMMAD GHUFRAN",
        "CNIC": "1510165023185",
        "ADDRESS": "BARPALO DAAK KHANA JORH NANSAR TEHSIL DAGAR DISTRI"
    },
    "timestamp": "2024-03-31 17:37:52"
}{
    "0": {
        "Mobile": "3095540128",
        "Name": "MUBARAK ALI",
        "CNIC": "3510175551781",
        "ADDRESS": "MEER KOT  Kasur"
    },
    "timestamp": "2024-03-31 17:40:19"
}{
    "0": {
        "Mobile": "3247026497",
        "Name": "ALI AKHTAR",
        "CNIC": "3240429776625",
        "ADDRESS": "KHAS UMER KOT THL ROJHAN DIST RAJANPUR  Pakistan"
    },
    "timestamp": "2024-03-31 17:40:28"
}{
    "0": {
        "Mobile": "3247026497",
        "Name": "ALI AKHTAR",
        "CNIC": "3240429776625",
        "ADDRESS": "KHAS UMER KOT THL ROJHAN DIST RAJANPUR  Pakistan"
    },
    "1": {
        "Mobile": "3363896345",
        "Name": "ALI AKHTAR",
        "ADDRESS": "DAAK KHANA KHAS UMER KOT TEHSI",
        "CNIC": "3240429776625"
    },
    "timestamp": "2024-03-31 17:40:40"
}{
    "0": {
        "Mobile": "3363896345",
        "Name": "ALI AKHTAR",
        "ADDRESS": "DAAK KHANA KHAS UMER KOT TEHSI",
        "CNIC": "3240429776625"
    },
    "timestamp": "2024-03-31 17:40:52"
}{
    "0": {
        "Mobile": "3116528656",
        "Name": "kaleem  ullah",
        "CNIC": "3240333672691",
        "ADDRESS": "no"
    },
    "timestamp": "2024-03-31 17:41:03"
}{
    "0": {
        "Mobile": "3156218574",
        "Name": "DATA NOT RECIEVED FROM NADRA",
        "CNIC": "3240421256443",
        "ADDRESS": "no"
    },
    "timestamp": "2024-03-31 17:44:12"
}{
    "msg": "Not allowed",
    "timestamp": "2024-03-31 17:44:24"
}{
    "msg": "Not allowed",
    "timestamp": "2024-03-31 17:44:53"
}{
    "0": {
        "Mobile": "3156218575",
        "Name": "shahzada  khan",
        "CNIC": "1110132516009",
        "ADDRESS": "no"
    },
    "timestamp": "2024-03-31 17:49:58"
}{
    "0": {
        "Mobile": "3156218575",
        "Name": "shahzada  khan",
        "CNIC": "1110132516009",
        "ADDRESS": "no"
    },
    "timestamp": "2024-03-31 17:50:04"
}{
    "0": {
        "Mobile": "3156218575",
        "Name": "shahzada  khan",
        "CNIC": "1110132516009",
        "ADDRESS": "no"
    },
    "timestamp": "2024-03-31 17:51:58"
}{
    "0": {
        "Mobile": "3319714796",
        "Name": "RIAZ HUSSAIN",
        "ADDRESS": "UMER KWTRWJHANQADRHRAJN PUR",
        "CNIC": "3240413936407"
    },
    "timestamp": "2024-03-31 17:52:15"
}{
    "0": {
        "Mobile": "3156218575",
        "Name": "shahzada  khan",
        "CNIC": "1110132516009",
        "ADDRESS": "no"
    },
    "timestamp": "2024-03-31 17:54:56"
}{
    "0": {
        "Mobile": "3156218575",
        "Name": "shahzada  khan",
        "CNIC": "1110132516009",
        "ADDRESS": "no"
    },
    "timestamp": "2024-03-31 17:55:00"
}{
    "0": {
        "Mobile": "3020734458",
        "Name": "SAGRAN .",
        "CNIC": "4410764827108",
        "ADDRESS": "GAON SENDHAL MANGRIO DAAK KHANA UMER KOT HA SEESAR TEHSIL \/ DISTRICT UMER KOT  PAKISTAN"
    },
    "timestamp": "2024-03-31 17:55:13"
}{
    "0": {
        "Mobile": "3020734458",
        "Name": "SAGRAN .",
        "CNIC": "4410764827108",
        "ADDRESS": "GAON SENDHAL MANGRIO DAAK KHANA UMER KOT HA SEESAR TEHSIL \/ DISTRICT UMER KOT  PAKISTAN"
    },
    "timestamp": "2024-03-31 18:01:09"
}{
    "0": {
        "Mobile": "3020734458",
        "Name": "SAGRAN .",
        "CNIC": "4410764827108",
        "ADDRESS": "GAON SENDHAL MANGRIO DAAK KHANA UMER KOT HA SEESAR TEHSIL \/ DISTRICT UMER KOT  PAKISTAN"
    },
    "timestamp": "2024-03-31 18:04:00"
}{
    "0": {
        "Mobile": "3020734458",
        "Name": "SAGRAN .",
        "CNIC": "4410764827108",
        "ADDRESS": "GAON SENDHAL MANGRIO DAAK KHANA UMER KOT HA SEESAR TEHSIL \/ DISTRICT UMER KOT  PAKISTAN"
    },
    "timestamp": "2024-03-31 18:04:46"
}{
    "0": {
        "Mobile": "3020734458",
        "Name": "SAGRAN .",
        "CNIC": "4410764827108",
        "ADDRESS": "GAON SENDHAL MANGRIO DAAK KHANA UMER KOT HA SEESAR TEHSIL \/ DISTRICT UMER KOT  PAKISTAN"
    },
    "timestamp": "2024-03-31 18:05:55"
}{
    "0": {
        "Mobile": "3095540129",
        "Name": "MUHAMMAD IQBAL",
        "CNIC": "3510230534235",
        "ADDRESS": "KHADIYAAN KHAS KASUR JATYAN KA SUR Lahore"
    },
    "timestamp": "2024-03-31 18:06:54"
}{
    "0": {
        "Mobile": "3095540129",
        "Name": "MUHAMMAD IQBAL",
        "CNIC": "3510230534235",
        "ADDRESS": "KHADIYAAN KHAS KASUR JATYAN KA SUR Lahore"
    },
    "timestamp": "2024-03-31 18:07:02"
}{
    "0": {
        "Mobile": "3156218574",
        "Name": "DATA NOT RECIEVED FROM NADRA",
        "CNIC": "3240421256443",
        "ADDRESS": "no"
    },
    "timestamp": "2024-03-31 18:07:17"
}{
    "0": {
        "Mobile": "3020734458",
        "Name": "SAGRAN .",
        "CNIC": "4410764827108",
        "ADDRESS": "GAON SENDHAL MANGRIO DAAK KHANA UMER KOT HA SEESAR TEHSIL \/ DISTRICT UMER KOT  PAKISTAN"
    },
    "timestamp": "2024-03-31 18:07:35"
}{
    "0": {
        "Mobile": "3156218575",
        "Name": "shahzada  khan",
        "CNIC": "1110132516009",
        "ADDRESS": "no"
    },
    "timestamp": "2024-03-31 18:08:57"
}{
    "0": {
        "Mobile": "3020734458",
        "Name": "SAGRAN .",
        "CNIC": "4410764827108",
        "ADDRESS": "GAON SENDHAL MANGRIO DAAK KHANA UMER KOT HA SEESAR TEHSIL \/ DISTRICT UMER KOT  PAKISTAN"
    },
    "timestamp": "2024-03-31 18:09:06"
}{
    "0": {
        "Mobile": "3020734458",
        "Name": "SAGRAN .",
        "CNIC": "4410764827108",
        "ADDRESS": "GAON SENDHAL MANGRIO DAAK KHANA UMER KOT HA SEESAR TEHSIL \/ DISTRICT UMER KOT  PAKISTAN"
    },
    "timestamp": "2024-03-31 18:09:16"
}{
    "0": {
        "Mobile": "3095540129",
        "Name": "MUHAMMAD IQBAL",
        "CNIC": "3510230534235",
        "ADDRESS": "KHADIYAAN KHAS KASUR JATYAN KA SUR Lahore"
    },
    "timestamp": "2024-03-31 18:11:21"
}{
    "0": {
        "Mobile": "3156218575",
        "Name": "shahzada  khan",
        "CNIC": "1110132516009",
        "ADDRESS": "no"
    },
    "timestamp": "2024-03-31 18:12:12"
}{
    "0": {
        "Mobile": "3156218574",
        "Name": "DATA NOT RECIEVED FROM NADRA",
        "CNIC": "3240421256443",
        "ADDRESS": "no"
    },
    "timestamp": "2024-03-31 18:15:52"
}{
    "0": {
        "Mobile": "3363896345",
        "Name": "ALI AKHTAR",
        "ADDRESS": "DAAK KHANA KHAS UMER KOT TEHSI",
        "CNIC": "3240429776625"
    },
    "timestamp": "2024-03-31 18:16:14"
}{
    "0": {
        "Mobile": "3247026497",
        "Name": "ALI AKHTAR",
        "CNIC": "3240429776625",
        "ADDRESS": "KHAS UMER KOT THL ROJHAN DIST RAJANPUR  Pakistan"
    },
    "1": {
        "Mobile": "3363896345",
        "Name": "ALI AKHTAR",
        "ADDRESS": "DAAK KHANA KHAS UMER KOT TEHSI",
        "CNIC": "3240429776625"
    },
    "timestamp": "2024-03-31 18:16:29"
}{
    "0": {
        "Mobile": "3489657654",
        "Name": "MUHAMMAD GHUFRAN",
        "CNIC": "1510165023185",
        "ADDRESS": "BARPALO DAAK KHANA JORH NANSAR TEHSIL DAGAR DISTRI"
    },
    "1": {
        "Mobile": "3489657654",
        "Name": "MUHAMMAD GHUFRAN",
        "CNIC": "1510165023185",
        "ADDRESS": "BARPALO DAAK KHANA JORH NANSAR TEHSIL DAGAR DISTRI"
    },
    "timestamp": "2024-03-31 18:16:41"
}{
    "0": {
        "Mobile": "3095540129",
        "Name": "MUHAMMAD IQBAL",
        "CNIC": "3510230534235",
        "ADDRESS": "KHADIYAAN KHAS KASUR JATYAN KA SUR Lahore"
    },
    "timestamp": "2024-03-31 18:16:51"
}{
    "0": {
        "Mobile": "3247026497",
        "Name": "ALI AKHTAR",
        "CNIC": "3240429776625",
        "ADDRESS": "KHAS UMER KOT THL ROJHAN DIST RAJANPUR  Pakistan"
    },
    "timestamp": "2024-03-31 18:17:00"
}{
    "0": {
        "Mobile": "3156218575",
        "Name": "shahzada  khan",
        "CNIC": "1110132516009",
        "ADDRESS": "no"
    },
    "timestamp": "2024-03-31 18:17:06"
}{
    "0": {
        "Mobile": "3020734458",
        "Name": "SAGRAN .",
        "CNIC": "4410764827108",
        "ADDRESS": "GAON SENDHAL MANGRIO DAAK KHANA UMER KOT HA SEESAR TEHSIL \/ DISTRICT UMER KOT  PAKISTAN"
    },
    "timestamp": "2024-03-31 18:17:16"
}{
    "0": {
        "Mobile": "3095540128",
        "Name": "MUBARAK ALI",
        "CNIC": "3510175551781",
        "ADDRESS": "MEER KOT  Kasur"
    },
    "timestamp": "2024-03-31 18:20:24"
}{
    "0": {
        "Mobile": "3156218574",
        "Name": "DATA NOT RECIEVED FROM NADRA",
        "CNIC": "3240421256443",
        "ADDRESS": "no"
    },
    "timestamp": "2024-03-31 18:20:48"
}{
    "0": {
        "Mobile": "3073331366",
        "Name": "ALLIED BANK Branches",
        "CNIC": "0",
        "ADDRESS": "MOHALA KAMAL KHAIL  PO COLONY S Mardan"
    },
    "1": {
        "Mobile": "3080255441",
        "Name": "JSK Feeds Limited",
        "CNIC": "0",
        "ADDRESS": "House No.12, Street No.34, F-7\/1, Islamabad Islamabad"
    },
    "2": {
        "Mobile": "3073331366",
        "Name": "ALLIED BANK Branches",
        "CNIC": "0",
        "ADDRESS": "MOHALA KAMAL KHAIL  PO COLONY S Mardan"
    },
    "3": {
        "Mobile": "3080255441",
        "Name": "JSK Feeds Limited",
        "CNIC": "0",
        "ADDRESS": "House No.12, Street No.34, F-7\/1, Islamabad Islamabad"
    },
    "4": {
        "Mobile": "3081274063",
        "Name": "Bykea Technologies-Riders 178966",
        "CNIC": "0",
        "ADDRESS": "14th Floor Chapal Plaza hasrat  Mohani road Karachi"
    },
    "5": {
        "Mobile": "3081272202",
        "Name": "Bykea Technologies-Riders-178963",
        "CNIC": "0",
        "ADDRESS": "14th Floor Chapal Plaza hasrat Mohani road Karachi. Karachi"
    },
    "6": {
        "Mobile": "3081273317",
        "Name": "Bykea Technologies-Riders-178965",
        "CNIC": "0",
        "ADDRESS": "4th Floor Chapal Plaza hasrat  Mohani road Karachi... Karachi"
    },
    "7": {
        "Mobile": "3081274063",
        "Name": "Bykea Technologies-Riders 178966",
        "CNIC": "0",
        "ADDRESS": "14th Floor Chapal Plaza hasrat  Mohani road Karachi"
    },
    "8": {
        "Mobile": "3081272202",
        "Name": "Bykea Technologies-Riders-178963",
        "CNIC": "0",
        "ADDRESS": "14th Floor Chapal Plaza hasrat Mohani road Karachi. Karachi"
    },
    "9": {
        "Mobile": "3081273317",
        "Name": "Bykea Technologies-Riders-178965",
        "CNIC": "0",
        "ADDRESS": "4th Floor Chapal Plaza hasrat  Mohani road Karachi... Karachi"
    },
    "10": {
        "Mobile": "2134810180",
        "Name": "SYED AHMED ZEESHAN JAFRI",
        "ADDRESS": "A\/2 PLOT-14 FL-4 G\/FLOOR, BLOCK-5, GULSHAN-E-IQBAL KARACHI, NOT IN ID FILE",
        "CNIC": "0"
    },
    "11": {
        "Mobile": "2134810180",
        "Name": "SYED AHMED ZEESHAN JAFRI",
        "ADDRESS": "A\/2 PLOT-14 FL-4 G\/FLOOR, BLOCK-5, GULSHAN-E-IQBAL KARACHI, NOT IN ID FILE",
        "CNIC": "0"
    },
    "12": {
        "Mobile": "3334354116",
        "Name": "SHAHID BASHIR BUTT",
        "ADDRESS": "",
        "CNIC": ""
    },
    "13": {
        "Mobile": "3332141824",
        "Name": "PREM CHAND",
        "ADDRESS": "",
        "CNIC": ""
    },
    "14": {
        "Mobile": "3339625227",
        "Name": "TAJ MOHAMMAD",
        "ADDRESS": "VILLA GE SANIBUNHAT",
        "CNIC": ""
    },
    "15": {
        "Mobile": "3332273381",
        "Name": "MAJEED SHARF",
        "ADDRESS": "",
        "CNIC": ""
    },
    "16": {
        "Mobile": "3339161307",
        "Name": "ILYAS KHAN",
        "ADDRESS": "MUZOW P\/O TARANGZAI",
        "CNIC": ""
    },
    "17": {
        "Mobile": "3332186785",
        "Name": "MUHAMMAD SHAKIL",
        "ADDRESS": "",
        "CNIC": ""
    },
    "18": {
        "Mobile": "3339625743",
        "Name": "SAJEED GUL",
        "ADDRESS": "CADET COOLLGEPINDI ROAD",
        "CNIC": ""
    },
    "timestamp": "2024-03-31 18:20:55"
}{
    "0": {
        "Mobile": "3073331366",
        "Name": "ALLIED BANK Branches",
        "CNIC": "0",
        "ADDRESS": "MOHALA KAMAL KHAIL  PO COLONY S Mardan"
    },
    "1": {
        "Mobile": "3080255441",
        "Name": "JSK Feeds Limited",
        "CNIC": "0",
        "ADDRESS": "House No.12, Street No.34, F-7\/1, Islamabad Islamabad"
    },
    "2": {
        "Mobile": "3073331366",
        "Name": "ALLIED BANK Branches",
        "CNIC": "0",
        "ADDRESS": "MOHALA KAMAL KHAIL  PO COLONY S Mardan"
    },
    "3": {
        "Mobile": "3080255441",
        "Name": "JSK Feeds Limited",
        "CNIC": "0",
        "ADDRESS": "House No.12, Street No.34, F-7\/1, Islamabad Islamabad"
    },
    "4": {
        "Mobile": "3081274063",
        "Name": "Bykea Technologies-Riders 178966",
        "CNIC": "0",
        "ADDRESS": "14th Floor Chapal Plaza hasrat  Mohani road Karachi"
    },
    "5": {
        "Mobile": "3081272202",
        "Name": "Bykea Technologies-Riders-178963",
        "CNIC": "0",
        "ADDRESS": "14th Floor Chapal Plaza hasrat Mohani road Karachi. Karachi"
    },
    "6": {
        "Mobile": "3081273317",
        "Name": "Bykea Technologies-Riders-178965",
        "CNIC": "0",
        "ADDRESS": "4th Floor Chapal Plaza hasrat  Mohani road Karachi... Karachi"
    },
    "7": {
        "Mobile": "3081274063",
        "Name": "Bykea Technologies-Riders 178966",
        "CNIC": "0",
        "ADDRESS": "14th Floor Chapal Plaza hasrat  Mohani road Karachi"
    },
    "8": {
        "Mobile": "3081272202",
        "Name": "Bykea Technologies-Riders-178963",
        "CNIC": "0",
        "ADDRESS": "14th Floor Chapal Plaza hasrat Mohani road Karachi. Karachi"
    },
    "9": {
        "Mobile": "3081273317",
        "Name": "Bykea Technologies-Riders-178965",
        "CNIC": "0",
        "ADDRESS": "4th Floor Chapal Plaza hasrat  Mohani road Karachi... Karachi"
    },
    "10": {
        "Mobile": "2134810180",
        "Name": "SYED AHMED ZEESHAN JAFRI",
        "ADDRESS": "A\/2 PLOT-14 FL-4 G\/FLOOR, BLOCK-5, GULSHAN-E-IQBAL KARACHI, NOT IN ID FILE",
        "CNIC": "0"
    },
    "11": {
        "Mobile": "2134810180",
        "Name": "SYED AHMED ZEESHAN JAFRI",
        "ADDRESS": "A\/2 PLOT-14 FL-4 G\/FLOOR, BLOCK-5, GULSHAN-E-IQBAL KARACHI, NOT IN ID FILE",
        "CNIC": "0"
    },
    "12": {
        "Mobile": "3334354116",
        "Name": "SHAHID BASHIR BUTT",
        "ADDRESS": "",
        "CNIC": ""
    },
    "13": {
        "Mobile": "3332141824",
        "Name": "PREM CHAND",
        "ADDRESS": "",
        "CNIC": ""
    },
    "14": {
        "Mobile": "3339625227",
        "Name": "TAJ MOHAMMAD",
        "ADDRESS": "VILLA GE SANIBUNHAT",
        "CNIC": ""
    },
    "15": {
        "Mobile": "3332273381",
        "Name": "MAJEED SHARF",
        "ADDRESS": "",
        "CNIC": ""
    },
    "16": {
        "Mobile": "3339161307",
        "Name": "ILYAS KHAN",
        "ADDRESS": "MUZOW P\/O TARANGZAI",
        "CNIC": ""
    },
    "17": {
        "Mobile": "3332186785",
        "Name": "MUHAMMAD SHAKIL",
        "ADDRESS": "",
        "CNIC": ""
    },
    "18": {
        "Mobile": "3339625743",
        "Name": "SAJEED GUL",
        "ADDRESS": "CADET COOLLGEPINDI ROAD",
        "CNIC": ""
    },
    "timestamp": "2024-03-31 18:21:10"
}{
    "0": {
        "Mobile": "3020734458",
        "Name": "SAGRAN .",
        "CNIC": "4410764827108",
        "ADDRESS": "GAON SENDHAL MANGRIO DAAK KHANA UMER KOT HA SEESAR TEHSIL \/ DISTRICT UMER KOT  PAKISTAN"
    },
    "timestamp": "2024-03-31 18:21:52"
}{
    "0": {
        "Mobile": "3020734458",
        "Name": "SAGRAN .",
        "CNIC": "4410764827108",
        "ADDRESS": "GAON SENDHAL MANGRIO DAAK KHANA UMER KOT HA SEESAR TEHSIL \/ DISTRICT UMER KOT  PAKISTAN"
    },
    "timestamp": "2024-03-31 18:22:46"
}{
    "0": {
        "Mobile": "3020734458",
        "Name": "SAGRAN .",
        "CNIC": "4410764827108",
        "ADDRESS": "GAON SENDHAL MANGRIO DAAK KHANA UMER KOT HA SEESAR TEHSIL \/ DISTRICT UMER KOT  PAKISTAN"
    },
    "timestamp": "2024-03-31 18:23:24"
}{
    "0": {
        "Mobile": "3020734458",
        "Name": "SAGRAN .",
        "CNIC": "4410764827108",
        "ADDRESS": "GAON SENDHAL MANGRIO DAAK KHANA UMER KOT HA SEESAR TEHSIL \/ DISTRICT UMER KOT  PAKISTAN"
    },
    "timestamp": "2024-03-31 18:23:43"
}{
    "0": {
        "Mobile": "3020734458",
        "Name": "SAGRAN .",
        "CNIC": "4410764827108",
        "ADDRESS": "GAON SENDHAL MANGRIO DAAK KHANA UMER KOT HA SEESAR TEHSIL \/ DISTRICT UMER KOT  PAKISTAN"
    },
    "timestamp": "2024-03-31 18:24:09"
}{
    "msg": "Not allowed",
    "timestamp": "2024-03-31 18:24:10"
}{
    "0": {
        "Mobile": "3020734458",
        "Name": "SAGRAN .",
        "CNIC": "4410764827108",
        "ADDRESS": "GAON SENDHAL MANGRIO DAAK KHANA UMER KOT HA SEESAR TEHSIL \/ DISTRICT UMER KOT  PAKISTAN"
    },
    "timestamp": "2024-03-31 18:25:48"
}{
    "0": {
        "Mobile": "3020734458",
        "Name": "SAGRAN .",
        "CNIC": "4410764827108",
        "ADDRESS": "GAON SENDHAL MANGRIO DAAK KHANA UMER KOT HA SEESAR TEHSIL \/ DISTRICT UMER KOT  PAKISTAN"
    },
    "timestamp": "2024-03-31 18:25:52"
}{
    "0": {
        "Mobile": "3020734458",
        "Name": "SAGRAN .",
        "CNIC": "4410764827108",
        "ADDRESS": "GAON SENDHAL MANGRIO DAAK KHANA UMER KOT HA SEESAR TEHSIL \/ DISTRICT UMER KOT  PAKISTAN"
    },
    "timestamp": "2024-03-31 18:26:07"
}{
    "0": {
        "Mobile": "3020734458",
        "Name": "SAGRAN .",
        "CNIC": "4410764827108",
        "ADDRESS": "GAON SENDHAL MANGRIO DAAK KHANA UMER KOT HA SEESAR TEHSIL \/ DISTRICT UMER KOT  PAKISTAN"
    },
    "timestamp": "2024-03-31 18:27:10"
}{
    "0": {
        "Mobile": "3020734458",
        "Name": "SAGRAN .",
        "CNIC": "4410764827108",
        "ADDRESS": "GAON SENDHAL MANGRIO DAAK KHANA UMER KOT HA SEESAR TEHSIL \/ DISTRICT UMER KOT  PAKISTAN"
    },
    "timestamp": "2024-03-31 18:28:10"
}{
    "0": {
        "Mobile": "3020734458",
        "Name": "SAGRAN .",
        "CNIC": "4410764827108",
        "ADDRESS": "GAON SENDHAL MANGRIO DAAK KHANA UMER KOT HA SEESAR TEHSIL \/ DISTRICT UMER KOT  PAKISTAN"
    },
    "timestamp": "2024-03-31 18:28:46"
}{
    "0": {
        "Mobile": "3095540129",
        "Name": "MUHAMMAD IQBAL",
        "CNIC": "3510230534235",
        "ADDRESS": "KHADIYAAN KHAS KASUR JATYAN KA SUR Lahore"
    },
    "timestamp": "2024-03-31 18:30:22"
}{
    "0": {
        "Mobile": "3020734458",
        "Name": "SAGRAN .",
        "CNIC": "4410764827108",
        "ADDRESS": "GAON SENDHAL MANGRIO DAAK KHANA UMER KOT HA SEESAR TEHSIL \/ DISTRICT UMER KOT  PAKISTAN"
    },
    "timestamp": "2024-03-31 18:31:24"
}{
    "0": {
        "Mobile": "3020734458",
        "Name": "SAGRAN .",
        "CNIC": "4410764827108",
        "ADDRESS": "GAON SENDHAL MANGRIO DAAK KHANA UMER KOT HA SEESAR TEHSIL \/ DISTRICT UMER KOT  PAKISTAN"
    },
    "timestamp": "2024-03-31 18:31:35"
}{
    "0": {
        "Mobile": "3156218575",
        "Name": "shahzada  khan",
        "CNIC": "1110132516009",
        "ADDRESS": "no"
    },
    "timestamp": "2024-03-31 18:31:48"
}{
    "0": {
        "Mobile": "3095540129",
        "Name": "MUHAMMAD IQBAL",
        "CNIC": "3510230534235",
        "ADDRESS": "KHADIYAAN KHAS KASUR JATYAN KA SUR Lahore"
    },
    "timestamp": "2024-03-31 18:32:25"
}{
    "0": {
        "Mobile": "3077079105",
        "Name": "MUHAMMAD IQBAL",
        "CNIC": "3510230534235",
        "ADDRESS": "KHADIYAAN KHAS KASUR JATYAN KA SUR Lahore"
    },
    "1": {
        "Mobile": "3095540129",
        "Name": "MUHAMMAD IQBAL",
        "CNIC": "3510230534235",
        "ADDRESS": "KHADIYAAN KHAS KASUR JATYAN KA SUR Lahore"
    },
    "timestamp": "2024-03-31 18:32:33"
}{
    "0": {
        "Mobile": "3247026497",
        "Name": "ALI AKHTAR",
        "CNIC": "3240429776625",
        "ADDRESS": "KHAS UMER KOT THL ROJHAN DIST RAJANPUR  Pakistan"
    },
    "timestamp": "2024-03-31 18:32:44"
}{
    "0": {
        "Mobile": "3247026497",
        "Name": "ALI AKHTAR",
        "CNIC": "3240429776625",
        "ADDRESS": "KHAS UMER KOT THL ROJHAN DIST RAJANPUR  Pakistan"
    },
    "1": {
        "Mobile": "3363896345",
        "Name": "ALI AKHTAR",
        "ADDRESS": "DAAK KHANA KHAS UMER KOT TEHSI",
        "CNIC": "3240429776625"
    },
    "timestamp": "2024-03-31 18:32:52"
}{
    "0": {
        "Mobile": "3363896345",
        "Name": "ALI AKHTAR",
        "ADDRESS": "DAAK KHANA KHAS UMER KOT TEHSI",
        "CNIC": "3240429776625"
    },
    "timestamp": "2024-03-31 18:33:00"
}{
    "0": {
        "Mobile": "3336218574",
        "CNIC": null
    },
    "timestamp": "2024-03-31 18:33:13"
}{
    "0": {
        "Mobile": "3156218574",
        "Name": "DATA NOT RECIEVED FROM NADRA",
        "CNIC": "3240421256443",
        "ADDRESS": "no"
    },
    "timestamp": "2024-03-31 18:33:42"
}{
    "0": {
        "Mobile": "3017940341",
        "Name": "MUHAMMAD HAFEEZ",
        "CNIC": "3240421256443",
        "ADDRESS": "MOZA QADRA P\/O MURGAI ROJAH UCH Sharif"
    },
    "1": {
        "Mobile": "3106509544",
        "Name": "DATA NOT RECIEVED FROM NADRA",
        "CNIC": "3240421256443",
        "ADDRESS": "no"
    },
    "2": {
        "Mobile": "3156218574",
        "Name": "DATA NOT RECIEVED FROM NADRA",
        "CNIC": "3240421256443",
        "ADDRESS": "no"
    },
    "3": {
        "Mobile": "3456150393",
        "Name": "MUHAMMAD HAFEEZ",
        "CNIC": "3240421256443",
        "ADDRESS": "MURGHAI ROJHAAN MOZU QADIRA RAJAN PUR"
    },
    "timestamp": "2024-03-31 18:33:55"
}{
    "0": {
        "Mobile": "3456150393",
        "Name": "MUHAMMAD HAFEEZ",
        "CNIC": "3240421256443",
        "ADDRESS": "MURGHAI ROJHAAN MOZU QADIRA RAJAN PUR"
    },
    "timestamp": "2024-03-31 18:34:05"
}{
    "0": {
        "Mobile": "3034718656",
        "Name": "KALEEM ALLAH .",
        "CNIC": "3240333672691",
        "ADDRESS": "ROJHAAN QADIRA RAJAN PUR  RAJAN PUR"
    },
    "1": {
        "Mobile": "3116528656",
        "Name": "kaleem  ullah",
        "CNIC": "3240333672691",
        "ADDRESS": "no"
    },
    "2": {
        "Mobile": "3036448912",
        "Name": "KALEEM ALLAH",
        "CNIC": "3240333672691",
        "ADDRESS": "ROJHAAN ROJHAAN QADIRA RAJAN PUR"
    },
    "timestamp": "2024-03-31 18:34:36"
}{
    "0": {
        "Mobile": "3034718656",
        "Name": "KALEEM ALLAH .",
        "CNIC": "3240333672691",
        "ADDRESS": "ROJHAAN QADIRA RAJAN PUR  RAJAN PUR"
    },
    "timestamp": "2024-03-31 18:34:55"
}{
    "0": {
        "Mobile": "3326717619",
        "Name": "ARBAB ZADI",
        "ADDRESS": "FAREED ABAD TEHSIL MEHARH DIST",
        "CNIC": "4120567704844"
    },
    "timestamp": "2024-03-31 18:38:53"
}{
    "msg": "Not allowed",
    "timestamp": "2024-03-31 18:39:59"
}{
    "msg": "Not allowed",
    "timestamp": "2024-03-31 18:40:11"
}{
    "msg": "Not allowed",
    "timestamp": "2024-03-31 18:40:41"
}{
    "msg": "Not allowed",
    "timestamp": "2024-03-31 18:41:09"
}{
    "0": {
        "Mobile": "3067375679",
        "Name": "FARZANA REHMAN .",
        "CNIC": "3540159793858",
        "ADDRESS": ", khas  Pakistan"
    },
    "timestamp": "2024-03-31 18:52:06"
}{
    "msg": "Not allowed",
    "timestamp": "2024-03-31 18:57:54"
}{
    "0": {
        "Mobile": "3047996015",
        "Name": "PARIHA SHAMAS .",
        "CNIC": "3310238348086",
        "ADDRESS": "House No 66 Gali No 9 ghazia abad no 2 City FAISALABAD Tehsil FAISALABAD CITY District FAISALABAD"
    },
    "timestamp": "2024-03-31 19:24:40"
}{
    "msg": "Not allowed",
    "timestamp": "2024-03-31 23:52:21"
}